Timestamp,Machine_ID,Run_ID,Mode,BENEFIT_TO_COST_RATIO,COST,NUM_IGSS,NUM_UC,NUM_D,NUM_ROUNDS,INITIAL_ENDOWMENT,ENDOWMENT_FRACTION,EXECUTION_ERROR_RATE,PERCEPTION_ERROR_RATE,POP_SIZE,MAX_GENS,PARSIMONY_TAX,CXPB,MUTPB,TOURNAMENT_SIZE,HOF_SIZE,INIT_METHOD,TREE_MIN_DEPTH,TREE_MAX_DEPTH,STATIC_DEPTH_LIMIT,SEED,CONFIG_GROUP,REPETITION,Best_Act_Raw,Best_Act_SymPy,Identified_Action,Best_Ass_Raw,Best_Ass_SymPy,Identified_Assessment,iGSS_Max_Fitness,iGSS_Avg_Fitness,UC_Fitness,D_Fitness,Control_Baseline
2026-05-04_09-01,Local_VSCode,DR3_Config_1_R1,Direct Reciprocity Mode 3 (Co-Evolution),2,1,10,0,0,10,1,0.5,0.0,0.0,10,100,0.1,0.5,0.2,3,1,genHalfAndHalf,1,3,17,42,Config_1,1,"mul(-1, -10)",10,Unconditional Cooperator (ALL-C),"add(DonorAction, 10)",DonorAction + 10,Paranoid (Remember Everyone),10.0,10.0,0.0,0.0,10.0
2026-05-04_09-01,Local_VSCode,DR3_Config_1_R2,Direct Reciprocity Mode 3 (Co-Evolution),2,1,10,0,0,10,1,0.5,0.0,0.0,10,100,0.1,0.5,0.2,3,1,genHalfAndHalf,1,3,17,43,Config_1,2,"add(10, PartnerInMemory)",PartnerInMemory + 10,Unconditional Cooperator (ALL-C),"add(DonorAction, DonorAction)",2*DonorAction,"Novel Mem: (True, True, False, False)",10.0,10.0,0.0,0.0,10.0
2026-05-04_09-01,Local_VSCode,DR3_Config_1_R3,Direct Reciprocity Mode 3 (Co-Evolution),2,1,10,0,0,10,1,0.5,0.0,0.0,10,100,0.1,0.5,0.2,3,1,genHalfAndHalf,1,3,17,44,Config_1,3,"add(10, PartnerInMemory)",PartnerInMemory + 10,Unconditional Cooperator (ALL-C),"add(10, 1)",11,Paranoid (Remember Everyone),10.0,9.0,0.0,0.0,10.0
2026-05-04_09-01,Local_VSCode,DR3_Config_1_R4,Direct Reciprocity Mode 3 (Co-Evolution),2,1,10,0,0,10,1,0.5,0.0,0.0,10,100,0.1,0.5,0.2,3,1,genHalfAndHalf,1,3,17,45,Config_1,4,"add(0, 1)",1,Unconditional Cooperator (ALL-C),"add(-10, -10)",-20,Amnesia (Remember No One),10.0,10.0,0.0,0.0,10.0
2026-05-04_09-01,Local_VSCode,DR3_Config_1_R5,Direct Reciprocity Mode 3 (Co-Evolution),2,1,10,0,0,10,1,0.5,0.0,0.0,10,100,0.1,0.5,0.2,3,1,genHalfAndHalf,1,3,17,46,Config_1,5,"mul(-10, -10)",100,Unconditional Cooperator (ALL-C),"add(DonorInMemory, DonorAction)",DonorAction + DonorInMemory,"Novel Mem: (True, True, True, False)",10.0,9.0,0.0,0.0,10.0
2026-05-04_09-01,Local_VSCode,DR3_Config_2_R1,Direct Reciprocity Mode 3 (Co-Evolution),2,1,10,0,0,10,1,0.5,0.0,0.0,10,100,0.1,0.5,0.2,3,1,genHalfAndHalf,1,10,17,1042,Config_2,1,"add(10, 10)",20,Unconditional Cooperator (ALL-C),"add(DonorInMemory, DonorInMemory)",2*DonorInMemory,Sticky Memory (Ignore actions entirely),10.0,9.0,0.0,0.0,10.0
2026-05-04_09-01,Local_VSCode,DR3_Config_2_R2,Direct Reciprocity Mode 3 (Co-Evolution),2,1,10,0,0,10,1,0.5,0.0,0.0,10,100,0.1,0.5,0.2,3,1,genHalfAndHalf,1,10,17,1043,Config_2,2,"mul(10, 10)",100,Unconditional Cooperator (ALL-C),"add(DonorAction, 1)",DonorAction + 1,Paranoid (Remember Everyone),10.0,8.0,0.0,0.0,10.0
2026-05-04_09-01,Local_VSCode,DR3_Config_2_R3,Direct Reciprocity Mode 3 (Co-Evolution),2,1,10,0,0,10,1,0.5,0.0,0.0,10,100,0.1,0.5,0.2,3,1,genHalfAndHalf,1,10,17,1044,Config_2,3,"sub(10, PartnerInMemory)",10 - PartnerInMemory,Unconditional Cooperator (ALL-C),"add(DonorAction, 0)",DonorAction,"Novel Mem: (True, True, False, False)",10.0,8.0,0.0,0.0,10.0
2026-05-04_09-01,Local_VSCode,DR3_Config_2_R4,Direct Reciprocity Mode 3 (Co-Evolution),2,1,10,0,0,10,1,0.5,0.0,0.0,10,100,0.1,0.5,0.2,3,1,genHalfAndHalf,1,10,17,1045,Config_2,4,"sub(PartnerInMemory, -1)",PartnerInMemory + 1,Unconditional Cooperator (ALL-C),"add(0, DonorInMemory)",DonorInMemory,Sticky Memory (Ignore actions entirely),10.0,10.0,0.0,0.0,10.0
2026-05-04_09-01,Local_VSCode,DR3_Config_2_R5,Direct Reciprocity Mode 3 (Co-Evolution),2,1,10,0,0,10,1,0.5,0.0,0.0,10,100,0.1,0.5,0.2,3,1,genHalfAndHalf,1,10,17,1046,Config_2,5,"add(10, PartnerInMemory)",PartnerInMemory + 10,Unconditional Cooperator (ALL-C),"sub(DonorInMemory, DonorInMemory)",0,Amnesia (Remember No One),10.0,9.0,0.0,0.0,10.0
2026-05-04_09-01,Local_VSCode,DR3_Config_3_R1,Direct Reciprocity Mode 3 (Co-Evolution),2,1,10,0,0,10,1,0.5,0.0,0.0,10,100,0.5,0.5,0.2,3,1,genHalfAndHalf,1,3,17,2042,Config_3,1,"mul(-1, -1)",1,Unconditional Cooperator (ALL-C),"mul(DonorInMemory, DonorInMemory)",DonorInMemory**2,Sticky Memory (Ignore actions entirely),10.0,7.0,0.0,0.0,10.0
2026-05-04_09-01,Local_VSCode,DR3_Config_3_R2,Direct Reciprocity Mode 3 (Co-Evolution),2,1,10,0,0,10,1,0.5,0.0,0.0,10,100,0.5,0.5,0.2,3,1,genHalfAndHalf,1,3,17,2043,Config_3,2,"add(PartnerInMemory, 10)",PartnerInMemory + 10,Unconditional Cooperator (ALL-C),"mul(DonorInMemory, DonorAction)",DonorAction*DonorInMemory,"Novel Mem: (True, False, False, False)",10.0,10.0,0.0,0.0,10.0
2026-05-04_09-01,Local_VSCode,DR3_Config_3_R3,Direct Reciprocity Mode 3 (Co-Evolution),2,1,10,0,0,10,1,0.5,0.0,0.0,10,100,0.5,0.5,0.2,3,1,genHalfAndHalf,1,3,17,2044,Config_3,3,"mul(1, 10)",10,Unconditional Cooperator (ALL-C),"mul(DonorInMemory, 0)",0,Amnesia (Remember No One),10.0,8.0,0.0,0.0,10.0
2026-05-04_09-01,Local_VSCode,DR3_Config_3_R4,Direct Reciprocity Mode 3 (Co-Evolution),2,1,10,0,0,10,1,0.5,0.0,0.0,10,100,0.5,0.5,0.2,3,1,genHalfAndHalf,1,3,17,2045,Config_3,4,"add(1, 1)",2,Unconditional Cooperator (ALL-C),"sub(DonorAction, DonorAction)",0,Amnesia (Remember No One),10.0,10.0,0.0,0.0,10.0
2026-05-04_09-01,Local_VSCode,DR3_Config_3_R5,Direct Reciprocity Mode 3 (Co-Evolution),2,1,10,0,0,10,1,0.5,0.0,0.0,10,100,0.5,0.5,0.2,3,1,genHalfAndHalf,1,3,17,2046,Config_3,5,"sub(10, -1)",11,Unconditional Cooperator (ALL-C),"sub(10, 10)",0,Amnesia (Remember No One),10.0,9.0,0.0,0.0,10.0
2026-05-04_09-01,Local_VSCode,DR3_Config_4_R1,Direct Reciprocity Mode 3 (Co-Evolution),2,1,10,0,0,10,1,0.5,0.0,0.0,10,100,0.5,0.5,0.2,3,1,genHalfAndHalf,1,10,17,3042,Config_4,1,"sub(10, PartnerInMemory)",10 - PartnerInMemory,Unconditional Cooperator (ALL-C),"mul(DonorInMemory, DonorAction)",DonorAction*DonorInMemory,"Novel Mem: (True, False, False, False)",10.0,7.0,0.0,0.0,10.0
2026-05-04_09-01,Local_VSCode,DR3_Config_4_R2,Direct Reciprocity Mode 3 (Co-Evolution),2,1,10,0,0,10,1,0.5,0.0,0.0,10,100,0.5,0.5,0.2,3,1,genHalfAndHalf,1,10,17,3043,Config_4,2,"sub(PartnerInMemory, -1)",PartnerInMemory + 1,Unconditional Cooperator (ALL-C),"sub(-10, -10)",0,Amnesia (Remember No One),10.0,10.0,0.0,0.0,10.0
2026-05-04_09-01,Local_VSCode,DR3_Config_4_R3,Direct Reciprocity Mode 3 (Co-Evolution),2,1,10,0,0,10,1,0.5,0.0,0.0,10,100,0.5,0.5,0.2,3,1,genHalfAndHalf,1,10,17,3044,Config_4,3,"sub(PartnerInMemory, -10)",PartnerInMemory + 10,Unconditional Cooperator (ALL-C),"sub(0, DonorAction)",-DonorAction,Amnesia (Remember No One),10.0,6.0,0.0,0.0,10.0
2026-05-04_09-01,Local_VSCode,DR3_Config_4_R4,Direct Reciprocity Mode 3 (Co-Evolution),2,1,10,0,0,10,1,0.5,0.0,0.0,10,100,0.5,0.5,0.2,3,1,genHalfAndHalf,1,10,17,3045,Config_4,4,"add(10, 0)",10,Unconditional Cooperator (ALL-C),"mul(DonorAction, DonorAction)",DonorAction**2,"Novel Mem: (True, True, False, False)",10.0,10.0,0.0,0.0,10.0
2026-05-04_09-01,Local_VSCode,DR3_Config_4_R5,Direct Reciprocity Mode 3 (Co-Evolution),2,1,10,0,0,10,1,0.5,0.0,0.0,10,100,0.5,0.5,0.2,3,1,genHalfAndHalf,1,10,17,3046,Config_4,5,"mul(1, 10)",10,Unconditional Cooperator (ALL-C),"sub(10, DonorAction)",10 - DonorAction,Paranoid (Remember Everyone),10.0,9.0,0.0,0.0,10.0
2026-05-04_09-01,Local_VSCode,DR3_Config_5_R1,Direct Reciprocity Mode 3 (Co-Evolution),2,1,10,0,0,10,1,0.5,0.0,0.0,100,100,0.1,0.5,0.2,3,1,genHalfAndHalf,1,3,17,4042,Config_5,1,"add(10, PartnerInMemory)",PartnerInMemory + 10,Unconditional Cooperator (ALL-C),"sub(10, DonorAction)",10 - DonorAction,Paranoid (Remember Everyone),10.0,9.41,0.0,0.0,10.0
2026-05-04_09-01,Local_VSCode,DR3_Config_5_R2,Direct Reciprocity Mode 3 (Co-Evolution),2,1,10,0,0,10,1,0.5,0.0,0.0,100,100,0.1,0.5,0.2,3,1,genHalfAndHalf,1,3,17,4043,Config_5,2,"sub(10, PartnerInMemory)",10 - PartnerInMemory,Unconditional Cooperator (ALL-C),"add(DonorInMemory, DonorInMemory)",2*DonorInMemory,Sticky Memory (Ignore actions entirely),10.0,8.4,0.0,0.0,10.0
2026-05-04_09-01,Local_VSCode,DR3_Config_5_R3,Direct Reciprocity Mode 3 (Co-Evolution),2,1,10,0,0,10,1,0.5,0.0,0.0,100,100,0.1,0.5,0.2,3,1,genHalfAndHalf,1,3,17,4044,Config_5,3,"sub(PartnerInMemory, -1)",PartnerInMemory + 1,Unconditional Cooperator (ALL-C),"sub(DonorInMemory, DonorAction)",-DonorAction + DonorInMemory,"Novel Mem: (False, False, True, False)",10.0,9.6,0.0,0.0,10.0
2026-05-04_09-01,Local_VSCode,DR3_Config_5_R4,Direct Reciprocity Mode 3 (Co-Evolution),2,1,10,0,0,10,1,0.5,0.0,0.0,100,100,0.1,0.5,0.2,3,1,genHalfAndHalf,1,3,17,4045,Config_5,4,"sub(10, PartnerInMemory)",10 - PartnerInMemory,Unconditional Cooperator (ALL-C),"sub(DonorInMemory, -10)",DonorInMemory + 10,Paranoid (Remember Everyone),10.0,8.14,0.0,0.0,10.0
2026-05-04_09-02,Local_VSCode,DR3_Config_5_R5,Direct Reciprocity Mode 3 (Co-Evolution),2,1,10,0,0,10,1,0.5,0.0,0.0,100,100,0.1,0.5,0.2,3,1,genHalfAndHalf,1,3,17,4046,Config_5,5,"mul(-1, -10)",10,Unconditional Cooperator (ALL-C),"mul(-1, DonorAction)",-DonorAction,Amnesia (Remember No One),10.0,9.8,0.0,0.0,10.0
2026-05-04_09-02,Local_VSCode,DR3_Config_6_R1,Direct Reciprocity Mode 3 (Co-Evolution),2,1,10,0,0,10,1,0.5,0.0,0.0,100,100,0.1,0.5,0.2,3,1,genHalfAndHalf,1,10,17,5042,Config_6,1,"sub(10, -1)",11,Unconditional Cooperator (ALL-C),"sub(DonorAction, -1)",DonorAction + 1,Paranoid (Remember Everyone),10.0,9.5,0.0,0.0,10.0
2026-05-04_09-02,Local_VSCode,DR3_Config_6_R2,Direct Reciprocity Mode 3 (Co-Evolution),2,1,10,0,0,10,1,0.5,0.0,0.0,100,100,0.1,0.5,0.2,3,1,genHalfAndHalf,1,10,17,5043,Config_6,2,"mul(10, 10)",100,Unconditional Cooperator (ALL-C),"sub(DonorAction, 10)",DonorAction - 10,Amnesia (Remember No One),10.0,8.58,0.0,0.0,10.0
2026-05-04_09-02,Local_VSCode,DR3_Config_6_R3,Direct Reciprocity Mode 3 (Co-Evolution),2,1,10,0,0,10,1,0.5,0.0,0.0,100,100,0.1,0.5,0.2,3,1,genHalfAndHalf,1,10,17,5044,Config_6,3,"add(10, -1)",9,Unconditional Cooperator (ALL-C),"sub(10, -1)",11,Paranoid (Remember Everyone),10.0,9.5,0.0,0.0,10.0
2026-05-04_09-02,Local_VSCode,DR3_Config_6_R4,Direct Reciprocity Mode 3 (Co-Evolution),2,1,10,0,0,10,1,0.5,0.0,0.0,100,100,0.1,0.5,0.2,3,1,genHalfAndHalf,1,10,17,5045,Config_6,4,"add(PartnerInMemory, 1)",PartnerInMemory + 1,Unconditional Cooperator (ALL-C),"mul(DonorAction, DonorAction)",DonorAction**2,"Novel Mem: (True, True, False, False)",10.0,9.8,0.0,0.0,10.0
2026-05-04_09-02,Local_VSCode,DR3_Config_6_R5,Direct Reciprocity Mode 3 (Co-Evolution),2,1,10,0,0,10,1,0.5,0.0,0.0,100,100,0.1,0.5,0.2,3,1,genHalfAndHalf,1,10,17,5046,Config_6,5,"add(10, PartnerInMemory)",PartnerInMemory + 10,Unconditional Cooperator (ALL-C),"add(DonorAction, DonorAction)",2*DonorAction,"Novel Mem: (True, True, False, False)",10.0,9.5,0.0,0.0,10.0
2026-05-04_09-02,Local_VSCode,DR3_Config_7_R1,Direct Reciprocity Mode 3 (Co-Evolution),2,1,10,0,0,10,1,0.5,0.0,0.0,100,100,0.5,0.5,0.2,3,1,genHalfAndHalf,1,3,17,6042,Config_7,1,"sub(PartnerInMemory, -1)",PartnerInMemory + 1,Unconditional Cooperator (ALL-C),"add(-10, DonorInMemory)",DonorInMemory - 10,Amnesia (Remember No One),10.0,7.6,0.0,0.0,10.0
2026-05-04_09-02,Local_VSCode,DR3_Config_7_R2,Direct Reciprocity Mode 3 (Co-Evolution),2,1,10,0,0,10,1,0.5,0.0,0.0,100,100,0.5,0.5,0.2,3,1,genHalfAndHalf,1,3,17,6043,Config_7,2,"add(10, 0)",10,Unconditional Cooperator (ALL-C),"mul(DonorAction, DonorAction)",DonorAction**2,"Novel Mem: (True, True, False, False)",10.0,9.3,0.0,0.0,10.0
2026-05-04_09-03,Local_VSCode,DR3_Config_7_R3,Direct Reciprocity Mode 3 (Co-Evolution),2,1,10,0,0,10,1,0.5,0.0,0.0,100,100,0.5,0.5,0.2,3,1,genHalfAndHalf,1,3,17,6044,Config_7,3,"add(PartnerInMemory, 10)",PartnerInMemory + 10,Unconditional Cooperator (ALL-C),"mul(1, DonorAction)",DonorAction,"Novel Mem: (True, True, False, False)",10.0,9.9,0.0,0.0,10.0
2026-05-04_09-03,Local_VSCode,DR3_Config_7_R4,Direct Reciprocity Mode 3 (Co-Evolution),2,1,10,0,0,10,1,0.5,0.0,0.0,100,100,0.5,0.5,0.2,3,1,genHalfAndHalf,1,3,17,6045,Config_7,4,"mul(-1, -1)",1,Unconditional Cooperator (ALL-C),"mul(DonorInMemory, DonorAction)",DonorAction*DonorInMemory,"Novel Mem: (True, False, False, False)",10.0,9.6,0.0,0.0,10.0
2026-05-04_09-03,Local_VSCode,DR3_Config_7_R5,Direct Reciprocity Mode 3 (Co-Evolution),2,1,10,0,0,10,1,0.5,0.0,0.0,100,100,0.5,0.5,0.2,3,1,genHalfAndHalf,1,3,17,6046,Config_7,5,"sub(1, PartnerInMemory)",1 - PartnerInMemory,Tit-for-Tat,"mul(DonorAction, DonorInMemory)",DonorAction*DonorInMemory,"Novel Mem: (True, False, False, False)",10.0,8.61,0.0,0.0,10.0
2026-05-04_09-03,Local_VSCode,DR3_Config_8_R1,Direct Reciprocity Mode 3 (Co-Evolution),2,1,10,0,0,10,1,0.5,0.0,0.0,100,100,0.5,0.5,0.2,3,1,genHalfAndHalf,1,10,17,7042,Config_8,1,"add(1, PartnerInMemory)",PartnerInMemory + 1,Unconditional Cooperator (ALL-C),"add(DonorInMemory, DonorInMemory)",2*DonorInMemory,Sticky Memory (Ignore actions entirely),10.0,9.74,0.0,0.0,10.0
2026-05-04_09-03,Local_VSCode,DR3_Config_8_R2,Direct Reciprocity Mode 3 (Co-Evolution),2,1,10,0,0,10,1,0.5,0.0,0.0,100,100,0.5,0.5,0.2,3,1,genHalfAndHalf,1,10,17,7043,Config_8,2,"add(PartnerInMemory, 10)",PartnerInMemory + 10,Unconditional Cooperator (ALL-C),"add(-10, DonorAction)",DonorAction - 10,Amnesia (Remember No One),10.0,9.6,0.0,0.0,10.0
2026-05-04_09-03,Local_VSCode,DR3_Config_8_R3,Direct Reciprocity Mode 3 (Co-Evolution),2,1,10,0,0,10,1,0.5,0.0,0.0,100,100,0.5,0.5,0.2,3,1,genHalfAndHalf,1,10,17,7044,Config_8,3,"add(PartnerInMemory, 10)",PartnerInMemory + 10,Unconditional Cooperator (ALL-C),"sub(DonorInMemory, DonorAction)",-DonorAction + DonorInMemory,"Novel Mem: (False, False, True, False)",10.0,9.8,0.0,0.0,10.0
2026-05-04_09-03,Local_VSCode,DR3_Config_8_R4,Direct Reciprocity Mode 3 (Co-Evolution),2,1,10,0,0,10,1,0.5,0.0,0.0,100,100,0.5,0.5,0.2,3,1,genHalfAndHalf,1,10,17,7045,Config_8,4,"sub(10, PartnerInMemory)",10 - PartnerInMemory,Unconditional Cooperator (ALL-C),"sub(DonorAction, DonorAction)",0,Amnesia (Remember No One),10.0,9.3,0.0,0.0,10.0
2026-05-04_09-04,Local_VSCode,DR3_Config_8_R5,Direct Reciprocity Mode 3 (Co-Evolution),2,1,10,0,0,10,1,0.5,0.0,0.0,100,100,0.5,0.5,0.2,3,1,genHalfAndHalf,1,10,17,7046,Config_8,5,"sub(PartnerInMemory, -1)",PartnerInMemory + 1,Unconditional Cooperator (ALL-C),"add(-10, DonorAction)",DonorAction - 10,Amnesia (Remember No One),10.0,9.6,0.0,0.0,10.0
2026-05-04_09-04,Local_VSCode,DR3_Config_9_R1,Direct Reciprocity Mode 3 (Co-Evolution),2,1,10,0,0,100,1,0.5,0.0,0.0,10,100,0.1,0.5,0.2,3,1,genHalfAndHalf,1,3,17,8042,Config_9,1,"add(1, PartnerInMemory)",PartnerInMemory + 1,Unconditional Cooperator (ALL-C),"add(1, 10)",11,Paranoid (Remember Everyone),100.0,100.0,0.0,0.0,100.0
2026-05-04_09-04,Local_VSCode,DR3_Config_9_R2,Direct Reciprocity Mode 3 (Co-Evolution),2,1,10,0,0,100,1,0.5,0.0,0.0,10,100,0.1,0.5,0.2,3,1,genHalfAndHalf,1,3,17,8043,Config_9,2,"sub(10, PartnerInMemory)",10 - PartnerInMemory,Unconditional Cooperator (ALL-C),"add(DonorInMemory, DonorAction)",DonorAction + DonorInMemory,"Novel Mem: (True, True, True, False)",100.0,70.0,0.0,0.0,100.0
2026-05-04_09-04,Local_VSCode,DR3_Config_9_R3,Direct Reciprocity Mode 3 (Co-Evolution),2,1,10,0,0,100,1,0.5,0.0,0.0,10,100,0.1,0.5,0.2,3,1,genHalfAndHalf,1,3,17,8044,Config_9,3,"mul(-10, -10)",100,Unconditional Cooperator (ALL-C),"mul(DonorAction, -10)",-10*DonorAction,Amnesia (Remember No One),100.0,90.0,0.0,0.0,100.0
2026-05-04_09-04,Local_VSCode,DR3_Config_9_R4,Direct Reciprocity Mode 3 (Co-Evolution),2,1,10,0,0,100,1,0.5,0.0,0.0,10,100,0.1,0.5,0.2,3,1,genHalfAndHalf,1,3,17,8045,Config_9,4,"sub(1, 0)",1,Unconditional Cooperator (ALL-C),"sub(DonorAction, DonorAction)",0,Amnesia (Remember No One),100.0,80.0,0.0,0.0,100.0
2026-05-04_09-04,Local_VSCode,DR3_Config_9_R5,Direct Reciprocity Mode 3 (Co-Evolution),2,1,10,0,0,100,1,0.5,0.0,0.0,10,100,0.1,0.5,0.2,3,1,genHalfAndHalf,1,3,17,8046,Config_9,5,"mul(10, 10)",100,Unconditional Cooperator (ALL-C),"mul(-10, 10)",-100,Amnesia (Remember No One),100.0,100.0,0.0,0.0,100.0
2026-05-04_09-04,Local_VSCode,DR3_Config_10_R1,Direct Reciprocity Mode 3 (Co-Evolution),2,1,10,0,0,100,1,0.5,0.0,0.0,10,100,0.1,0.5,0.2,3,1,genHalfAndHalf,1,10,17,9042,Config_10,1,"sub(1, PartnerInMemory)",1 - PartnerInMemory,Tit-for-Tat,"add(DonorInMemory, -1)",DonorInMemory - 1,Amnesia (Remember No One),100.0,100.0,0.0,0.0,100.0
2026-05-04_09-04,Local_VSCode,DR3_Config_10_R2,Direct Reciprocity Mode 3 (Co-Evolution),2,1,10,0,0,100,1,0.5,0.0,0.0,10,100,0.1,0.5,0.2,3,1,genHalfAndHalf,1,10,17,9043,Config_10,2,"sub(1, PartnerInMemory)",1 - PartnerInMemory,Tit-for-Tat,"sub(0, DonorInMemory)",-DonorInMemory,Amnesia (Remember No One),100.0,80.0,0.0,0.0,100.0
2026-05-04_09-04,Local_VSCode,DR3_Config_10_R3,Direct Reciprocity Mode 3 (Co-Evolution),2,1,10,0,0,100,1,0.5,0.0,0.0,10,100,0.1,0.5,0.2,3,1,genHalfAndHalf,1,10,17,9044,Config_10,3,"sub(10, 1)",9,Unconditional Cooperator (ALL-C),"sub(-1, DonorInMemory)",-DonorInMemory - 1,Amnesia (Remember No One),100.0,80.0,0.0,0.0,100.0
2026-05-04_09-05,Local_VSCode,DR3_Config_10_R4,Direct Reciprocity Mode 3 (Co-Evolution),2,1,10,0,0,100,1,0.5,0.0,0.0,10,100,0.1,0.5,0.2,3,1,genHalfAndHalf,1,10,17,9045,Config_10,4,"sub(10, PartnerInMemory)",10 - PartnerInMemory,Unconditional Cooperator (ALL-C),"mul(DonorAction, -10)",-10*DonorAction,Amnesia (Remember No One),100.0,100.0,0.0,0.0,100.0
2026-05-04_09-05,Local_VSCode,DR3_Config_10_R5,Direct Reciprocity Mode 3 (Co-Evolution),2,1,10,0,0,100,1,0.5,0.0,0.0,10,100,0.1,0.5,0.2,3,1,genHalfAndHalf,1,10,17,9046,Config_10,5,"sub(1, -1)",2,Unconditional Cooperator (ALL-C),"sub(DonorInMemory, DonorAction)",-DonorAction + DonorInMemory,"Novel Mem: (False, False, True, False)",100.0,80.0,0.0,0.0,100.0
2026-05-04_09-05,Local_VSCode,DR3_Config_11_R1,Direct Reciprocity Mode 3 (Co-Evolution),2,1,10,0,0,100,1,0.5,0.0,0.0,10,100,0.5,0.5,0.2,3,1,genHalfAndHalf,1,3,17,10042,Config_11,1,"sub(1, PartnerInMemory)",1 - PartnerInMemory,Tit-for-Tat,"add(-1, DonorInMemory)",DonorInMemory - 1,Amnesia (Remember No One),100.0,70.0,0.0,0.0,100.0
2026-05-04_09-05,Local_VSCode,DR3_Config_11_R2,Direct Reciprocity Mode 3 (Co-Evolution),2,1,10,0,0,100,1,0.5,0.0,0.0,10,100,0.5,0.5,0.2,3,1,genHalfAndHalf,1,3,17,10043,Config_11,2,"add(1, PartnerInMemory)",PartnerInMemory + 1,Unconditional Cooperator (ALL-C),"mul(0, DonorAction)",0,Amnesia (Remember No One),100.0,80.0,0.0,0.0,100.0
2026-05-04_09-05,Local_VSCode,DR3_Config_11_R3,Direct Reciprocity Mode 3 (Co-Evolution),2,1,10,0,0,100,1,0.5,0.0,0.0,10,100,0.5,0.5,0.2,3,1,genHalfAndHalf,1,3,17,10044,Config_11,3,"sub(10, 0)",10,Unconditional Cooperator (ALL-C),"add(DonorAction, DonorInMemory)",DonorAction + DonorInMemory,"Novel Mem: (True, True, True, False)",100.0,100.0,0.0,0.0,100.0
2026-05-04_09-05,Local_VSCode,DR3_Config_11_R4,Direct Reciprocity Mode 3 (Co-Evolution),2,1,10,0,0,100,1,0.5,0.0,0.0,10,100,0.5,0.5,0.2,3,1,genHalfAndHalf,1,3,17,10045,Config_11,4,"add(PartnerInMemory, 10)",PartnerInMemory + 10,Unconditional Cooperator (ALL-C),"mul(DonorAction, DonorAction)",DonorAction**2,"Novel Mem: (True, True, False, False)",100.0,70.0,0.0,0.0,100.0
2026-05-04_09-05,Local_VSCode,DR3_Config_11_R5,Direct Reciprocity Mode 3 (Co-Evolution),2,1,10,0,0,100,1,0.5,0.0,0.0,10,100,0.5,0.5,0.2,3,1,genHalfAndHalf,1,3,17,10046,Config_11,5,"add(10, -1)",9,Unconditional Cooperator (ALL-C),"add(-10, DonorAction)",DonorAction - 10,Amnesia (Remember No One),100.0,80.0,0.0,0.0,100.0
2026-05-04_09-05,Local_VSCode,DR3_Config_12_R1,Direct Reciprocity Mode 3 (Co-Evolution),2,1,10,0,0,100,1,0.5,0.0,0.0,10,100,0.5,0.5,0.2,3,1,genHalfAndHalf,1,10,17,11042,Config_12,1,"sub(10, 0)",10,Unconditional Cooperator (ALL-C),"add(DonorAction, 10)",DonorAction + 10,Paranoid (Remember Everyone),100.0,80.0,0.0,0.0,100.0
2026-05-04_09-05,Local_VSCode,DR3_Config_12_R2,Direct Reciprocity Mode 3 (Co-Evolution),2,1,10,0,0,100,1,0.5,0.0,0.0,10,100,0.5,0.5,0.2,3,1,genHalfAndHalf,1,10,17,11043,Config_12,2,"sub(10, PartnerInMemory)",10 - PartnerInMemory,Unconditional Cooperator (ALL-C),"mul(-1, DonorAction)",-DonorAction,Amnesia (Remember No One),100.0,99.12,0.0,0.0,100.0
2026-05-04_09-05,Local_VSCode,DR3_Config_12_R3,Direct Reciprocity Mode 3 (Co-Evolution),2,1,10,0,0,100,1,0.5,0.0,0.0,10,100,0.5,0.5,0.2,3,1,genHalfAndHalf,1,10,17,11044,Config_12,3,"mul(-1, -1)",1,Unconditional Cooperator (ALL-C),"add(DonorAction, DonorAction)",2*DonorAction,"Novel Mem: (True, True, False, False)",100.0,100.0,0.0,0.0,100.0
2026-05-04_09-05,Local_VSCode,DR3_Config_12_R4,Direct Reciprocity Mode 3 (Co-Evolution),2,1,10,0,0,100,1,0.5,0.0,0.0,10,100,0.5,0.5,0.2,3,1,genHalfAndHalf,1,10,17,11045,Config_12,4,"mul(10, 1)",10,Unconditional Cooperator (ALL-C),"sub(DonorAction, DonorAction)",0,Amnesia (Remember No One),100.0,90.0,0.0,0.0,100.0
2026-05-04_09-05,Local_VSCode,DR3_Config_12_R5,Direct Reciprocity Mode 3 (Co-Evolution),2,1,10,0,0,100,1,0.5,0.0,0.0,10,100,0.5,0.5,0.2,3,1,genHalfAndHalf,1,10,17,11046,Config_12,5,"sub(0, -1)",1,Unconditional Cooperator (ALL-C),"mul(-1, DonorInMemory)",-DonorInMemory,Amnesia (Remember No One),100.0,80.0,0.0,0.0,100.0
2026-05-04_09-06,Local_VSCode,DR3_Config_13_R1,Direct Reciprocity Mode 3 (Co-Evolution),2,1,10,0,0,100,1,0.5,0.0,0.0,100,100,0.1,0.5,0.2,3,1,genHalfAndHalf,1,3,17,12042,Config_13,1,"sub(PartnerInMemory, -1)",PartnerInMemory + 1,Unconditional Cooperator (ALL-C),"add(-10, DonorAction)",DonorAction - 10,Amnesia (Remember No One),100.0,83.52,0.0,0.0,100.0
2026-05-04_09-07,Local_VSCode,DR3_Config_13_R2,Direct Reciprocity Mode 3 (Co-Evolution),2,1,10,0,0,100,1,0.5,0.0,0.0,100,100,0.1,0.5,0.2,3,1,genHalfAndHalf,1,3,17,12043,Config_13,2,"sub(1, PartnerInMemory)",1 - PartnerInMemory,Tit-for-Tat,"add(DonorInMemory, DonorInMemory)",2*DonorInMemory,Sticky Memory (Ignore actions entirely),100.0,93.9,0.0,0.0,100.0
2026-05-04_09-07,Local_VSCode,DR3_Config_13_R3,Direct Reciprocity Mode 3 (Co-Evolution),2,1,10,0,0,100,1,0.5,0.0,0.0,100,100,0.1,0.5,0.2,3,1,genHalfAndHalf,1,3,17,12044,Config_13,3,"add(10, PartnerInMemory)",PartnerInMemory + 10,Unconditional Cooperator (ALL-C),"mul(DonorAction, DonorInMemory)",DonorAction*DonorInMemory,"Novel Mem: (True, False, False, False)",100.0,96.0,0.0,0.0,100.0
2026-05-04_09-08,Local_VSCode,DR3_Config_13_R4,Direct Reciprocity Mode 3 (Co-Evolution),2,1,10,0,0,100,1,0.5,0.0,0.0,100,100,0.1,0.5,0.2,3,1,genHalfAndHalf,1,3,17,12045,Config_13,4,"sub(1, 0)",1,Unconditional Cooperator (ALL-C),"add(DonorAction, DonorInMemory)",DonorAction + DonorInMemory,"Novel Mem: (True, True, True, False)",100.0,90.0,0.0,0.0,100.0
2026-05-04_09-09,Local_VSCode,DR3_Config_13_R5,Direct Reciprocity Mode 3 (Co-Evolution),2,1,10,0,0,100,1,0.5,0.0,0.0,100,100,0.1,0.5,0.2,3,1,genHalfAndHalf,1,3,17,12046,Config_13,5,"sub(0, -1)",1,Unconditional Cooperator (ALL-C),"add(0, DonorAction)",DonorAction,"Novel Mem: (True, True, False, False)",100.0,88.0,0.0,0.0,100.0
2026-05-04_09-09,Local_VSCode,DR3_Config_14_R1,Direct Reciprocity Mode 3 (Co-Evolution),2,1,10,0,0,100,1,0.5,0.0,0.0,100,100,0.1,0.5,0.2,3,1,genHalfAndHalf,1,10,17,13042,Config_14,1,"add(10, PartnerInMemory)",PartnerInMemory + 10,Unconditional Cooperator (ALL-C),"add(DonorAction, DonorInMemory)",DonorAction + DonorInMemory,"Novel Mem: (True, True, True, False)",100.0,93.91,0.0,0.0,100.0
2026-05-04_09-10,Local_VSCode,DR3_Config_14_R2,Direct Reciprocity Mode 3 (Co-Evolution),2,1,10,0,0,100,1,0.5,0.0,0.0,100,100,0.1,0.5,0.2,3,1,genHalfAndHalf,1,10,17,13043,Config_14,2,"mul(1, 10)",10,Unconditional Cooperator (ALL-C),"sub(DonorInMemory, DonorAction)",-DonorAction + DonorInMemory,"Novel Mem: (False, False, True, False)",100.0,89.09,0.0,0.0,100.0
2026-05-04_09-11,Local_VSCode,DR3_Config_14_R3,Direct Reciprocity Mode 3 (Co-Evolution),2,1,10,0,0,100,1,0.5,0.0,0.0,100,100,0.1,0.5,0.2,3,1,genHalfAndHalf,1,10,17,13044,Config_14,3,"add(-1, 10)",9,Unconditional Cooperator (ALL-C),"add(DonorInMemory, DonorAction)",DonorAction + DonorInMemory,"Novel Mem: (True, True, True, False)",100.0,94.0,0.0,0.0,100.0
2026-05-04_09-12,Local_VSCode,DR3_Config_14_R4,Direct Reciprocity Mode 3 (Co-Evolution),2,1,10,0,0,100,1,0.5,0.0,0.0,100,100,0.1,0.5,0.2,3,1,genHalfAndHalf,1,10,17,13045,Config_14,4,"sub(10, -10)",20,Unconditional Cooperator (ALL-C),"sub(DonorAction, DonorInMemory)",DonorAction - DonorInMemory,"Novel Mem: (False, True, False, False)",100.0,88.0,0.0,0.0,100.0
2026-05-04_09-13,Local_VSCode,DR3_Config_14_R5,Direct Reciprocity Mode 3 (Co-Evolution),2,1,10,0,0,100,1,0.5,0.0,0.0,100,100,0.1,0.5,0.2,3,1,genHalfAndHalf,1,10,17,13046,Config_14,5,"sub(10, PartnerInMemory)",10 - PartnerInMemory,Unconditional Cooperator (ALL-C),"mul(DonorAction, DonorAction)",DonorAction**2,"Novel Mem: (True, True, False, False)",100.0,88.0,0.0,0.0,100.0
2026-05-04_09-13,Local_VSCode,DR3_Config_15_R1,Direct Reciprocity Mode 3 (Co-Evolution),2,1,10,0,0,100,1,0.5,0.0,0.0,100,100,0.5,0.5,0.2,3,1,genHalfAndHalf,1,3,17,14042,Config_15,1,"sub(1, -1)",2,Unconditional Cooperator (ALL-C),"sub(-10, DonorAction)",-DonorAction - 10,Amnesia (Remember No One),100.0,79.92,0.0,0.0,100.0
2026-05-04_09-14,Local_VSCode,DR3_Config_15_R2,Direct Reciprocity Mode 3 (Co-Evolution),2,1,10,0,0,100,1,0.5,0.0,0.0,100,100,0.5,0.5,0.2,3,1,genHalfAndHalf,1,3,17,14043,Config_15,2,"sub(10, 0)",10,Unconditional Cooperator (ALL-C),"add(DonorAction, DonorInMemory)",DonorAction + DonorInMemory,"Novel Mem: (True, True, True, False)",100.0,93.0,0.0,0.0,100.0
2026-05-04_09-15,Local_VSCode,DR3_Config_15_R3,Direct Reciprocity Mode 3 (Co-Evolution),2,1,10,0,0,100,1,0.5,0.0,0.0,100,100,0.5,0.5,0.2,3,1,genHalfAndHalf,1,3,17,14044,Config_15,3,"add(10, 10)",20,Unconditional Cooperator (ALL-C),"mul(DonorInMemory, DonorInMemory)",DonorInMemory**2,Sticky Memory (Ignore actions entirely),100.0,96.0,0.0,0.0,100.0
2026-05-04_09-16,Local_VSCode,DR3_Config_15_R4,Direct Reciprocity Mode 3 (Co-Evolution),2,1,10,0,0,100,1,0.5,0.0,0.0,100,100,0.5,0.5,0.2,3,1,genHalfAndHalf,1,3,17,14045,Config_15,4,"sub(10, PartnerInMemory)",10 - PartnerInMemory,Unconditional Cooperator (ALL-C),"mul(DonorInMemory, DonorInMemory)",DonorInMemory**2,Sticky Memory (Ignore actions entirely),100.0,97.0,0.0,0.0,100.0
2026-05-04_09-16,Local_VSCode,DR3_Config_15_R5,Direct Reciprocity Mode 3 (Co-Evolution),2,1,10,0,0,100,1,0.5,0.0,0.0,100,100,0.5,0.5,0.2,3,1,genHalfAndHalf,1,3,17,14046,Config_15,5,"add(PartnerInMemory, 1)",PartnerInMemory + 1,Unconditional Cooperator (ALL-C),"mul(DonorAction, DonorAction)",DonorAction**2,"Novel Mem: (True, True, False, False)",100.0,94.52,0.0,0.0,100.0
2026-05-04_09-17,Local_VSCode,DR3_Config_16_R1,Direct Reciprocity Mode 3 (Co-Evolution),2,1,10,0,0,100,1,0.5,0.0,0.0,100,100,0.5,0.5,0.2,3,1,genHalfAndHalf,1,10,17,15042,Config_16,1,"add(PartnerInMemory, 1)",PartnerInMemory + 1,Unconditional Cooperator (ALL-C),"mul(DonorInMemory, DonorInMemory)",DonorInMemory**2,Sticky Memory (Ignore actions entirely),100.0,91.0,0.0,0.0,100.0
2026-05-04_09-18,Local_VSCode,DR3_Config_16_R2,Direct Reciprocity Mode 3 (Co-Evolution),2,1,10,0,0,100,1,0.5,0.0,0.0,100,100,0.5,0.5,0.2,3,1,genHalfAndHalf,1,10,17,15043,Config_16,2,"add(PartnerInMemory, 1)",PartnerInMemory + 1,Unconditional Cooperator (ALL-C),"mul(0, DonorAction)",0,Amnesia (Remember No One),100.0,95.0,0.0,0.0,100.0
2026-05-04_09-18,Local_VSCode,DR3_Config_16_R3,Direct Reciprocity Mode 3 (Co-Evolution),2,1,10,0,0,100,1,0.5,0.0,0.0,100,100,0.5,0.5,0.2,3,1,genHalfAndHalf,1,10,17,15044,Config_16,3,"add(1, PartnerInMemory)",PartnerInMemory + 1,Unconditional Cooperator (ALL-C),"mul(DonorInMemory, DonorInMemory)",DonorInMemory**2,Sticky Memory (Ignore actions entirely),100.0,97.0,0.0,0.0,100.0
2026-05-04_09-19,Local_VSCode,DR3_Config_16_R4,Direct Reciprocity Mode 3 (Co-Evolution),2,1,10,0,0,100,1,0.5,0.0,0.0,100,100,0.5,0.5,0.2,3,1,genHalfAndHalf,1,10,17,15045,Config_16,4,"mul(-10, -1)",10,Unconditional Cooperator (ALL-C),"mul(DonorInMemory, DonorAction)",DonorAction*DonorInMemory,"Novel Mem: (True, False, False, False)",100.0,91.0,0.0,0.0,100.0
2026-05-04_09-20,Local_VSCode,DR3_Config_16_R5,Direct Reciprocity Mode 3 (Co-Evolution),2,1,10,0,0,100,1,0.5,0.0,0.0,100,100,0.5,0.5,0.2,3,1,genHalfAndHalf,1,10,17,15046,Config_16,5,"add(PartnerInMemory, 1)",PartnerInMemory + 1,Unconditional Cooperator (ALL-C),"mul(DonorAction, -10)",-10*DonorAction,Amnesia (Remember No One),100.0,98.92,0.0,0.0,100.0
2026-05-04_09-20,Local_VSCode,DR3_Config_17_R1,Direct Reciprocity Mode 3 (Co-Evolution),2,1,10,0,10,10,1,0.5,0.0,0.0,10,100,0.1,0.5,0.2,3,1,genHalfAndHalf,1,3,17,16042,Config_17,1,"sub(mul(PartnerInMemory, PartnerInMemory), -10)",PartnerInMemory**2 + 10,Unconditional Cooperator (ALL-C),"sub(DonorInMemory, DonorInMemory)",0,Amnesia (Remember No One),1.07,0.14,0.0,8.93,1.46
2026-05-04_09-20,Local_VSCode,DR3_Config_17_R2,Direct Reciprocity Mode 3 (Co-Evolution),2,1,10,0,10,10,1,0.5,0.0,0.0,10,100,0.1,0.5,0.2,3,1,genHalfAndHalf,1,3,17,16043,Config_17,2,"mul(10, 10)",100,Unconditional Cooperator (ALL-C),"sub(10, 10)",0,Amnesia (Remember No One),0.67,-0.15,0.0,9.33,-0.06
2026-05-04_09-20,Local_VSCode,DR3_Config_17_R3,Direct Reciprocity Mode 3 (Co-Evolution),2,1,10,0,10,10,1,0.5,0.0,0.0,10,100,0.1,0.5,0.2,3,1,genHalfAndHalf,1,3,17,16044,Config_17,3,"sub(sub(PartnerInMemory, -10), PartnerInMemory)",10,Unconditional Cooperator (ALL-C),"add(DonorInMemory, DonorInMemory)",2*DonorInMemory,Sticky Memory (Ignore actions entirely),1.27,-0.03,0.0,8.73,0.62
2026-05-04_09-20,Local_VSCode,DR3_Config_17_R4,Direct Reciprocity Mode 3 (Co-Evolution),2,1,10,0,10,10,1,0.5,0.0,0.0,10,100,0.1,0.5,0.2,3,1,genHalfAndHalf,1,3,17,16045,Config_17,4,"add(-10, -10)",-20,Unconditional Defector (ALL-D),"add(DonorAction, DonorAction)",2*DonorAction,"Novel Mem: (True, True, False, False)",0.0,0.0,0.0,0.0,-0.38
2026-05-04_09-20,Local_VSCode,DR3_Config_17_R5,Direct Reciprocity Mode 3 (Co-Evolution),2,1,10,0,10,10,1,0.5,0.0,0.0,10,100,0.1,0.5,0.2,3,1,genHalfAndHalf,1,3,17,16046,Config_17,5,"add(10, add(PartnerInMemory, add(PartnerInMemory, 10)))",2*PartnerInMemory + 20,Unconditional Cooperator (ALL-C),"mul(sub(DonorInMemory, 1), -1)",1 - DonorInMemory,"Novel Mem: (False, True, False, True)",1.53,0.31,0.0,8.47,0.66
2026-05-04_09-20,Local_VSCode,DR3_Config_18_R1,Direct Reciprocity Mode 3 (Co-Evolution),2,1,10,0,10,10,1,0.5,0.0,0.0,10,100,0.1,0.5,0.2,3,1,genHalfAndHalf,1,10,17,17042,Config_18,1,"mul(PartnerInMemory, PartnerInMemory)",PartnerInMemory**2,Anti-Tit-for-Tat,"add(1, 1)",2,Paranoid (Remember Everyone),0.63,0.23,0.0,1.47,-0.2
2026-05-04_09-20,Local_VSCode,DR3_Config_18_R2,Direct Reciprocity Mode 3 (Co-Evolution),2,1,10,0,10,10,1,0.5,0.0,0.0,10,100,0.1,0.5,0.2,3,1,genHalfAndHalf,1,10,17,17043,Config_18,2,"add(1, 0)",1,Unconditional Cooperator (ALL-C),"mul(DonorAction, DonorInMemory)",DonorAction*DonorInMemory,"Novel Mem: (True, False, False, False)",0.8,0.13,0.0,9.2,0.92
2026-05-04_09-20,Local_VSCode,DR3_Config_18_R3,Direct Reciprocity Mode 3 (Co-Evolution),2,1,10,0,10,10,1,0.5,0.0,0.0,10,100,0.1,0.5,0.2,3,1,genHalfAndHalf,1,10,17,17044,Config_18,3,"sub(10, PartnerInMemory)",10 - PartnerInMemory,Unconditional Cooperator (ALL-C),"mul(mul(sub(DonorInMemory, DonorInMemory), add(DonorInMemory, -10)), DonorInMemory)",0,Amnesia (Remember No One),1.13,0.05,0.0,8.87,1.14
2026-05-04_09-20,Local_VSCode,DR3_Config_18_R4,Direct Reciprocity Mode 3 (Co-Evolution),2,1,10,0,10,10,1,0.5,0.0,0.0,10,100,0.1,0.5,0.2,3,1,genHalfAndHalf,1,10,17,17045,Config_18,4,"mul(1, 1)",1,Unconditional Cooperator (ALL-C),"sub(DonorAction, add(DonorInMemory, DonorInMemory))",DonorAction - 2*DonorInMemory,"Novel Mem: (False, True, False, False)",1.2,0.51,0.0,8.8,0.84
2026-05-04_09-20,Local_VSCode,DR3_Config_18_R5,Direct Reciprocity Mode 3 (Co-Evolution),2,1,10,0,10,10,1,0.5,0.0,0.0,10,100,0.1,0.5,0.2,3,1,genHalfAndHalf,1,10,17,17046,Config_18,5,"mul(-10, -10)",100,Unconditional Cooperator (ALL-C),"add(DonorInMemory, DonorInMemory)",2*DonorInMemory,Sticky Memory (Ignore actions entirely),1.33,-0.09,0.0,8.67,0.32
2026-05-04_09-20,Local_VSCode,DR3_Config_19_R1,Direct Reciprocity Mode 3 (Co-Evolution),2,1,10,0,10,10,1,0.5,0.0,0.0,10,100,0.5,0.5,0.2,3,1,genHalfAndHalf,1,3,17,18042,Config_19,1,"mul(PartnerInMemory, PartnerInMemory)",PartnerInMemory**2,Anti-Tit-for-Tat,"mul(10, 10)",100,Paranoid (Remember Everyone),0.6,0.15,0.0,1.53,1.44
2026-05-04_09-20,Local_VSCode,DR3_Config_19_R2,Direct Reciprocity Mode 3 (Co-Evolution),2,1,10,0,10,10,1,0.5,0.0,0.0,10,100,0.5,0.5,0.2,3,1,genHalfAndHalf,1,3,17,18043,Config_19,2,"mul(PartnerInMemory, PartnerInMemory)",PartnerInMemory**2,Anti-Tit-for-Tat,"add(10, 10)",20,Paranoid (Remember Everyone),0.73,0.11,0.0,1.2,0.4
2026-05-04_09-20,Local_VSCode,DR3_Config_19_R3,Direct Reciprocity Mode 3 (Co-Evolution),2,1,10,0,10,10,1,0.5,0.0,0.0,10,100,0.5,0.5,0.2,3,1,genHalfAndHalf,1,3,17,18044,Config_19,3,"sub(PartnerInMemory, -10)",PartnerInMemory + 10,Unconditional Cooperator (ALL-C),"sub(DonorAction, DonorAction)",0,Amnesia (Remember No One),0.93,-0.42,0.0,9.07,0.2
2026-05-04_09-20,Local_VSCode,DR3_Config_19_R4,Direct Reciprocity Mode 3 (Co-Evolution),2,1,10,0,10,10,1,0.5,0.0,0.0,10,100,0.5,0.5,0.2,3,1,genHalfAndHalf,1,3,17,18045,Config_19,4,"add(PartnerInMemory, PartnerInMemory)",2*PartnerInMemory,Anti-Tit-for-Tat,"add(10, 10)",20,Paranoid (Remember Everyone),0.43,0.11,0.0,1.93,0.34
2026-05-04_09-20,Local_VSCode,DR3_Config_19_R5,Direct Reciprocity Mode 3 (Co-Evolution),2,1,10,0,10,10,1,0.5,0.0,0.0,10,100,0.5,0.5,0.2,3,1,genHalfAndHalf,1,3,17,18046,Config_19,5,"mul(PartnerInMemory, PartnerInMemory)",PartnerInMemory**2,Anti-Tit-for-Tat,"add(-10, DonorAction)",DonorAction - 10,Amnesia (Remember No One),0.0,0.0,0.0,0.0,0.34
2026-05-04_09-20,Local_VSCode,DR3_Config_20_R1,Direct Reciprocity Mode 3 (Co-Evolution),2,1,10,0,10,10,1,0.5,0.0,0.0,10,100,0.5,0.5,0.2,3,1,genHalfAndHalf,1,10,17,19042,Config_20,1,"add(PartnerInMemory, PartnerInMemory)",2*PartnerInMemory,Anti-Tit-for-Tat,"sub(1, DonorAction)",1 - DonorAction,Strict Ledger (TFT Base),0.2,-0.1,0.0,2.27,1.18
2026-05-04_09-20,Local_VSCode,DR3_Config_20_R2,Direct Reciprocity Mode 3 (Co-Evolution),2,1,10,0,10,10,1,0.5,0.0,0.0,10,100,0.5,0.5,0.2,3,1,genHalfAndHalf,1,10,17,19043,Config_20,2,"sub(PartnerInMemory, -1)",PartnerInMemory + 1,Unconditional Cooperator (ALL-C),"sub(1, 1)",0,Amnesia (Remember No One),1.53,0.16,0.0,8.47,1.04
2026-05-04_09-20,Local_VSCode,DR3_Config_20_R3,Direct Reciprocity Mode 3 (Co-Evolution),2,1,10,0,10,10,1,0.5,0.0,0.0,10,100,0.5,0.5,0.2,3,1,genHalfAndHalf,1,10,17,19044,Config_20,3,"add(PartnerInMemory, PartnerInMemory)",2*PartnerInMemory,Anti-Tit-for-Tat,"add(-1, 10)",9,Paranoid (Remember Everyone),0.87,0.08,0.0,1.27,1.26
2026-05-04_09-20,Local_VSCode,DR3_Config_20_R4,Direct Reciprocity Mode 3 (Co-Evolution),2,1,10,0,10,10,1,0.5,0.0,0.0,10,100,0.5,0.5,0.2,3,1,genHalfAndHalf,1,10,17,19045,Config_20,4,"add(PartnerInMemory, PartnerInMemory)",2*PartnerInMemory,Anti-Tit-for-Tat,"mul(10, 10)",100,Paranoid (Remember Everyone),0.6,0.38,0.0,1.53,1.2
2026-05-04_09-21,Local_VSCode,DR3_Config_20_R5,Direct Reciprocity Mode 3 (Co-Evolution),2,1,10,0,10,10,1,0.5,0.0,0.0,10,100,0.5,0.5,0.2,3,1,genHalfAndHalf,1,10,17,19046,Config_20,5,"mul(PartnerInMemory, PartnerInMemory)",PartnerInMemory**2,Anti-Tit-for-Tat,"sub(1, DonorInMemory)",1 - DonorInMemory,"Novel Mem: (False, True, False, True)",0.2,0.07,0.0,1.93,0.92
2026-05-04_09-21,Local_VSCode,DR3_Config_21_R1,Direct Reciprocity Mode 3 (Co-Evolution),2,1,10,0,10,10,1,0.5,0.0,0.0,100,100,0.1,0.5,0.2,3,1,genHalfAndHalf,1,3,17,20042,Config_21,1,"add(add(10, 10), 1)",21,Unconditional Cooperator (ALL-C),"sub(1, DonorAction)",1 - DonorAction,Strict Ledger (TFT Base),1.47,0.01,0.0,8.53,0.72
2026-05-04_09-21,Local_VSCode,DR3_Config_21_R2,Direct Reciprocity Mode 3 (Co-Evolution),2,1,10,0,10,10,1,0.5,0.0,0.0,100,100,0.1,0.5,0.2,3,1,genHalfAndHalf,1,3,17,20043,Config_21,2,"add(10, PartnerInMemory)",PartnerInMemory + 10,Unconditional Cooperator (ALL-C),"add(DonorAction, DonorAction)",2*DonorAction,"Novel Mem: (True, True, False, False)",1.4,0.06,0.0,8.6,0.56
2026-05-04_09-21,Local_VSCode,DR3_Config_21_R3,Direct Reciprocity Mode 3 (Co-Evolution),2,1,10,0,10,10,1,0.5,0.0,0.0,100,100,0.1,0.5,0.2,3,1,genHalfAndHalf,1,3,17,20044,Config_21,3,"add(PartnerInMemory, 10)",PartnerInMemory + 10,Unconditional Cooperator (ALL-C),"add(DonorAction, -10)",DonorAction - 10,Amnesia (Remember No One),1.4,0.09,0.0,8.6,-0.54
2026-05-04_09-21,Local_VSCode,DR3_Config_21_R4,Direct Reciprocity Mode 3 (Co-Evolution),2,1,10,0,10,10,1,0.5,0.0,0.0,100,100,0.1,0.5,0.2,3,1,genHalfAndHalf,1,3,17,20045,Config_21,4,"sub(1, add(add(add(-1, PartnerInMemory), PartnerInMemory), 1))",1 - 2*PartnerInMemory,Tit-for-Tat,"sub(1, DonorAction)",1 - DonorAction,Strict Ledger (TFT Base),2.37,0.4,0.0,6.53,1.3
2026-05-04_09-22,Local_VSCode,DR3_Config_21_R5,Direct Reciprocity Mode 3 (Co-Evolution),2,1,10,0,10,10,1,0.5,0.0,0.0,100,100,0.1,0.5,0.2,3,1,genHalfAndHalf,1,3,17,20046,Config_21,5,"mul(1, 1)",1,Unconditional Cooperator (ALL-C),"add(1, 1)",2,Paranoid (Remember Everyone),1.13,0.01,0.0,8.87,0.54
2026-05-04_09-22,Local_VSCode,DR3_Config_22_R1,Direct Reciprocity Mode 3 (Co-Evolution),2,1,10,0,10,10,1,0.5,0.0,0.0,100,100,0.1,0.5,0.2,3,1,genHalfAndHalf,1,10,17,21042,Config_22,1,"add(0, 1)",1,Unconditional Cooperator (ALL-C),"sub(10, DonorAction)",10 - DonorAction,Paranoid (Remember Everyone),1.4,-0.06,0.0,8.6,0.9
2026-05-04_09-22,Local_VSCode,DR3_Config_22_R2,Direct Reciprocity Mode 3 (Co-Evolution),2,1,10,0,10,10,1,0.5,0.0,0.0,100,100,0.1,0.5,0.2,3,1,genHalfAndHalf,1,10,17,21043,Config_22,2,"add(1, sub(-10, -10))",1,Unconditional Cooperator (ALL-C),"sub(DonorAction, 0)",DonorAction,"Novel Mem: (True, True, False, False)",1.33,0.18,0.0,8.67,1.02
2026-05-04_09-22,Local_VSCode,DR3_Config_22_R3,Direct Reciprocity Mode 3 (Co-Evolution),2,1,10,0,10,10,1,0.5,0.0,0.0,100,100,0.1,0.5,0.2,3,1,genHalfAndHalf,1,10,17,21044,Config_22,3,"sub(PartnerInMemory, -1)",PartnerInMemory + 1,Unconditional Cooperator (ALL-C),"sub(DonorAction, DonorAction)",0,Amnesia (Remember No One),1.47,0.07,0.0,8.53,0.84
2026-05-04_09-23,Local_VSCode,DR3_Config_22_R4,Direct Reciprocity Mode 3 (Co-Evolution),2,1,10,0,10,10,1,0.5,0.0,0.0,100,100,0.1,0.5,0.2,3,1,genHalfAndHalf,1,10,17,21045,Config_22,4,"sub(10, PartnerInMemory)",10 - PartnerInMemory,Unconditional Cooperator (ALL-C),"add(add(DonorInMemory, 0), -10)",DonorInMemory - 10,Amnesia (Remember No One),1.47,0.21,0.0,8.53,-0.0
2026-05-04_09-23,Local_VSCode,DR3_Config_22_R5,Direct Reciprocity Mode 3 (Co-Evolution),2,1,10,0,10,10,1,0.5,0.0,0.0,100,100,0.1,0.5,0.2,3,1,genHalfAndHalf,1,10,17,21046,Config_22,5,"mul(10, 10)",100,Unconditional Cooperator (ALL-C),"add(10, 10)",20,Paranoid (Remember Everyone),1.4,0.19,0.0,8.6,0.24
2026-05-04_09-23,Local_VSCode,DR3_Config_23_R1,Direct Reciprocity Mode 3 (Co-Evolution),2,1,10,0,10,10,1,0.5,0.0,0.0,100,100,0.5,0.5,0.2,3,1,genHalfAndHalf,1,3,17,22042,Config_23,1,"sub(PartnerInMemory, -10)",PartnerInMemory + 10,Unconditional Cooperator (ALL-C),"add(-10, -10)",-20,Amnesia (Remember No One),1.6,0.46,0.0,8.4,1.58
2026-05-04_09-23,Local_VSCode,DR3_Config_23_R2,Direct Reciprocity Mode 3 (Co-Evolution),2,1,10,0,10,10,1,0.5,0.0,0.0,100,100,0.5,0.5,0.2,3,1,genHalfAndHalf,1,3,17,22043,Config_23,2,"sub(0, -10)",10,Unconditional Cooperator (ALL-C),"add(DonorAction, DonorInMemory)",DonorAction + DonorInMemory,"Novel Mem: (True, True, True, False)",1.93,0.28,0.0,8.07,0.5
2026-05-04_09-23,Local_VSCode,DR3_Config_23_R3,Direct Reciprocity Mode 3 (Co-Evolution),2,1,10,0,10,10,1,0.5,0.0,0.0,100,100,0.5,0.5,0.2,3,1,genHalfAndHalf,1,3,17,22044,Config_23,3,"add(10, PartnerInMemory)",PartnerInMemory + 10,Unconditional Cooperator (ALL-C),"sub(DonorAction, DonorAction)",0,Amnesia (Remember No One),1.4,0.02,0.0,8.6,1.34
2026-05-04_09-24,Local_VSCode,DR3_Config_23_R4,Direct Reciprocity Mode 3 (Co-Evolution),2,1,10,0,10,10,1,0.5,0.0,0.0,100,100,0.5,0.5,0.2,3,1,genHalfAndHalf,1,3,17,22045,Config_23,4,"add(PartnerInMemory, 1)",PartnerInMemory + 1,Unconditional Cooperator (ALL-C),"mul(DonorInMemory, DonorInMemory)",DonorInMemory**2,Sticky Memory (Ignore actions entirely),1.67,0.0,0.0,8.33,0.28
2026-05-04_09-24,Local_VSCode,DR3_Config_23_R5,Direct Reciprocity Mode 3 (Co-Evolution),2,1,10,0,10,10,1,0.5,0.0,0.0,100,100,0.5,0.5,0.2,3,1,genHalfAndHalf,1,3,17,22046,Config_23,5,"sub(PartnerInMemory, -10)",PartnerInMemory + 10,Unconditional Cooperator (ALL-C),"add(1, 1)",2,Paranoid (Remember Everyone),1.6,0.27,0.0,8.4,0.54
2026-05-04_09-24,Local_VSCode,DR3_Config_24_R1,Direct Reciprocity Mode 3 (Co-Evolution),2,1,10,0,10,10,1,0.5,0.0,0.0,100,100,0.5,0.5,0.2,3,1,genHalfAndHalf,1,10,17,23042,Config_24,1,"add(1, 0)",1,Unconditional Cooperator (ALL-C),"add(DonorAction, DonorAction)",2*DonorAction,"Novel Mem: (True, True, False, False)",1.4,0.25,0.0,8.6,0.68
2026-05-04_09-24,Local_VSCode,DR3_Config_24_R2,Direct Reciprocity Mode 3 (Co-Evolution),2,1,10,0,10,10,1,0.5,0.0,0.0,100,100,0.5,0.5,0.2,3,1,genHalfAndHalf,1,10,17,23043,Config_24,2,"mul(-10, -10)",100,Unconditional Cooperator (ALL-C),"add(DonorInMemory, DonorInMemory)",2*DonorInMemory,Sticky Memory (Ignore actions entirely),1.27,-0.2,0.0,8.73,0.16
2026-05-04_09-24,Local_VSCode,DR3_Config_24_R3,Direct Reciprocity Mode 3 (Co-Evolution),2,1,10,0,10,10,1,0.5,0.0,0.0,100,100,0.5,0.5,0.2,3,1,genHalfAndHalf,1,10,17,23044,Config_24,3,"add(10, PartnerInMemory)",PartnerInMemory + 10,Unconditional Cooperator (ALL-C),"add(10, 10)",20,Paranoid (Remember Everyone),1.27,0.14,0.0,8.73,1.3
2026-05-04_09-25,Local_VSCode,DR3_Config_24_R4,Direct Reciprocity Mode 3 (Co-Evolution),2,1,10,0,10,10,1,0.5,0.0,0.0,100,100,0.5,0.5,0.2,3,1,genHalfAndHalf,1,10,17,23045,Config_24,4,"add(0, 10)",10,Unconditional Cooperator (ALL-C),"sub(DonorAction, DonorAction)",0,Amnesia (Remember No One),1.27,0.07,0.0,8.73,0.6
2026-05-04_09-25,Local_VSCode,DR3_Config_24_R5,Direct Reciprocity Mode 3 (Co-Evolution),2,1,10,0,10,10,1,0.5,0.0,0.0,100,100,0.5,0.5,0.2,3,1,genHalfAndHalf,1,10,17,23046,Config_24,5,"add(PartnerInMemory, 0)",PartnerInMemory,Anti-Tit-for-Tat,"sub(DonorInMemory, -10)",DonorInMemory + 10,Paranoid (Remember Everyone),1.07,0.31,0.0,1.6,0.9
2026-05-04_09-25,Local_VSCode,DR3_Config_25_R1,Direct Reciprocity Mode 3 (Co-Evolution),2,1,10,0,10,100,1,0.5,0.0,0.0,10,100,0.1,0.5,0.2,3,1,genHalfAndHalf,1,3,17,24042,Config_25,1,"add(PartnerInMemory, PartnerInMemory)",2*PartnerInMemory,Anti-Tit-for-Tat,"add(DonorAction, add(sub(mul(-1, DonorInMemory), mul(DonorAction, -1)), sub(sub(DonorAction, -1), add(DonorAction, DonorAction))))",DonorAction - DonorInMemory + 1,"Novel Mem: (True, True, False, True)",14.4,6.66,0.0,43.2,37.5
2026-05-04_09-25,Local_VSCode,DR3_Config_25_R2,Direct Reciprocity Mode 3 (Co-Evolution),2,1,10,0,10,100,1,0.5,0.0,0.0,10,100,0.1,0.5,0.2,3,1,genHalfAndHalf,1,3,17,24043,Config_25,2,"mul(PartnerInMemory, PartnerInMemory)",PartnerInMemory**2,Anti-Tit-for-Tat,"add(0, -10)",-10,Amnesia (Remember No One),0.0,0.0,0.0,0.0,37.7
2026-05-04_09-25,Local_VSCode,DR3_Config_25_R3,Direct Reciprocity Mode 3 (Co-Evolution),2,1,10,0,10,100,1,0.5,0.0,0.0,10,100,0.1,0.5,0.2,3,1,genHalfAndHalf,1,3,17,24044,Config_25,3,"mul(-1, 10)",-10,Unconditional Defector (ALL-D),"add(DonorAction, -10)",DonorAction - 10,Amnesia (Remember No One),0.0,-1.17,0.0,0.0,38.14
2026-05-04_09-26,Local_VSCode,DR3_Config_25_R4,Direct Reciprocity Mode 3 (Co-Evolution),2,1,10,0,10,100,1,0.5,0.0,0.0,10,100,0.1,0.5,0.2,3,1,genHalfAndHalf,1,3,17,24045,Config_25,4,"mul(PartnerInMemory, PartnerInMemory)",PartnerInMemory**2,Anti-Tit-for-Tat,"sub(DonorInMemory, DonorInMemory)",0,Amnesia (Remember No One),0.0,0.0,0.0,0.0,37.42
2026-05-04_09-26,Local_VSCode,DR3_Config_25_R5,Direct Reciprocity Mode 3 (Co-Evolution),2,1,10,0,10,100,1,0.5,0.0,0.0,10,100,0.1,0.5,0.2,3,1,genHalfAndHalf,1,3,17,24046,Config_25,5,"add(mul(mul(PartnerInMemory, PartnerInMemory), add(PartnerInMemory, 10)), mul(add(PartnerInMemory, add(PartnerInMemory, PartnerInMemory)), sub(0, PartnerInMemory)))",PartnerInMemory**2*(PartnerInMemory + 7),Anti-Tit-for-Tat,"add(add(sub(DonorAction, DonorInMemory), add(DonorAction, DonorAction)), add(mul(mul(-1, DonorInMemory), DonorInMemory), sub(1, 0)))",3*DonorAction - DonorInMemory**2 - DonorInMemory + 1,"Novel Mem: (True, True, False, True)",16.7,12.71,0.0,45.47,37.68
2026-05-04_09-26,Local_VSCode,DR3_Config_26_R1,Direct Reciprocity Mode 3 (Co-Evolution),2,1,10,0,10,100,1,0.5,0.0,0.0,10,100,0.1,0.5,0.2,3,1,genHalfAndHalf,1,10,17,25042,Config_26,1,"add(PartnerInMemory, PartnerInMemory)",2*PartnerInMemory,Anti-Tit-for-Tat,"sub(DonorAction, 0)",DonorAction,"Novel Mem: (True, True, False, False)",0.0,0.0,0.0,0.0,36.84
2026-05-04_09-26,Local_VSCode,DR3_Config_26_R2,Direct Reciprocity Mode 3 (Co-Evolution),2,1,10,0,10,100,1,0.5,0.0,0.0,10,100,0.1,0.5,0.2,3,1,genHalfAndHalf,1,10,17,25043,Config_26,2,"add(mul(mul(-10, -10), sub(PartnerInMemory, PartnerInMemory)), PartnerInMemory)",PartnerInMemory,Anti-Tit-for-Tat,"add(sub(mul(DonorAction, DonorInMemory), DonorInMemory), 1)",DonorAction*DonorInMemory - DonorInMemory + 1,"Novel Mem: (True, True, False, True)",14.2,6.38,0.0,46.0,35.94
2026-05-04_09-26,Local_VSCode,DR3_Config_26_R3,Direct Reciprocity Mode 3 (Co-Evolution),2,1,10,0,10,100,1,0.5,0.0,0.0,10,100,0.1,0.5,0.2,3,1,genHalfAndHalf,1,10,17,25044,Config_26,3,"sub(-10, PartnerInMemory)",-PartnerInMemory - 10,Unconditional Defector (ALL-D),"mul(DonorAction, DonorAction)",DonorAction**2,"Novel Mem: (True, True, False, False)",0.0,0.0,0.0,0.0,37.22
2026-05-04_09-26,Local_VSCode,DR3_Config_26_R4,Direct Reciprocity Mode 3 (Co-Evolution),2,1,10,0,10,100,1,0.5,0.0,0.0,10,100,0.1,0.5,0.2,3,1,genHalfAndHalf,1,10,17,25045,Config_26,4,"sub(PartnerInMemory, PartnerInMemory)",0,Unconditional Defector (ALL-D),"add(-1, 10)",9,Paranoid (Remember Everyone),0.0,0.0,0.0,0.0,38.28
2026-05-04_09-26,Local_VSCode,DR3_Config_26_R5,Direct Reciprocity Mode 3 (Co-Evolution),2,1,10,0,10,100,1,0.5,0.0,0.0,10,100,0.1,0.5,0.2,3,1,genHalfAndHalf,1,10,17,25046,Config_26,5,"add(PartnerInMemory, 0)",PartnerInMemory,Anti-Tit-for-Tat,"add(DonorAction, sub(1, DonorInMemory))",DonorAction - DonorInMemory + 1,"Novel Mem: (True, True, False, True)",12.5,8.0,0.0,45.73,38.7
2026-05-04_09-27,Local_VSCode,DR3_Config_27_R1,Direct Reciprocity Mode 3 (Co-Evolution),2,1,10,0,10,100,1,0.5,0.0,0.0,10,100,0.5,0.5,0.2,3,1,genHalfAndHalf,1,3,17,26042,Config_27,1,"mul(-1, PartnerInMemory)",-PartnerInMemory,Unconditional Defector (ALL-D),"mul(DonorInMemory, DonorInMemory)",DonorInMemory**2,Sticky Memory (Ignore actions entirely),0.0,0.0,0.0,0.0,37.58
2026-05-04_09-27,Local_VSCode,DR3_Config_27_R2,Direct Reciprocity Mode 3 (Co-Evolution),2,1,10,0,10,100,1,0.5,0.0,0.0,10,100,0.5,0.5,0.2,3,1,genHalfAndHalf,1,3,17,26043,Config_27,2,"add(PartnerInMemory, PartnerInMemory)",2*PartnerInMemory,Anti-Tit-for-Tat,"mul(10, DonorInMemory)",10*DonorInMemory,Sticky Memory (Ignore actions entirely),0.0,0.0,0.0,0.0,38.38
2026-05-04_09-27,Local_VSCode,DR3_Config_27_R3,Direct Reciprocity Mode 3 (Co-Evolution),2,1,10,0,10,100,1,0.5,0.0,0.0,10,100,0.5,0.5,0.2,3,1,genHalfAndHalf,1,3,17,26044,Config_27,3,"sub(1, PartnerInMemory)",1 - PartnerInMemory,Tit-for-Tat,"add(1, mul(sub(DonorInMemory, DonorAction), add(10, 1)))",-11*DonorAction + 11*DonorInMemory + 1,Unforgiving (Grim Trigger),39.13,22.47,0.0,18.87,39.0
2026-05-04_09-27,Local_VSCode,DR3_Config_27_R4,Direct Reciprocity Mode 3 (Co-Evolution),2,1,10,0,10,100,1,0.5,0.0,0.0,10,100,0.5,0.5,0.2,3,1,genHalfAndHalf,1,3,17,26045,Config_27,4,"mul(PartnerInMemory, PartnerInMemory)",PartnerInMemory**2,Anti-Tit-for-Tat,"mul(DonorAction, DonorAction)",DonorAction**2,"Novel Mem: (True, True, False, False)",0.0,0.0,0.0,0.0,37.72
2026-05-04_09-27,Local_VSCode,DR3_Config_27_R5,Direct Reciprocity Mode 3 (Co-Evolution),2,1,10,0,10,100,1,0.5,0.0,0.0,10,100,0.5,0.5,0.2,3,1,genHalfAndHalf,1,3,17,26046,Config_27,5,"add(10, -10)",0,Unconditional Defector (ALL-D),"mul(DonorAction, DonorInMemory)",DonorAction*DonorInMemory,"Novel Mem: (True, False, False, False)",0.0,0.0,0.0,0.0,37.98
2026-05-04_09-27,Local_VSCode,DR3_Config_28_R1,Direct Reciprocity Mode 3 (Co-Evolution),2,1,10,0,10,100,1,0.5,0.0,0.0,10,100,0.5,0.5,0.2,3,1,genHalfAndHalf,1,10,17,27042,Config_28,1,"sub(-1, PartnerInMemory)",-PartnerInMemory - 1,Unconditional Defector (ALL-D),"mul(DonorAction, 10)",10*DonorAction,"Novel Mem: (True, True, False, False)",0.0,0.0,0.0,0.0,37.26
2026-05-04_09-28,Local_VSCode,DR3_Config_28_R2,Direct Reciprocity Mode 3 (Co-Evolution),2,1,10,0,10,100,1,0.5,0.0,0.0,10,100,0.5,0.5,0.2,3,1,genHalfAndHalf,1,10,17,27043,Config_28,2,"mul(10, -10)",-100,Unconditional Defector (ALL-D),"add(DonorAction, -10)",DonorAction - 10,Amnesia (Remember No One),0.0,-1.63,0.0,0.0,38.38
2026-05-04_09-28,Local_VSCode,DR3_Config_28_R3,Direct Reciprocity Mode 3 (Co-Evolution),2,1,10,0,10,100,1,0.5,0.0,0.0,10,100,0.5,0.5,0.2,3,1,genHalfAndHalf,1,10,17,27044,Config_28,3,"add(PartnerInMemory, -1)",PartnerInMemory - 1,Unconditional Defector (ALL-D),"add(DonorAction, DonorInMemory)",DonorAction + DonorInMemory,"Novel Mem: (True, True, True, False)",0.0,0.0,0.0,0.0,37.14
2026-05-04_09-28,Local_VSCode,DR3_Config_28_R4,Direct Reciprocity Mode 3 (Co-Evolution),2,1,10,0,10,100,1,0.5,0.0,0.0,10,100,0.5,0.5,0.2,3,1,genHalfAndHalf,1,10,17,27045,Config_28,4,"sub(PartnerInMemory, PartnerInMemory)",0,Unconditional Defector (ALL-D),"sub(DonorInMemory, DonorAction)",-DonorAction + DonorInMemory,"Novel Mem: (False, False, True, False)",0.0,0.0,0.0,0.0,38.6
2026-05-04_09-28,Local_VSCode,DR3_Config_28_R5,Direct Reciprocity Mode 3 (Co-Evolution),2,1,10,0,10,100,1,0.5,0.0,0.0,10,100,0.5,0.5,0.2,3,1,genHalfAndHalf,1,10,17,27046,Config_28,5,"mul(PartnerInMemory, PartnerInMemory)",PartnerInMemory**2,Anti-Tit-for-Tat,"add(DonorAction, DonorInMemory)",DonorAction + DonorInMemory,"Novel Mem: (True, True, True, False)",0.0,0.0,0.0,0.0,38.02
2026-05-04_09-29,Local_VSCode,DR3_Config_29_R1,Direct Reciprocity Mode 3 (Co-Evolution),2,1,10,0,10,100,1,0.5,0.0,0.0,100,100,0.1,0.5,0.2,3,1,genHalfAndHalf,1,3,17,28042,Config_29,1,"mul(PartnerInMemory, -10)",-10*PartnerInMemory,Unconditional Defector (ALL-D),"add(-10, DonorAction)",DonorAction - 10,Amnesia (Remember No One),0.0,-0.08,0.0,0.0,35.96
2026-05-04_09-31,Local_VSCode,DR3_Config_29_R2,Direct Reciprocity Mode 3 (Co-Evolution),2,1,10,0,10,100,1,0.5,0.0,0.0,100,100,0.1,0.5,0.2,3,1,genHalfAndHalf,1,3,17,28043,Config_29,2,"mul(PartnerInMemory, PartnerInMemory)",PartnerInMemory**2,Anti-Tit-for-Tat,"sub(sub(DonorAction, -1), DonorInMemory)",DonorAction - DonorInMemory + 1,"Novel Mem: (True, True, False, True)",16.47,7.68,0.0,41.27,35.64
2026-05-04_09-32,Local_VSCode,DR3_Config_29_R3,Direct Reciprocity Mode 3 (Co-Evolution),2,1,10,0,10,100,1,0.5,0.0,0.0,100,100,0.1,0.5,0.2,3,1,genHalfAndHalf,1,3,17,28044,Config_29,3,"mul(1, PartnerInMemory)",PartnerInMemory,Anti-Tit-for-Tat,"add(1, sub(add(10, DonorInMemory), 10))",DonorInMemory + 1,Paranoid (Remember Everyone),1.43,-1.21,0.0,80.93,36.36
2026-05-04_09-33,Local_VSCode,DR3_Config_29_R4,Direct Reciprocity Mode 3 (Co-Evolution),2,1,10,0,10,100,1,0.5,0.0,0.0,100,100,0.1,0.5,0.2,3,1,genHalfAndHalf,1,3,17,28045,Config_29,4,"mul(PartnerInMemory, PartnerInMemory)",PartnerInMemory**2,Anti-Tit-for-Tat,"add(sub(DonorAction, DonorInMemory), 1)",DonorAction - DonorInMemory + 1,"Novel Mem: (True, True, False, True)",16.1,7.39,0.0,43.87,38.16
2026-05-04_09-35,Local_VSCode,DR3_Config_29_R5,Direct Reciprocity Mode 3 (Co-Evolution),2,1,10,0,10,100,1,0.5,0.0,0.0,100,100,0.1,0.5,0.2,3,1,genHalfAndHalf,1,3,17,28046,Config_29,5,"add(PartnerInMemory, PartnerInMemory)",2*PartnerInMemory,Anti-Tit-for-Tat,"sub(mul(DonorAction, mul(DonorAction, DonorAction)), add(-1, DonorInMemory))",DonorAction**3 - DonorInMemory + 1,"Novel Mem: (True, True, False, True)",17.5,8.77,0.0,42.07,38.46
2026-05-04_09-36,Local_VSCode,DR3_Config_30_R1,Direct Reciprocity Mode 3 (Co-Evolution),2,1,10,0,10,100,1,0.5,0.0,0.0,100,100,0.1,0.5,0.2,3,1,genHalfAndHalf,1,10,17,29042,Config_30,1,"add(PartnerInMemory, PartnerInMemory)",2*PartnerInMemory,Anti-Tit-for-Tat,"add(DonorAction, sub(mul(10, 0), sub(DonorInMemory, 1)))",DonorAction - DonorInMemory + 1,"Novel Mem: (True, True, False, True)",17.33,8.47,0.0,41.73,39.52
2026-05-04_09-38,Local_VSCode,DR3_Config_30_R2,Direct Reciprocity Mode 3 (Co-Evolution),2,1,10,0,10,100,1,0.5,0.0,0.0,100,100,0.1,0.5,0.2,3,1,genHalfAndHalf,1,10,17,29043,Config_30,2,"sub(PartnerInMemory, 0)",PartnerInMemory,Anti-Tit-for-Tat,"sub(add(add(1, DonorAction), 0), DonorInMemory)",DonorAction - DonorInMemory + 1,"Novel Mem: (True, True, False, True)",16.37,5.49,0.0,46.07,38.26
2026-05-04_09-39,Local_VSCode,DR3_Config_30_R3,Direct Reciprocity Mode 3 (Co-Evolution),2,1,10,0,10,100,1,0.5,0.0,0.0,100,100,0.1,0.5,0.2,3,1,genHalfAndHalf,1,10,17,29044,Config_30,3,"add(PartnerInMemory, PartnerInMemory)",2*PartnerInMemory,Anti-Tit-for-Tat,"add(mul(-1, -1), mul(sub(-1, DonorInMemory), sub(sub(DonorInMemory, DonorAction), add(DonorAction, DonorAction))))",(3*DonorAction - DonorInMemory)*(DonorInMemory + 1) + 1,"Novel Mem: (True, True, False, True)",14.8,5.87,0.0,45.4,38.28
2026-05-04_09-40,Local_VSCode,DR3_Config_30_R4,Direct Reciprocity Mode 3 (Co-Evolution),2,1,10,0,10,100,1,0.5,0.0,0.0,100,100,0.1,0.5,0.2,3,1,genHalfAndHalf,1,10,17,29045,Config_30,4,"add(add(PartnerInMemory, 0), PartnerInMemory)",2*PartnerInMemory,Anti-Tit-for-Tat,"sub(sub(DonorAction, DonorInMemory), -1)",DonorAction - DonorInMemory + 1,"Novel Mem: (True, True, False, True)",16.17,7.07,0.0,44.47,36.7
2026-05-04_09-42,Local_VSCode,DR3_Config_30_R5,Direct Reciprocity Mode 3 (Co-Evolution),2,1,10,0,10,100,1,0.5,0.0,0.0,100,100,0.1,0.5,0.2,3,1,genHalfAndHalf,1,10,17,29046,Config_30,5,"mul(PartnerInMemory, PartnerInMemory)",PartnerInMemory**2,Anti-Tit-for-Tat,"sub(sub(sub(DonorAction, DonorInMemory), sub(DonorAction, 1)), sub(sub(DonorInMemory, DonorInMemory), sub(DonorAction, 0)))",DonorAction - DonorInMemory + 1,"Novel Mem: (True, True, False, True)",17.37,8.9,0.0,43.6,37.98
2026-05-04_09-43,Local_VSCode,DR3_Config_31_R1,Direct Reciprocity Mode 3 (Co-Evolution),2,1,10,0,10,100,1,0.5,0.0,0.0,100,100,0.5,0.5,0.2,3,1,genHalfAndHalf,1,3,17,30042,Config_31,1,"sub(1, PartnerInMemory)",1 - PartnerInMemory,Tit-for-Tat,"mul(sub(DonorInMemory, add(DonorAction, -1)), 10)",-10*DonorAction + 10*DonorInMemory + 10,Unforgiving (Grim Trigger),40.57,16.87,0.0,15.4,38.48
2026-05-04_09-44,Local_VSCode,DR3_Config_31_R2,Direct Reciprocity Mode 3 (Co-Evolution),2,1,10,0,10,100,1,0.5,0.0,0.0,100,100,0.5,0.5,0.2,3,1,genHalfAndHalf,1,3,17,30043,Config_31,2,"sub(1, PartnerInMemory)",1 - PartnerInMemory,Tit-for-Tat,"sub(mul(DonorAction, -10), -10)",10 - 10*DonorAction,Strict Ledger (TFT Base),41.8,12.53,0.0,16.6,38.28
2026-05-04_09-46,Local_VSCode,DR3_Config_31_R3,Direct Reciprocity Mode 3 (Co-Evolution),2,1,10,0,10,100,1,0.5,0.0,0.0,100,100,0.5,0.5,0.2,3,1,genHalfAndHalf,1,3,17,30044,Config_31,3,"add(PartnerInMemory, PartnerInMemory)",2*PartnerInMemory,Anti-Tit-for-Tat,"add(0, sub(sub(DonorAction, sub(DonorInMemory, DonorAction)), -1))",2*DonorAction - DonorInMemory + 1,"Novel Mem: (True, True, False, True)",16.53,7.47,0.0,44.8,36.6
2026-05-04_09-47,Local_VSCode,DR3_Config_31_R4,Direct Reciprocity Mode 3 (Co-Evolution),2,1,10,0,10,100,1,0.5,0.0,0.0,100,100,0.5,0.5,0.2,3,1,genHalfAndHalf,1,3,17,30045,Config_31,4,"mul(PartnerInMemory, 1)",PartnerInMemory,Anti-Tit-for-Tat,"sub(DonorAction, add(-1, DonorInMemory))",DonorAction - DonorInMemory + 1,"Novel Mem: (True, True, False, True)",17.23,9.36,0.0,41.67,38.1
2026-05-04_09-48,Local_VSCode,DR3_Config_31_R5,Direct Reciprocity Mode 3 (Co-Evolution),2,1,10,0,10,100,1,0.5,0.0,0.0,100,100,0.5,0.5,0.2,3,1,genHalfAndHalf,1,3,17,30046,Config_31,5,"mul(PartnerInMemory, PartnerInMemory)",PartnerInMemory**2,Anti-Tit-for-Tat,"add(sub(DonorAction, DonorInMemory), 1)",DonorAction - DonorInMemory + 1,"Novel Mem: (True, True, False, True)",16.5,6.75,0.0,43.73,38.36
2026-05-04_09-50,Local_VSCode,DR3_Config_32_R1,Direct Reciprocity Mode 3 (Co-Evolution),2,1,10,0,10,100,1,0.5,0.0,0.0,100,100,0.5,0.5,0.2,3,1,genHalfAndHalf,1,10,17,31042,Config_32,1,"add(PartnerInMemory, PartnerInMemory)",2*PartnerInMemory,Anti-Tit-for-Tat,"add(add(sub(1, DonorInMemory), DonorAction), 0)",DonorAction - DonorInMemory + 1,"Novel Mem: (True, True, False, True)",16.13,8.49,0.0,43.93,38.34
2026-05-04_09-51,Local_VSCode,DR3_Config_32_R2,Direct Reciprocity Mode 3 (Co-Evolution),2,1,10,0,10,100,1,0.5,0.0,0.0,100,100,0.5,0.5,0.2,3,1,genHalfAndHalf,1,10,17,31043,Config_32,2,"add(PartnerInMemory, PartnerInMemory)",2*PartnerInMemory,Anti-Tit-for-Tat,"sub(DonorAction, add(DonorInMemory, -1))",DonorAction - DonorInMemory + 1,"Novel Mem: (True, True, False, True)",15.83,5.34,0.0,45.13,38.96
2026-05-04_09-52,Local_VSCode,DR3_Config_32_R3,Direct Reciprocity Mode 3 (Co-Evolution),2,1,10,0,10,100,1,0.5,0.0,0.0,100,100,0.5,0.5,0.2,3,1,genHalfAndHalf,1,10,17,31044,Config_32,3,"sub(PartnerInMemory, 0)",PartnerInMemory,Anti-Tit-for-Tat,"add(1, sub(DonorAction, DonorInMemory))",DonorAction - DonorInMemory + 1,"Novel Mem: (True, True, False, True)",16.23,4.47,0.0,41.93,38.86
2026-05-04_09-54,Local_VSCode,DR3_Config_32_R4,Direct Reciprocity Mode 3 (Co-Evolution),2,1,10,0,10,100,1,0.5,0.0,0.0,100,100,0.5,0.5,0.2,3,1,genHalfAndHalf,1,10,17,31045,Config_32,4,"sub(-1, 10)",-11,Unconditional Defector (ALL-D),"sub(DonorAction, 1)",DonorAction - 1,Amnesia (Remember No One),0.0,-0.45,0.0,0.0,36.76
2026-05-04_09-55,Local_VSCode,DR3_Config_32_R5,Direct Reciprocity Mode 3 (Co-Evolution),2,1,10,0,10,100,1,0.5,0.0,0.0,100,100,0.5,0.5,0.2,3,1,genHalfAndHalf,1,10,17,31046,Config_32,5,"mul(PartnerInMemory, PartnerInMemory)",PartnerInMemory**2,Anti-Tit-for-Tat,"sub(DonorAction, add(DonorInMemory, -1))",DonorAction - DonorInMemory + 1,"Novel Mem: (True, True, False, True)",15.87,8.53,0.0,44.93,37.66
2026-05-04_09-55,Local_VSCode,DR3_Config_33_R1,Direct Reciprocity Mode 3 (Co-Evolution),2,1,10,10,0,10,1,0.5,0.0,0.0,10,100,0.1,0.5,0.2,3,1,genHalfAndHalf,1,3,17,32042,Config_33,1,"add(-1, -10)",-11,Unconditional Defector (ALL-D),"mul(DonorInMemory, DonorInMemory)",DonorInMemory**2,Sticky Memory (Ignore actions entirely),12.2,10.93,-2.2,0.0,9.08
2026-05-04_09-55,Local_VSCode,DR3_Config_33_R2,Direct Reciprocity Mode 3 (Co-Evolution),2,1,10,10,0,10,1,0.5,0.0,0.0,10,100,0.1,0.5,0.2,3,1,genHalfAndHalf,1,3,17,32043,Config_33,2,"mul(PartnerInMemory, PartnerInMemory)",PartnerInMemory**2,Anti-Tit-for-Tat,"sub(add(-1, -1), sub(-10, DonorAction))",DonorAction + 8,Paranoid (Remember Everyone),12.0,11.18,0.33,0.0,10.08
2026-05-04_09-55,Local_VSCode,DR3_Config_33_R3,Direct Reciprocity Mode 3 (Co-Evolution),2,1,10,10,0,10,1,0.5,0.0,0.0,10,100,0.1,0.5,0.2,3,1,genHalfAndHalf,1,3,17,32044,Config_33,3,"mul(sub(PartnerInMemory, PartnerInMemory), add(0, PartnerInMemory))",0,Unconditional Defector (ALL-D),"sub(DonorInMemory, DonorInMemory)",0,Amnesia (Remember No One),12.67,10.99,-2.67,0.0,10.44
2026-05-04_09-55,Local_VSCode,DR3_Config_33_R4,Direct Reciprocity Mode 3 (Co-Evolution),2,1,10,10,0,10,1,0.5,0.0,0.0,10,100,0.1,0.5,0.2,3,1,genHalfAndHalf,1,3,17,32045,Config_33,4,"sub(sub(-10, 0), -10)",0,Unconditional Defector (ALL-D),"mul(DonorInMemory, DonorInMemory)",DonorInMemory**2,Sticky Memory (Ignore actions entirely),12.0,11.03,-2.0,0.0,10.84
2026-05-04_09-55,Local_VSCode,DR3_Config_33_R5,Direct Reciprocity Mode 3 (Co-Evolution),2,1,10,10,0,10,1,0.5,0.0,0.0,10,100,0.1,0.5,0.2,3,1,genHalfAndHalf,1,3,17,32046,Config_33,5,"mul(10, 10)",100,Unconditional Cooperator (ALL-C),"sub(10, 10)",0,Amnesia (Remember No One),12.07,11.06,7.93,0.0,10.12
2026-05-04_09-55,Local_VSCode,DR3_Config_34_R1,Direct Reciprocity Mode 3 (Co-Evolution),2,1,10,10,0,10,1,0.5,0.0,0.0,10,100,0.1,0.5,0.2,3,1,genHalfAndHalf,1,10,17,33042,Config_34,1,"sub(PartnerInMemory, PartnerInMemory)",0,Unconditional Defector (ALL-D),"mul(DonorInMemory, -10)",-10*DonorInMemory,Amnesia (Remember No One),11.73,10.95,-1.73,0.0,9.24
2026-05-04_09-55,Local_VSCode,DR3_Config_34_R2,Direct Reciprocity Mode 3 (Co-Evolution),2,1,10,10,0,10,1,0.5,0.0,0.0,10,100,0.1,0.5,0.2,3,1,genHalfAndHalf,1,10,17,33043,Config_34,2,"add(PartnerInMemory, PartnerInMemory)",2*PartnerInMemory,Anti-Tit-for-Tat,"mul(DonorInMemory, DonorInMemory)",DonorInMemory**2,Sticky Memory (Ignore actions entirely),11.93,10.87,-1.93,0.0,9.52
2026-05-04_09-55,Local_VSCode,DR3_Config_34_R3,Direct Reciprocity Mode 3 (Co-Evolution),2,1,10,10,0,10,1,0.5,0.0,0.0,10,100,0.1,0.5,0.2,3,1,genHalfAndHalf,1,10,17,33044,Config_34,3,"sub(-10, -10)",0,Unconditional Defector (ALL-D),"mul(10, 10)",100,Paranoid (Remember Everyone),11.93,11.45,-1.93,0.0,9.76
2026-05-04_09-55,Local_VSCode,DR3_Config_34_R4,Direct Reciprocity Mode 3 (Co-Evolution),2,1,10,10,0,10,1,0.5,0.0,0.0,10,100,0.1,0.5,0.2,3,1,genHalfAndHalf,1,10,17,33045,Config_34,4,"sub(0, 0)",0,Unconditional Defector (ALL-D),"sub(mul(DonorInMemory, 10), -1)",10*DonorInMemory + 1,Paranoid (Remember Everyone),12.0,10.45,-2.0,0.0,10.56
2026-05-04_09-55,Local_VSCode,DR3_Config_34_R5,Direct Reciprocity Mode 3 (Co-Evolution),2,1,10,10,0,10,1,0.5,0.0,0.0,10,100,0.1,0.5,0.2,3,1,genHalfAndHalf,1,10,17,33046,Config_34,5,"sub(PartnerInMemory, PartnerInMemory)",0,Unconditional Defector (ALL-D),"mul(DonorInMemory, DonorAction)",DonorAction*DonorInMemory,"Novel Mem: (True, False, False, False)",11.8,10.67,-1.8,0.0,10.0
2026-05-04_09-56,Local_VSCode,DR3_Config_35_R1,Direct Reciprocity Mode 3 (Co-Evolution),2,1,10,10,0,10,1,0.5,0.0,0.0,10,100,0.5,0.5,0.2,3,1,genHalfAndHalf,1,3,17,34042,Config_35,1,"mul(-1, -1)",1,Unconditional Cooperator (ALL-C),"sub(DonorAction, DonorAction)",0,Amnesia (Remember No One),12.2,10.87,7.8,0.0,10.04
2026-05-04_09-56,Local_VSCode,DR3_Config_35_R2,Direct Reciprocity Mode 3 (Co-Evolution),2,1,10,10,0,10,1,0.5,0.0,0.0,10,100,0.5,0.5,0.2,3,1,genHalfAndHalf,1,3,17,34043,Config_35,2,"mul(-10, PartnerInMemory)",-10*PartnerInMemory,Unconditional Defector (ALL-D),"add(DonorAction, DonorAction)",2*DonorAction,"Novel Mem: (True, True, False, False)",11.67,10.38,-1.67,0.0,10.24
2026-05-04_09-56,Local_VSCode,DR3_Config_35_R3,Direct Reciprocity Mode 3 (Co-Evolution),2,1,10,10,0,10,1,0.5,0.0,0.0,10,100,0.5,0.5,0.2,3,1,genHalfAndHalf,1,3,17,34044,Config_35,3,"mul(0, 0)",0,Unconditional Defector (ALL-D),"add(DonorAction, DonorAction)",2*DonorAction,"Novel Mem: (True, True, False, False)",11.8,10.59,-1.8,0.0,11.24
2026-05-04_09-56,Local_VSCode,DR3_Config_35_R4,Direct Reciprocity Mode 3 (Co-Evolution),2,1,10,10,0,10,1,0.5,0.0,0.0,10,100,0.5,0.5,0.2,3,1,genHalfAndHalf,1,3,17,34045,Config_35,4,"sub(1, PartnerInMemory)",1 - PartnerInMemory,Tit-for-Tat,"add(DonorInMemory, DonorInMemory)",2*DonorInMemory,Sticky Memory (Ignore actions entirely),12.27,11.36,7.73,0.0,8.44
2026-05-04_09-56,Local_VSCode,DR3_Config_35_R5,Direct Reciprocity Mode 3 (Co-Evolution),2,1,10,10,0,10,1,0.5,0.0,0.0,10,100,0.5,0.5,0.2,3,1,genHalfAndHalf,1,3,17,34046,Config_35,5,"mul(10, 10)",100,Unconditional Cooperator (ALL-C),"sub(DonorAction, DonorAction)",0,Amnesia (Remember No One),11.93,10.48,8.07,0.0,10.76
2026-05-04_09-56,Local_VSCode,DR3_Config_36_R1,Direct Reciprocity Mode 3 (Co-Evolution),2,1,10,10,0,10,1,0.5,0.0,0.0,10,100,0.5,0.5,0.2,3,1,genHalfAndHalf,1,10,17,35042,Config_36,1,"mul(10, 10)",100,Unconditional Cooperator (ALL-C),"sub(DonorAction, DonorInMemory)",DonorAction - DonorInMemory,"Novel Mem: (False, True, False, False)",12.4,10.91,7.6,0.0,10.52
2026-05-04_09-56,Local_VSCode,DR3_Config_36_R2,Direct Reciprocity Mode 3 (Co-Evolution),2,1,10,10,0,10,1,0.5,0.0,0.0,10,100,0.5,0.5,0.2,3,1,genHalfAndHalf,1,10,17,35043,Config_36,2,"add(10, -10)",0,Unconditional Defector (ALL-D),"mul(DonorInMemory, DonorInMemory)",DonorInMemory**2,Sticky Memory (Ignore actions entirely),11.8,10.89,-1.8,0.0,9.68
2026-05-04_09-56,Local_VSCode,DR3_Config_36_R3,Direct Reciprocity Mode 3 (Co-Evolution),2,1,10,10,0,10,1,0.5,0.0,0.0,10,100,0.5,0.5,0.2,3,1,genHalfAndHalf,1,10,17,35044,Config_36,3,"sub(PartnerInMemory, 10)",PartnerInMemory - 10,Unconditional Defector (ALL-D),"sub(DonorAction, DonorInMemory)",DonorAction - DonorInMemory,"Novel Mem: (False, True, False, False)",12.27,11.35,-2.27,0.0,9.88
2026-05-04_09-56,Local_VSCode,DR3_Config_36_R4,Direct Reciprocity Mode 3 (Co-Evolution),2,1,10,10,0,10,1,0.5,0.0,0.0,10,100,0.5,0.5,0.2,3,1,genHalfAndHalf,1,10,17,35045,Config_36,4,"add(0, PartnerInMemory)",PartnerInMemory,Anti-Tit-for-Tat,"sub(10, 10)",0,Amnesia (Remember No One),12.13,11.84,-2.13,0.0,9.8
2026-05-04_09-56,Local_VSCode,DR3_Config_36_R5,Direct Reciprocity Mode 3 (Co-Evolution),2,1,10,10,0,10,1,0.5,0.0,0.0,10,100,0.5,0.5,0.2,3,1,genHalfAndHalf,1,10,17,35046,Config_36,5,"add(PartnerInMemory, PartnerInMemory)",2*PartnerInMemory,Anti-Tit-for-Tat,"mul(-10, -10)",100,Paranoid (Remember Everyone),11.77,11.31,0.53,0.0,10.0
2026-05-04_09-56,Local_VSCode,DR3_Config_37_R1,Direct Reciprocity Mode 3 (Co-Evolution),2,1,10,10,0,10,1,0.5,0.0,0.0,100,100,0.1,0.5,0.2,3,1,genHalfAndHalf,1,3,17,36042,Config_37,1,"mul(PartnerInMemory, -10)",-10*PartnerInMemory,Unconditional Defector (ALL-D),"add(DonorInMemory, 1)",DonorInMemory + 1,Paranoid (Remember Everyone),12.67,10.86,-2.67,0.0,9.8
2026-05-04_09-56,Local_VSCode,DR3_Config_37_R2,Direct Reciprocity Mode 3 (Co-Evolution),2,1,10,10,0,10,1,0.5,0.0,0.0,100,100,0.1,0.5,0.2,3,1,genHalfAndHalf,1,3,17,36043,Config_37,2,"mul(PartnerInMemory, PartnerInMemory)",PartnerInMemory**2,Anti-Tit-for-Tat,"add(sub(0, -1), sub(sub(0, sub(DonorInMemory, DonorInMemory)), DonorAction))",1 - DonorAction,Strict Ledger (TFT Base),13.8,11.9,-2.8,0.0,10.32
2026-05-04_09-57,Local_VSCode,DR3_Config_37_R3,Direct Reciprocity Mode 3 (Co-Evolution),2,1,10,10,0,10,1,0.5,0.0,0.0,100,100,0.1,0.5,0.2,3,1,genHalfAndHalf,1,3,17,36044,Config_37,3,"add(PartnerInMemory, 10)",PartnerInMemory + 10,Unconditional Cooperator (ALL-C),"sub(DonorInMemory, DonorInMemory)",0,Amnesia (Remember No One),12.6,10.77,7.4,0.0,10.08
2026-05-04_09-57,Local_VSCode,DR3_Config_37_R4,Direct Reciprocity Mode 3 (Co-Evolution),2,1,10,10,0,10,1,0.5,0.0,0.0,100,100,0.1,0.5,0.2,3,1,genHalfAndHalf,1,3,17,36045,Config_37,4,"mul(PartnerInMemory, PartnerInMemory)",PartnerInMemory**2,Anti-Tit-for-Tat,"add(0, 0)",0,Amnesia (Remember No One),12.4,10.9,-2.4,0.0,9.52
2026-05-04_09-57,Local_VSCode,DR3_Config_37_R5,Direct Reciprocity Mode 3 (Co-Evolution),2,1,10,10,0,10,1,0.5,0.0,0.0,100,100,0.1,0.5,0.2,3,1,genHalfAndHalf,1,3,17,36046,Config_37,5,"mul(PartnerInMemory, PartnerInMemory)",PartnerInMemory**2,Anti-Tit-for-Tat,"sub(1, DonorAction)",1 - DonorAction,Strict Ledger (TFT Base),13.67,11.75,-2.67,0.0,8.72
2026-05-04_09-57,Local_VSCode,DR3_Config_38_R1,Direct Reciprocity Mode 3 (Co-Evolution),2,1,10,10,0,10,1,0.5,0.0,0.0,100,100,0.1,0.5,0.2,3,1,genHalfAndHalf,1,10,17,37042,Config_38,1,"mul(PartnerInMemory, PartnerInMemory)",PartnerInMemory**2,Anti-Tit-for-Tat,"sub(1, DonorAction)",1 - DonorAction,Strict Ledger (TFT Base),13.37,12.0,-2.33,0.0,10.32
2026-05-04_09-58,Local_VSCode,DR3_Config_38_R2,Direct Reciprocity Mode 3 (Co-Evolution),2,1,10,10,0,10,1,0.5,0.0,0.0,100,100,0.1,0.5,0.2,3,1,genHalfAndHalf,1,10,17,37043,Config_38,2,"mul(PartnerInMemory, PartnerInMemory)",PartnerInMemory**2,Anti-Tit-for-Tat,"sub(mul(-10, DonorAction), -10)",10 - 10*DonorAction,Strict Ledger (TFT Base),13.27,11.65,-2.0,0.0,10.68
2026-05-04_09-58,Local_VSCode,DR3_Config_38_R3,Direct Reciprocity Mode 3 (Co-Evolution),2,1,10,10,0,10,1,0.5,0.0,0.0,100,100,0.1,0.5,0.2,3,1,genHalfAndHalf,1,10,17,37044,Config_38,3,"mul(sub(PartnerInMemory, PartnerInMemory), PartnerInMemory)",0,Unconditional Defector (ALL-D),"sub(DonorInMemory, DonorInMemory)",0,Amnesia (Remember No One),12.6,11.0,-2.6,0.0,9.48
2026-05-04_09-58,Local_VSCode,DR3_Config_38_R4,Direct Reciprocity Mode 3 (Co-Evolution),2,1,10,10,0,10,1,0.5,0.0,0.0,100,100,0.1,0.5,0.2,3,1,genHalfAndHalf,1,10,17,37045,Config_38,4,"add(-10, 10)",0,Unconditional Defector (ALL-D),"add(1, 10)",11,Paranoid (Remember Everyone),12.6,11.08,-2.6,0.0,9.16
2026-05-04_09-58,Local_VSCode,DR3_Config_38_R5,Direct Reciprocity Mode 3 (Co-Evolution),2,1,10,10,0,10,1,0.5,0.0,0.0,100,100,0.1,0.5,0.2,3,1,genHalfAndHalf,1,10,17,37046,Config_38,5,"mul(PartnerInMemory, PartnerInMemory)",PartnerInMemory**2,Anti-Tit-for-Tat,"sub(DonorAction, DonorAction)",0,Amnesia (Remember No One),13.13,11.09,-3.13,0.0,8.76
2026-05-04_09-58,Local_VSCode,DR3_Config_39_R1,Direct Reciprocity Mode 3 (Co-Evolution),2,1,10,10,0,10,1,0.5,0.0,0.0,100,100,0.5,0.5,0.2,3,1,genHalfAndHalf,1,3,17,38042,Config_39,1,"mul(PartnerInMemory, PartnerInMemory)",PartnerInMemory**2,Anti-Tit-for-Tat,"sub(1, DonorAction)",1 - DonorAction,Strict Ledger (TFT Base),13.1,11.56,-2.07,0.0,10.04
2026-05-04_09-59,Local_VSCode,DR3_Config_39_R2,Direct Reciprocity Mode 3 (Co-Evolution),2,1,10,10,0,10,1,0.5,0.0,0.0,100,100,0.5,0.5,0.2,3,1,genHalfAndHalf,1,3,17,38043,Config_39,2,"add(-1, -1)",-2,Unconditional Defector (ALL-D),"mul(DonorInMemory, DonorInMemory)",DonorInMemory**2,Sticky Memory (Ignore actions entirely),12.53,10.89,-2.53,0.0,10.24
2026-05-04_09-59,Local_VSCode,DR3_Config_39_R3,Direct Reciprocity Mode 3 (Co-Evolution),2,1,10,10,0,10,1,0.5,0.0,0.0,100,100,0.5,0.5,0.2,3,1,genHalfAndHalf,1,3,17,38044,Config_39,3,"add(PartnerInMemory, PartnerInMemory)",2*PartnerInMemory,Anti-Tit-for-Tat,"sub(1, DonorAction)",1 - DonorAction,Strict Ledger (TFT Base),13.2,11.51,-1.87,0.0,8.84
2026-05-04_09-59,Local_VSCode,DR3_Config_39_R4,Direct Reciprocity Mode 3 (Co-Evolution),2,1,10,10,0,10,1,0.5,0.0,0.0,100,100,0.5,0.5,0.2,3,1,genHalfAndHalf,1,3,17,38045,Config_39,4,"add(1, 1)",2,Unconditional Cooperator (ALL-C),"mul(0, -10)",0,Amnesia (Remember No One),12.93,10.85,7.07,0.0,9.68
2026-05-04_09-59,Local_VSCode,DR3_Config_39_R5,Direct Reciprocity Mode 3 (Co-Evolution),2,1,10,10,0,10,1,0.5,0.0,0.0,100,100,0.5,0.5,0.2,3,1,genHalfAndHalf,1,3,17,38046,Config_39,5,"mul(PartnerInMemory, PartnerInMemory)",PartnerInMemory**2,Anti-Tit-for-Tat,"sub(1, DonorAction)",1 - DonorAction,Strict Ledger (TFT Base),13.23,11.42,-2.33,0.0,10.24
2026-05-04_10-00,Local_VSCode,DR3_Config_40_R1,Direct Reciprocity Mode 3 (Co-Evolution),2,1,10,10,0,10,1,0.5,0.0,0.0,100,100,0.5,0.5,0.2,3,1,genHalfAndHalf,1,10,17,39042,Config_40,1,"sub(PartnerInMemory, -10)",PartnerInMemory + 10,Unconditional Cooperator (ALL-C),"sub(10, DonorAction)",10 - DonorAction,Paranoid (Remember Everyone),12.6,10.96,7.4,0.0,10.72
2026-05-04_10-00,Local_VSCode,DR3_Config_40_R2,Direct Reciprocity Mode 3 (Co-Evolution),2,1,10,10,0,10,1,0.5,0.0,0.0,100,100,0.5,0.5,0.2,3,1,genHalfAndHalf,1,10,17,39043,Config_40,2,"sub(1, 1)",0,Unconditional Defector (ALL-D),"add(DonorAction, DonorAction)",2*DonorAction,"Novel Mem: (True, True, False, False)",12.4,10.86,-2.4,0.0,9.8
2026-05-04_10-00,Local_VSCode,DR3_Config_40_R3,Direct Reciprocity Mode 3 (Co-Evolution),2,1,10,10,0,10,1,0.5,0.0,0.0,100,100,0.5,0.5,0.2,3,1,genHalfAndHalf,1,10,17,39044,Config_40,3,"add(PartnerInMemory, PartnerInMemory)",2*PartnerInMemory,Anti-Tit-for-Tat,"sub(1, DonorAction)",1 - DonorAction,Strict Ledger (TFT Base),13.73,11.77,-2.6,0.0,9.24
2026-05-04_10-00,Local_VSCode,DR3_Config_40_R4,Direct Reciprocity Mode 3 (Co-Evolution),2,1,10,10,0,10,1,0.5,0.0,0.0,100,100,0.5,0.5,0.2,3,1,genHalfAndHalf,1,10,17,39045,Config_40,4,"add(PartnerInMemory, PartnerInMemory)",2*PartnerInMemory,Anti-Tit-for-Tat,"sub(1, DonorAction)",1 - DonorAction,Strict Ledger (TFT Base),13.0,11.59,-1.87,0.0,9.4
2026-05-04_10-00,Local_VSCode,DR3_Config_40_R5,Direct Reciprocity Mode 3 (Co-Evolution),2,1,10,10,0,10,1,0.5,0.0,0.0,100,100,0.5,0.5,0.2,3,1,genHalfAndHalf,1,10,17,39046,Config_40,5,"mul(PartnerInMemory, PartnerInMemory)",PartnerInMemory**2,Anti-Tit-for-Tat,"sub(1, DonorAction)",1 - DonorAction,Strict Ledger (TFT Base),13.13,11.62,-2.2,0.0,9.84
2026-05-04_10-01,Local_VSCode,DR3_Config_41_R1,Direct Reciprocity Mode 3 (Co-Evolution),2,1,10,10,0,100,1,0.5,0.0,0.0,10,100,0.1,0.5,0.2,3,1,genHalfAndHalf,1,3,17,40042,Config_41,1,"add(PartnerInMemory, PartnerInMemory)",2*PartnerInMemory,Anti-Tit-for-Tat,"add(sub(1, DonorAction), sub(sub(1, DonorAction), DonorAction))",2 - 3*DonorAction,Strict Ledger (TFT Base),132.67,127.92,-10.07,0.0,102.64
2026-05-04_10-01,Local_VSCode,DR3_Config_41_R2,Direct Reciprocity Mode 3 (Co-Evolution),2,1,10,10,0,100,1,0.5,0.0,0.0,10,100,0.1,0.5,0.2,3,1,genHalfAndHalf,1,3,17,40043,Config_41,2,"mul(PartnerInMemory, add(sub(mul(PartnerInMemory, PartnerInMemory), sub(-1, -10)), add(mul(PartnerInMemory, PartnerInMemory), add(-1, 1))))",PartnerInMemory*(2*PartnerInMemory**2 - 9),Unconditional Defector (ALL-D),"add(DonorAction, sub(10, DonorAction))",10,Paranoid (Remember Everyone),112.4,105.38,-12.4,0.0,100.32
2026-05-04_10-01,Local_VSCode,DR3_Config_41_R3,Direct Reciprocity Mode 3 (Co-Evolution),2,1,10,10,0,100,1,0.5,0.0,0.0,10,100,0.1,0.5,0.2,3,1,genHalfAndHalf,1,3,17,40044,Config_41,3,"sub(PartnerInMemory, 0)",PartnerInMemory,Anti-Tit-for-Tat,"add(add(add(10, 1), add(mul(DonorInMemory, DonorAction), mul(DonorInMemory, DonorAction))), mul(add(1, DonorAction), sub(DonorInMemory, 10)))",3*DonorAction*DonorInMemory - 10*DonorAction + DonorInMemory + 1,Strict Ledger (TFT Base),130.03,120.25,-6.8,0.0,96.76
2026-05-04_10-01,Local_VSCode,DR3_Config_41_R4,Direct Reciprocity Mode 3 (Co-Evolution),2,1,10,10,0,100,1,0.5,0.0,0.0,10,100,0.1,0.5,0.2,3,1,genHalfAndHalf,1,3,17,40045,Config_41,4,"mul(PartnerInMemory, PartnerInMemory)",PartnerInMemory**2,Anti-Tit-for-Tat,"mul(sub(add(DonorInMemory, 1), DonorAction), add(DonorInMemory, 1))",(DonorInMemory + 1)*(-DonorAction + DonorInMemory + 1),Unforgiving (Grim Trigger),130.67,117.25,-8.93,0.0,101.04
2026-05-04_10-01,Local_VSCode,DR3_Config_41_R5,Direct Reciprocity Mode 3 (Co-Evolution),2,1,10,10,0,100,1,0.5,0.0,0.0,10,100,0.1,0.5,0.2,3,1,genHalfAndHalf,1,3,17,40046,Config_41,5,"mul(sub(1, 10), 1)",-9,Unconditional Defector (ALL-D),"sub(DonorInMemory, DonorInMemory)",0,Amnesia (Remember No One),110.6,106.23,-10.6,0.0,100.52
2026-05-04_10-01,Local_VSCode,DR3_Config_42_R1,Direct Reciprocity Mode 3 (Co-Evolution),2,1,10,10,0,100,1,0.5,0.0,0.0,10,100,0.1,0.5,0.2,3,1,genHalfAndHalf,1,10,17,41042,Config_42,1,"mul(PartnerInMemory, add(mul(-10, PartnerInMemory), -10))",-10*PartnerInMemory*(PartnerInMemory + 1),Unconditional Defector (ALL-D),"sub(DonorInMemory, DonorInMemory)",0,Amnesia (Remember No One),110.27,107.3,-10.27,0.0,104.84
2026-05-04_10-02,Local_VSCode,DR3_Config_42_R2,Direct Reciprocity Mode 3 (Co-Evolution),2,1,10,10,0,100,1,0.5,0.0,0.0,10,100,0.1,0.5,0.2,3,1,genHalfAndHalf,1,10,17,41043,Config_42,2,"mul(0, 0)",0,Unconditional Defector (ALL-D),"add(DonorInMemory, DonorInMemory)",2*DonorInMemory,Sticky Memory (Ignore actions entirely),110.87,106.33,-10.87,0.0,103.44
2026-05-04_10-02,Local_VSCode,DR3_Config_42_R3,Direct Reciprocity Mode 3 (Co-Evolution),2,1,10,10,0,100,1,0.5,0.0,0.0,10,100,0.1,0.5,0.2,3,1,genHalfAndHalf,1,10,17,41044,Config_42,3,"mul(mul(add(PartnerInMemory, PartnerInMemory), -1), sub(-1, 0))",2*PartnerInMemory,Anti-Tit-for-Tat,"sub(add(DonorInMemory, DonorInMemory), sub(add(DonorAction, DonorAction), 1))",-2*DonorAction + 2*DonorInMemory + 1,Unforgiving (Grim Trigger),131.37,116.09,-9.53,0.0,101.52
2026-05-04_10-02,Local_VSCode,DR3_Config_42_R4,Direct Reciprocity Mode 3 (Co-Evolution),2,1,10,10,0,100,1,0.5,0.0,0.0,10,100,0.1,0.5,0.2,3,1,genHalfAndHalf,1,10,17,41045,Config_42,4,"mul(-1, PartnerInMemory)",-PartnerInMemory,Unconditional Defector (ALL-D),"mul(DonorAction, DonorAction)",DonorAction**2,"Novel Mem: (True, True, False, False)",110.4,103.78,-10.4,0.0,100.56
2026-05-04_10-02,Local_VSCode,DR3_Config_42_R5,Direct Reciprocity Mode 3 (Co-Evolution),2,1,10,10,0,100,1,0.5,0.0,0.0,10,100,0.1,0.5,0.2,3,1,genHalfAndHalf,1,10,17,41046,Config_42,5,"mul(1, sub(1, PartnerInMemory))",1 - PartnerInMemory,Tit-for-Tat,"mul(DonorAction, DonorAction)",DonorAction**2,"Novel Mem: (True, True, False, False)",125.57,116.6,10.67,0.0,103.04
2026-05-04_10-02,Local_VSCode,DR3_Config_43_R1,Direct Reciprocity Mode 3 (Co-Evolution),2,1,10,10,0,100,1,0.5,0.0,0.0,10,100,0.5,0.5,0.2,3,1,genHalfAndHalf,1,3,17,42042,Config_43,1,"mul(-1, PartnerInMemory)",-PartnerInMemory,Unconditional Defector (ALL-D),"sub(DonorInMemory, DonorAction)",-DonorAction + DonorInMemory,"Novel Mem: (False, False, True, False)",109.13,105.92,-9.13,0.0,100.04
2026-05-04_10-02,Local_VSCode,DR3_Config_43_R2,Direct Reciprocity Mode 3 (Co-Evolution),2,1,10,10,0,100,1,0.5,0.0,0.0,10,100,0.5,0.5,0.2,3,1,genHalfAndHalf,1,3,17,42043,Config_43,2,"add(PartnerInMemory, -1)",PartnerInMemory - 1,Unconditional Defector (ALL-D),"sub(DonorAction, mul(DonorAction, DonorInMemory))",DonorAction*(1 - DonorInMemory),"Novel Mem: (False, True, False, False)",112.13,107.23,-12.13,0.0,100.72
2026-05-04_10-03,Local_VSCode,DR3_Config_43_R3,Direct Reciprocity Mode 3 (Co-Evolution),2,1,10,10,0,100,1,0.5,0.0,0.0,10,100,0.5,0.5,0.2,3,1,genHalfAndHalf,1,3,17,42044,Config_43,3,"mul(PartnerInMemory, PartnerInMemory)",PartnerInMemory**2,Anti-Tit-for-Tat,"mul(DonorInMemory, DonorInMemory)",DonorInMemory**2,Sticky Memory (Ignore actions entirely),108.67,102.87,-8.67,0.0,101.52
2026-05-04_10-03,Local_VSCode,DR3_Config_43_R4,Direct Reciprocity Mode 3 (Co-Evolution),2,1,10,10,0,100,1,0.5,0.0,0.0,10,100,0.5,0.5,0.2,3,1,genHalfAndHalf,1,3,17,42045,Config_43,4,"mul(PartnerInMemory, -10)",-10*PartnerInMemory,Unconditional Defector (ALL-D),"add(0, 0)",0,Amnesia (Remember No One),111.27,106.13,-11.27,0.0,95.96
2026-05-04_10-03,Local_VSCode,DR3_Config_43_R5,Direct Reciprocity Mode 3 (Co-Evolution),2,1,10,10,0,100,1,0.5,0.0,0.0,10,100,0.5,0.5,0.2,3,1,genHalfAndHalf,1,3,17,42046,Config_43,5,"add(PartnerInMemory, PartnerInMemory)",2*PartnerInMemory,Anti-Tit-for-Tat,"add(-10, 0)",-10,Amnesia (Remember No One),110.07,102.55,-10.07,0.0,103.64
2026-05-04_10-03,Local_VSCode,DR3_Config_44_R1,Direct Reciprocity Mode 3 (Co-Evolution),2,1,10,10,0,100,1,0.5,0.0,0.0,10,100,0.5,0.5,0.2,3,1,genHalfAndHalf,1,10,17,43042,Config_44,1,"mul(0, 0)",0,Unconditional Defector (ALL-D),"sub(DonorAction, DonorAction)",0,Amnesia (Remember No One),109.6,108.05,-9.6,0.0,102.64
2026-05-04_10-03,Local_VSCode,DR3_Config_44_R2,Direct Reciprocity Mode 3 (Co-Evolution),2,1,10,10,0,100,1,0.5,0.0,0.0,10,100,0.5,0.5,0.2,3,1,genHalfAndHalf,1,10,17,43043,Config_44,2,"sub(1, PartnerInMemory)",1 - PartnerInMemory,Tit-for-Tat,"mul(DonorAction, DonorAction)",DonorAction**2,"Novel Mem: (True, True, False, False)",126.87,119.04,9.47,0.0,98.84
2026-05-04_10-03,Local_VSCode,DR3_Config_44_R3,Direct Reciprocity Mode 3 (Co-Evolution),2,1,10,10,0,100,1,0.5,0.0,0.0,10,100,0.5,0.5,0.2,3,1,genHalfAndHalf,1,10,17,43044,Config_44,3,"sub(-10, -10)",0,Unconditional Defector (ALL-D),"sub(DonorAction, DonorAction)",0,Amnesia (Remember No One),110.27,108.63,-10.27,0.0,101.16
2026-05-04_10-03,Local_VSCode,DR3_Config_44_R4,Direct Reciprocity Mode 3 (Co-Evolution),2,1,10,10,0,100,1,0.5,0.0,0.0,10,100,0.5,0.5,0.2,3,1,genHalfAndHalf,1,10,17,43045,Config_44,4,"sub(PartnerInMemory, PartnerInMemory)",0,Unconditional Defector (ALL-D),"mul(DonorInMemory, 10)",10*DonorInMemory,Sticky Memory (Ignore actions entirely),110.67,105.88,-10.67,0.0,100.92
2026-05-04_10-04,Local_VSCode,DR3_Config_44_R5,Direct Reciprocity Mode 3 (Co-Evolution),2,1,10,10,0,100,1,0.5,0.0,0.0,10,100,0.5,0.5,0.2,3,1,genHalfAndHalf,1,10,17,43046,Config_44,5,"add(-10, -10)",-20,Unconditional Defector (ALL-D),"add(-10, -10)",-20,Amnesia (Remember No One),109.13,107.95,-9.13,0.0,100.6
2026-05-04_10-05,Local_VSCode,DR3_Config_45_R1,Direct Reciprocity Mode 3 (Co-Evolution),2,1,10,10,0,100,1,0.5,0.0,0.0,100,100,0.1,0.5,0.2,3,1,genHalfAndHalf,1,3,17,44042,Config_45,1,"add(-1, -1)",-2,Unconditional Defector (ALL-D),"sub(DonorInMemory, DonorInMemory)",0,Amnesia (Remember No One),112.53,106.24,-12.53,0.0,98.44
2026-05-04_10-06,Local_VSCode,DR3_Config_45_R2,Direct Reciprocity Mode 3 (Co-Evolution),2,1,10,10,0,100,1,0.5,0.0,0.0,100,100,0.1,0.5,0.2,3,1,genHalfAndHalf,1,3,17,44043,Config_45,2,"mul(1, PartnerInMemory)",PartnerInMemory,Anti-Tit-for-Tat,"sub(1, DonorAction)",1 - DonorAction,Strict Ledger (TFT Base),132.93,118.83,-10.93,0.0,98.72
2026-05-04_10-08,Local_VSCode,DR3_Config_45_R3,Direct Reciprocity Mode 3 (Co-Evolution),2,1,10,10,0,100,1,0.5,0.0,0.0,100,100,0.1,0.5,0.2,3,1,genHalfAndHalf,1,3,17,44044,Config_45,3,"mul(PartnerInMemory, PartnerInMemory)",PartnerInMemory**2,Anti-Tit-for-Tat,"add(1, sub(DonorInMemory, DonorAction))",-DonorAction + DonorInMemory + 1,Unforgiving (Grim Trigger),132.9,122.32,-11.27,0.0,101.72
2026-05-04_10-09,Local_VSCode,DR3_Config_45_R4,Direct Reciprocity Mode 3 (Co-Evolution),2,1,10,10,0,100,1,0.5,0.0,0.0,100,100,0.1,0.5,0.2,3,1,genHalfAndHalf,1,3,17,44045,Config_45,4,"add(PartnerInMemory, PartnerInMemory)",2*PartnerInMemory,Anti-Tit-for-Tat,"add(sub(mul(DonorInMemory, DonorInMemory), sub(DonorAction, 1)), mul(DonorAction, DonorInMemory))",DonorAction*DonorInMemory - DonorAction + DonorInMemory**2 + 1,Unforgiving (Grim Trigger),135.0,121.93,-11.2,0.0,99.6
2026-05-04_10-11,Local_VSCode,DR3_Config_45_R5,Direct Reciprocity Mode 3 (Co-Evolution),2,1,10,10,0,100,1,0.5,0.0,0.0,100,100,0.1,0.5,0.2,3,1,genHalfAndHalf,1,3,17,44046,Config_45,5,"sub(1, PartnerInMemory)",1 - PartnerInMemory,Tit-for-Tat,"sub(DonorAction, mul(DonorAction, -10))",11*DonorAction,"Novel Mem: (True, True, False, False)",130.23,112.45,5.87,0.0,103.0
2026-05-04_10-12,Local_VSCode,DR3_Config_46_R1,Direct Reciprocity Mode 3 (Co-Evolution),2,1,10,10,0,100,1,0.5,0.0,0.0,100,100,0.1,0.5,0.2,3,1,genHalfAndHalf,1,10,17,45042,Config_46,1,"mul(PartnerInMemory, add(mul(mul(PartnerInMemory, add(-1, PartnerInMemory)), PartnerInMemory), add(PartnerInMemory, PartnerInMemory)))",PartnerInMemory**2*(PartnerInMemory*(PartnerInMemory - 1) + 2),Anti-Tit-for-Tat,"sub(1, DonorAction)",1 - DonorAction,Strict Ledger (TFT Base),133.97,122.02,-10.8,0.0,100.08
2026-05-04_10-13,Local_VSCode,DR3_Config_46_R2,Direct Reciprocity Mode 3 (Co-Evolution),2,1,10,10,0,100,1,0.5,0.0,0.0,100,100,0.1,0.5,0.2,3,1,genHalfAndHalf,1,10,17,45043,Config_46,2,"sub(add(add(add(PartnerInMemory, 1), mul(0, PartnerInMemory)), mul(0, PartnerInMemory)), add(add(PartnerInMemory, 0), add(PartnerInMemory, PartnerInMemory)))",1 - 2*PartnerInMemory,Tit-for-Tat,"add(DonorAction, DonorAction)",2*DonorAction,"Novel Mem: (True, True, False, False)",130.0,116.52,4.4,0.0,98.92
2026-05-04_10-15,Local_VSCode,DR3_Config_46_R3,Direct Reciprocity Mode 3 (Co-Evolution),2,1,10,10,0,100,1,0.5,0.0,0.0,100,100,0.1,0.5,0.2,3,1,genHalfAndHalf,1,10,17,45044,Config_46,3,"add(mul(add(mul(-10, 10), mul(-1, PartnerInMemory)), mul(sub(PartnerInMemory, 1), add(sub(PartnerInMemory, 1), 10))), -1)",-(PartnerInMemory - 1)*(PartnerInMemory + 9)*(PartnerInMemory + 100) - 1,Tit-for-Tat,"add(DonorAction, DonorInMemory)",DonorAction + DonorInMemory,"Novel Mem: (True, True, True, False)",129.47,115.01,5.6,0.0,99.04
2026-05-04_10-16,Local_VSCode,DR3_Config_46_R4,Direct Reciprocity Mode 3 (Co-Evolution),2,1,10,10,0,100,1,0.5,0.0,0.0,100,100,0.1,0.5,0.2,3,1,genHalfAndHalf,1,10,17,45045,Config_46,4,"add(PartnerInMemory, PartnerInMemory)",2*PartnerInMemory,Anti-Tit-for-Tat,"sub(DonorInMemory, sub(add(sub(sub(-1, add(0, DonorInMemory)), add(0, DonorInMemory)), DonorAction), add(DonorInMemory, DonorInMemory)))",-DonorAction + 5*DonorInMemory + 1,Unforgiving (Grim Trigger),133.13,123.15,-11.2,0.0,102.24
2026-05-04_10-18,Local_VSCode,DR3_Config_46_R5,Direct Reciprocity Mode 3 (Co-Evolution),2,1,10,10,0,100,1,0.5,0.0,0.0,100,100,0.1,0.5,0.2,3,1,genHalfAndHalf,1,10,17,45046,Config_46,5,"mul(mul(-1, 10), sub(PartnerInMemory, 1))",10 - 10*PartnerInMemory,Tit-for-Tat,"add(mul(DonorAction, DonorAction), DonorAction)",DonorAction*(DonorAction + 1),"Novel Mem: (True, True, False, False)",128.7,117.07,7.6,0.0,102.6
2026-05-04_10-19,Local_VSCode,DR3_Config_47_R1,Direct Reciprocity Mode 3 (Co-Evolution),2,1,10,10,0,100,1,0.5,0.0,0.0,100,100,0.5,0.5,0.2,3,1,genHalfAndHalf,1,3,17,46042,Config_47,1,"add(PartnerInMemory, PartnerInMemory)",2*PartnerInMemory,Anti-Tit-for-Tat,"sub(1, DonorAction)",1 - DonorAction,Strict Ledger (TFT Base),132.77,120.66,-10.73,0.0,100.36
2026-05-04_10-20,Local_VSCode,DR3_Config_47_R2,Direct Reciprocity Mode 3 (Co-Evolution),2,1,10,10,0,100,1,0.5,0.0,0.0,100,100,0.5,0.5,0.2,3,1,genHalfAndHalf,1,3,17,46043,Config_47,2,"sub(1, PartnerInMemory)",1 - PartnerInMemory,Tit-for-Tat,"mul(DonorAction, DonorAction)",DonorAction**2,"Novel Mem: (True, True, False, False)",127.97,116.29,7.2,0.0,101.28
2026-05-04_10-22,Local_VSCode,DR3_Config_47_R3,Direct Reciprocity Mode 3 (Co-Evolution),2,1,10,10,0,100,1,0.5,0.0,0.0,100,100,0.5,0.5,0.2,3,1,genHalfAndHalf,1,3,17,46044,Config_47,3,"sub(1, PartnerInMemory)",1 - PartnerInMemory,Tit-for-Tat,"add(DonorAction, DonorAction)",2*DonorAction,"Novel Mem: (True, True, False, False)",129.2,117.66,4.6,0.0,98.56
2026-05-04_10-23,Local_VSCode,DR3_Config_47_R4,Direct Reciprocity Mode 3 (Co-Evolution),2,1,10,10,0,100,1,0.5,0.0,0.0,100,100,0.5,0.5,0.2,3,1,genHalfAndHalf,1,3,17,46045,Config_47,4,"mul(add(PartnerInMemory, -1), -10)",10 - 10*PartnerInMemory,Tit-for-Tat,"add(DonorAction, DonorInMemory)",DonorAction + DonorInMemory,"Novel Mem: (True, True, True, False)",128.43,117.73,5.33,0.0,101.84
2026-05-04_10-25,Local_VSCode,DR3_Config_47_R5,Direct Reciprocity Mode 3 (Co-Evolution),2,1,10,10,0,100,1,0.5,0.0,0.0,100,100,0.5,0.5,0.2,3,1,genHalfAndHalf,1,3,17,46046,Config_47,5,"mul(PartnerInMemory, PartnerInMemory)",PartnerInMemory**2,Anti-Tit-for-Tat,"sub(1, DonorAction)",1 - DonorAction,Strict Ledger (TFT Base),133.47,122.96,-11.4,0.0,101.64
2026-05-04_10-26,Local_VSCode,DR3_Config_48_R1,Direct Reciprocity Mode 3 (Co-Evolution),2,1,10,10,0,100,1,0.5,0.0,0.0,100,100,0.5,0.5,0.2,3,1,genHalfAndHalf,1,10,17,47042,Config_48,1,"mul(PartnerInMemory, PartnerInMemory)",PartnerInMemory**2,Anti-Tit-for-Tat,"sub(mul(DonorAction, -1), -1)",1 - DonorAction,Strict Ledger (TFT Base),134.07,122.58,-11.6,0.0,97.76
2026-05-04_10-28,Local_VSCode,DR3_Config_48_R2,Direct Reciprocity Mode 3 (Co-Evolution),2,1,10,10,0,100,1,0.5,0.0,0.0,100,100,0.5,0.5,0.2,3,1,genHalfAndHalf,1,10,17,47043,Config_48,2,"mul(PartnerInMemory, PartnerInMemory)",PartnerInMemory**2,Anti-Tit-for-Tat,"sub(DonorInMemory, add(-1, DonorAction))",-DonorAction + DonorInMemory + 1,Unforgiving (Grim Trigger),133.93,122.29,-11.87,0.0,103.44
2026-05-04_10-29,Local_VSCode,DR3_Config_48_R3,Direct Reciprocity Mode 3 (Co-Evolution),2,1,10,10,0,100,1,0.5,0.0,0.0,100,100,0.5,0.5,0.2,3,1,genHalfAndHalf,1,10,17,47044,Config_48,3,"add(PartnerInMemory, PartnerInMemory)",2*PartnerInMemory,Anti-Tit-for-Tat,"sub(1, DonorAction)",1 - DonorAction,Strict Ledger (TFT Base),132.83,122.02,-10.93,0.0,93.88
2026-05-04_10-30,Local_VSCode,DR3_Config_48_R4,Direct Reciprocity Mode 3 (Co-Evolution),2,1,10,10,0,100,1,0.5,0.0,0.0,100,100,0.5,0.5,0.2,3,1,genHalfAndHalf,1,10,17,47045,Config_48,4,"mul(PartnerInMemory, PartnerInMemory)",PartnerInMemory**2,Anti-Tit-for-Tat,"sub(1, DonorAction)",1 - DonorAction,Strict Ledger (TFT Base),132.93,123.68,-10.87,0.0,101.84
2026-05-04_10-32,Local_VSCode,DR3_Config_48_R5,Direct Reciprocity Mode 3 (Co-Evolution),2,1,10,10,0,100,1,0.5,0.0,0.0,100,100,0.5,0.5,0.2,3,1,genHalfAndHalf,1,10,17,47046,Config_48,5,"add(PartnerInMemory, PartnerInMemory)",2*PartnerInMemory,Anti-Tit-for-Tat,"sub(1, DonorAction)",1 - DonorAction,Strict Ledger (TFT Base),132.33,121.17,-10.4,0.0,98.04
2026-05-04_10-32,Local_VSCode,DR3_Config_49_R1,Direct Reciprocity Mode 3 (Co-Evolution),2,1,10,10,10,10,1,0.5,0.0,0.0,10,100,0.1,0.5,0.2,3,1,genHalfAndHalf,1,3,17,48042,Config_49,1,"add(PartnerInMemory, PartnerInMemory)",2*PartnerInMemory,Anti-Tit-for-Tat,"mul(-10, DonorInMemory)",-10*DonorInMemory,Amnesia (Remember No One),8.67,7.57,-5.07,6.4,3.04
2026-05-04_10-32,Local_VSCode,DR3_Config_49_R2,Direct Reciprocity Mode 3 (Co-Evolution),2,1,10,10,10,10,1,0.5,0.0,0.0,10,100,0.1,0.5,0.2,3,1,genHalfAndHalf,1,3,17,48043,Config_49,2,"add(-10, -10)",-20,Unconditional Defector (ALL-D),"sub(DonorAction, DonorInMemory)",DonorAction - DonorInMemory,"Novel Mem: (False, True, False, False)",8.27,7.49,-4.53,6.27,3.08
2026-05-04_10-32,Local_VSCode,DR3_Config_49_R3,Direct Reciprocity Mode 3 (Co-Evolution),2,1,10,10,10,10,1,0.5,0.0,0.0,10,100,0.1,0.5,0.2,3,1,genHalfAndHalf,1,3,17,48044,Config_49,3,"add(0, 0)",0,Unconditional Defector (ALL-D),"mul(DonorAction, -1)",-DonorAction,Amnesia (Remember No One),8.2,7.49,-4.8,6.6,3.52
2026-05-04_10-32,Local_VSCode,DR3_Config_49_R4,Direct Reciprocity Mode 3 (Co-Evolution),2,1,10,10,10,10,1,0.5,0.0,0.0,10,100,0.1,0.5,0.2,3,1,genHalfAndHalf,1,3,17,48045,Config_49,4,"add(add(-10, -1), add(-10, -1))",-22,Unconditional Defector (ALL-D),"sub(0, 0)",0,Amnesia (Remember No One),8.27,7.38,-4.8,6.53,3.18
2026-05-04_10-32,Local_VSCode,DR3_Config_49_R5,Direct Reciprocity Mode 3 (Co-Evolution),2,1,10,10,10,10,1,0.5,0.0,0.0,10,100,0.1,0.5,0.2,3,1,genHalfAndHalf,1,3,17,48046,Config_49,5,"sub(1, 1)",0,Unconditional Defector (ALL-D),"add(DonorInMemory, DonorInMemory)",2*DonorInMemory,Sticky Memory (Ignore actions entirely),8.2,7.59,-4.4,6.2,3.04
2026-05-04_10-32,Local_VSCode,DR3_Config_50_R1,Direct Reciprocity Mode 3 (Co-Evolution),2,1,10,10,10,10,1,0.5,0.0,0.0,10,100,0.1,0.5,0.2,3,1,genHalfAndHalf,1,10,17,49042,Config_50,1,"mul(PartnerInMemory, PartnerInMemory)",PartnerInMemory**2,Anti-Tit-for-Tat,"add(0, 0)",0,Amnesia (Remember No One),8.53,7.1,-4.13,5.6,3.96
2026-05-04_10-32,Local_VSCode,DR3_Config_50_R2,Direct Reciprocity Mode 3 (Co-Evolution),2,1,10,10,10,10,1,0.5,0.0,0.0,10,100,0.1,0.5,0.2,3,1,genHalfAndHalf,1,10,17,49043,Config_50,2,"mul(PartnerInMemory, PartnerInMemory)",PartnerInMemory**2,Anti-Tit-for-Tat,"sub(DonorInMemory, DonorInMemory)",0,Amnesia (Remember No One),8.53,7.77,-4.2,5.67,4.24
2026-05-04_10-32,Local_VSCode,DR3_Config_50_R3,Direct Reciprocity Mode 3 (Co-Evolution),2,1,10,10,10,10,1,0.5,0.0,0.0,10,100,0.1,0.5,0.2,3,1,genHalfAndHalf,1,10,17,49044,Config_50,3,"add(PartnerInMemory, PartnerInMemory)",2*PartnerInMemory,Anti-Tit-for-Tat,"mul(sub(DonorAction, DonorAction), mul(10, DonorAction))",0,Amnesia (Remember No One),8.73,7.0,-4.8,6.07,3.38
2026-05-04_10-32,Local_VSCode,DR3_Config_50_R4,Direct Reciprocity Mode 3 (Co-Evolution),2,1,10,10,10,10,1,0.5,0.0,0.0,10,100,0.1,0.5,0.2,3,1,genHalfAndHalf,1,10,17,49045,Config_50,4,"sub(PartnerInMemory, PartnerInMemory)",0,Unconditional Defector (ALL-D),"mul(add(DonorAction, DonorInMemory), 0)",0,Amnesia (Remember No One),8.67,7.96,-4.53,5.87,4.7
2026-05-04_10-32,Local_VSCode,DR3_Config_50_R5,Direct Reciprocity Mode 3 (Co-Evolution),2,1,10,10,10,10,1,0.5,0.0,0.0,10,100,0.1,0.5,0.2,3,1,genHalfAndHalf,1,10,17,49046,Config_50,5,"sub(PartnerInMemory, PartnerInMemory)",0,Unconditional Defector (ALL-D),"sub(add(DonorInMemory, -10), -10)",DonorInMemory,Sticky Memory (Ignore actions entirely),8.6,7.33,-4.6,6.0,3.0
2026-05-04_10-32,Local_VSCode,DR3_Config_51_R1,Direct Reciprocity Mode 3 (Co-Evolution),2,1,10,10,10,10,1,0.5,0.0,0.0,10,100,0.5,0.5,0.2,3,1,genHalfAndHalf,1,3,17,50042,Config_51,1,"sub(0, PartnerInMemory)",-PartnerInMemory,Unconditional Defector (ALL-D),"sub(DonorInMemory, DonorAction)",-DonorAction + DonorInMemory,"Novel Mem: (False, False, True, False)",8.27,7.52,-4.87,6.6,3.54
2026-05-04_10-32,Local_VSCode,DR3_Config_51_R2,Direct Reciprocity Mode 3 (Co-Evolution),2,1,10,10,10,10,1,0.5,0.0,0.0,10,100,0.5,0.5,0.2,3,1,genHalfAndHalf,1,3,17,50043,Config_51,2,"mul(PartnerInMemory, PartnerInMemory)",PartnerInMemory**2,Anti-Tit-for-Tat,"add(-1, DonorAction)",DonorAction - 1,Amnesia (Remember No One),8.0,6.93,-3.87,5.87,3.48
2026-05-04_10-32,Local_VSCode,DR3_Config_51_R3,Direct Reciprocity Mode 3 (Co-Evolution),2,1,10,10,10,10,1,0.5,0.0,0.0,10,100,0.5,0.5,0.2,3,1,genHalfAndHalf,1,3,17,50044,Config_51,3,"mul(PartnerInMemory, PartnerInMemory)",PartnerInMemory**2,Anti-Tit-for-Tat,"sub(DonorInMemory, DonorInMemory)",0,Amnesia (Remember No One),8.2,7.53,-4.6,6.4,2.82
2026-05-04_10-32,Local_VSCode,DR3_Config_51_R4,Direct Reciprocity Mode 3 (Co-Evolution),2,1,10,10,10,10,1,0.5,0.0,0.0,10,100,0.5,0.5,0.2,3,1,genHalfAndHalf,1,3,17,50045,Config_51,4,"mul(PartnerInMemory, PartnerInMemory)",PartnerInMemory**2,Anti-Tit-for-Tat,"mul(DonorAction, DonorInMemory)",DonorAction*DonorInMemory,"Novel Mem: (True, False, False, False)",7.93,6.91,-4.0,6.07,2.52
2026-05-04_10-32,Local_VSCode,DR3_Config_51_R5,Direct Reciprocity Mode 3 (Co-Evolution),2,1,10,10,10,10,1,0.5,0.0,0.0,10,100,0.5,0.5,0.2,3,1,genHalfAndHalf,1,3,17,50046,Config_51,5,"sub(0, 0)",0,Unconditional Defector (ALL-D),"mul(DonorInMemory, DonorInMemory)",DonorInMemory**2,Sticky Memory (Ignore actions entirely),8.07,7.65,-4.33,6.27,3.04
2026-05-04_10-32,Local_VSCode,DR3_Config_52_R1,Direct Reciprocity Mode 3 (Co-Evolution),2,1,10,10,10,10,1,0.5,0.0,0.0,10,100,0.5,0.5,0.2,3,1,genHalfAndHalf,1,10,17,51042,Config_52,1,"add(PartnerInMemory, PartnerInMemory)",2*PartnerInMemory,Anti-Tit-for-Tat,"sub(DonorAction, DonorAction)",0,Amnesia (Remember No One),8.2,6.61,-4.27,6.07,2.96
2026-05-04_10-32,Local_VSCode,DR3_Config_52_R2,Direct Reciprocity Mode 3 (Co-Evolution),2,1,10,10,10,10,1,0.5,0.0,0.0,10,100,0.5,0.5,0.2,3,1,genHalfAndHalf,1,10,17,51043,Config_52,2,"mul(1, PartnerInMemory)",PartnerInMemory,Anti-Tit-for-Tat,"mul(DonorInMemory, DonorInMemory)",DonorInMemory**2,Sticky Memory (Ignore actions entirely),8.27,7.77,-4.73,6.47,3.54
2026-05-04_10-32,Local_VSCode,DR3_Config_52_R3,Direct Reciprocity Mode 3 (Co-Evolution),2,1,10,10,10,10,1,0.5,0.0,0.0,10,100,0.5,0.5,0.2,3,1,genHalfAndHalf,1,10,17,51044,Config_52,3,"mul(PartnerInMemory, PartnerInMemory)",PartnerInMemory**2,Anti-Tit-for-Tat,"add(DonorInMemory, DonorInMemory)",2*DonorInMemory,Sticky Memory (Ignore actions entirely),8.33,7.52,-3.93,5.6,4.0
2026-05-04_10-32,Local_VSCode,DR3_Config_52_R4,Direct Reciprocity Mode 3 (Co-Evolution),2,1,10,10,10,10,1,0.5,0.0,0.0,10,100,0.5,0.5,0.2,3,1,genHalfAndHalf,1,10,17,51045,Config_52,4,"mul(PartnerInMemory, PartnerInMemory)",PartnerInMemory**2,Anti-Tit-for-Tat,"add(-1, DonorAction)",DonorAction - 1,Amnesia (Remember No One),8.53,6.96,-4.2,5.67,3.76
2026-05-04_10-33,Local_VSCode,DR3_Config_52_R5,Direct Reciprocity Mode 3 (Co-Evolution),2,1,10,10,10,10,1,0.5,0.0,0.0,10,100,0.5,0.5,0.2,3,1,genHalfAndHalf,1,10,17,51046,Config_52,5,"sub(PartnerInMemory, PartnerInMemory)",0,Unconditional Defector (ALL-D),"mul(DonorAction, -10)",-10*DonorAction,Amnesia (Remember No One),8.4,7.62,-4.53,6.13,2.92
2026-05-04_10-33,Local_VSCode,DR3_Config_53_R1,Direct Reciprocity Mode 3 (Co-Evolution),2,1,10,10,10,10,1,0.5,0.0,0.0,100,100,0.1,0.5,0.2,3,1,genHalfAndHalf,1,3,17,52042,Config_53,1,"mul(PartnerInMemory, PartnerInMemory)",PartnerInMemory**2,Anti-Tit-for-Tat,"mul(DonorInMemory, DonorAction)",DonorAction*DonorInMemory,"Novel Mem: (True, False, False, False)",8.93,7.24,-4.93,6.0,2.76
2026-05-04_10-33,Local_VSCode,DR3_Config_53_R2,Direct Reciprocity Mode 3 (Co-Evolution),2,1,10,10,10,10,1,0.5,0.0,0.0,100,100,0.1,0.5,0.2,3,1,genHalfAndHalf,1,3,17,52043,Config_53,2,"mul(-10, PartnerInMemory)",-10*PartnerInMemory,Unconditional Defector (ALL-D),"sub(DonorInMemory, DonorAction)",-DonorAction + DonorInMemory,"Novel Mem: (False, False, True, False)",8.8,7.06,-4.67,5.87,3.98
2026-05-04_10-33,Local_VSCode,DR3_Config_53_R3,Direct Reciprocity Mode 3 (Co-Evolution),2,1,10,10,10,10,1,0.5,0.0,0.0,100,100,0.1,0.5,0.2,3,1,genHalfAndHalf,1,3,17,52044,Config_53,3,"sub(PartnerInMemory, PartnerInMemory)",0,Unconditional Defector (ALL-D),"sub(-10, DonorInMemory)",-DonorInMemory - 10,Amnesia (Remember No One),8.8,7.33,-4.33,5.53,3.46
2026-05-04_10-34,Local_VSCode,DR3_Config_53_R4,Direct Reciprocity Mode 3 (Co-Evolution),2,1,10,10,10,10,1,0.5,0.0,0.0,100,100,0.1,0.5,0.2,3,1,genHalfAndHalf,1,3,17,52045,Config_53,4,"sub(PartnerInMemory, PartnerInMemory)",0,Unconditional Defector (ALL-D),"add(DonorInMemory, DonorInMemory)",2*DonorInMemory,Sticky Memory (Ignore actions entirely),8.8,7.37,-4.73,5.93,4.6
2026-05-04_10-34,Local_VSCode,DR3_Config_53_R5,Direct Reciprocity Mode 3 (Co-Evolution),2,1,10,10,10,10,1,0.5,0.0,0.0,100,100,0.1,0.5,0.2,3,1,genHalfAndHalf,1,3,17,52046,Config_53,5,"mul(PartnerInMemory, PartnerInMemory)",PartnerInMemory**2,Anti-Tit-for-Tat,"mul(DonorInMemory, DonorInMemory)",DonorInMemory**2,Sticky Memory (Ignore actions entirely),8.6,7.49,-4.13,5.53,3.98
2026-05-04_10-34,Local_VSCode,DR3_Config_54_R1,Direct Reciprocity Mode 3 (Co-Evolution),2,1,10,10,10,10,1,0.5,0.0,0.0,100,100,0.1,0.5,0.2,3,1,genHalfAndHalf,1,10,17,53042,Config_54,1,"sub(0, 0)",0,Unconditional Defector (ALL-D),"mul(DonorAction, DonorAction)",DonorAction**2,"Novel Mem: (True, True, False, False)",8.67,7.24,-4.13,5.47,4.08
2026-05-04_10-35,Local_VSCode,DR3_Config_54_R2,Direct Reciprocity Mode 3 (Co-Evolution),2,1,10,10,10,10,1,0.5,0.0,0.0,100,100,0.1,0.5,0.2,3,1,genHalfAndHalf,1,10,17,53043,Config_54,2,"mul(1, PartnerInMemory)",PartnerInMemory,Anti-Tit-for-Tat,"sub(DonorAction, DonorAction)",0,Amnesia (Remember No One),8.73,7.13,-5.13,6.4,3.22
2026-05-04_10-35,Local_VSCode,DR3_Config_54_R3,Direct Reciprocity Mode 3 (Co-Evolution),2,1,10,10,10,10,1,0.5,0.0,0.0,100,100,0.1,0.5,0.2,3,1,genHalfAndHalf,1,10,17,53044,Config_54,3,"add(PartnerInMemory, add(PartnerInMemory, PartnerInMemory))",3*PartnerInMemory,Anti-Tit-for-Tat,"mul(DonorInMemory, DonorInMemory)",DonorInMemory**2,Sticky Memory (Ignore actions entirely),8.93,7.51,-5.47,6.53,3.32
2026-05-04_10-35,Local_VSCode,DR3_Config_54_R4,Direct Reciprocity Mode 3 (Co-Evolution),2,1,10,10,10,10,1,0.5,0.0,0.0,100,100,0.1,0.5,0.2,3,1,genHalfAndHalf,1,10,17,53045,Config_54,4,"add(-10, PartnerInMemory)",PartnerInMemory - 10,Unconditional Defector (ALL-D),"sub(0, DonorInMemory)",-DonorInMemory,Amnesia (Remember No One),8.8,7.54,-4.27,5.47,3.96
2026-05-04_10-36,Local_VSCode,DR3_Config_54_R5,Direct Reciprocity Mode 3 (Co-Evolution),2,1,10,10,10,10,1,0.5,0.0,0.0,100,100,0.1,0.5,0.2,3,1,genHalfAndHalf,1,10,17,53046,Config_54,5,"add(PartnerInMemory, PartnerInMemory)",2*PartnerInMemory,Anti-Tit-for-Tat,"mul(DonorAction, DonorInMemory)",DonorAction*DonorInMemory,"Novel Mem: (True, False, False, False)",8.67,6.99,-4.93,6.27,3.46
2026-05-04_10-36,Local_VSCode,DR3_Config_55_R1,Direct Reciprocity Mode 3 (Co-Evolution),2,1,10,10,10,10,1,0.5,0.0,0.0,100,100,0.5,0.5,0.2,3,1,genHalfAndHalf,1,3,17,54042,Config_55,1,"sub(PartnerInMemory, PartnerInMemory)",0,Unconditional Defector (ALL-D),"sub(DonorAction, DonorAction)",0,Amnesia (Remember No One),9.2,7.43,-4.87,5.67,3.8
2026-05-04_10-36,Local_VSCode,DR3_Config_55_R2,Direct Reciprocity Mode 3 (Co-Evolution),2,1,10,10,10,10,1,0.5,0.0,0.0,100,100,0.5,0.5,0.2,3,1,genHalfAndHalf,1,3,17,54043,Config_55,2,"sub(PartnerInMemory, PartnerInMemory)",0,Unconditional Defector (ALL-D),"mul(DonorInMemory, DonorAction)",DonorAction*DonorInMemory,"Novel Mem: (True, False, False, False)",8.6,7.39,-4.47,5.87,2.22
2026-05-04_10-37,Local_VSCode,DR3_Config_55_R3,Direct Reciprocity Mode 3 (Co-Evolution),2,1,10,10,10,10,1,0.5,0.0,0.0,100,100,0.5,0.5,0.2,3,1,genHalfAndHalf,1,3,17,54044,Config_55,3,"mul(-10, 1)",-10,Unconditional Defector (ALL-D),"add(DonorInMemory, DonorInMemory)",2*DonorInMemory,Sticky Memory (Ignore actions entirely),8.87,6.82,-4.67,5.8,4.28
2026-05-04_10-37,Local_VSCode,DR3_Config_55_R4,Direct Reciprocity Mode 3 (Co-Evolution),2,1,10,10,10,10,1,0.5,0.0,0.0,100,100,0.5,0.5,0.2,3,1,genHalfAndHalf,1,3,17,54045,Config_55,4,"add(-10, 0)",-10,Unconditional Defector (ALL-D),"sub(-10, DonorAction)",-DonorAction - 10,Amnesia (Remember No One),8.93,7.25,-4.73,5.8,3.82
2026-05-04_10-37,Local_VSCode,DR3_Config_55_R5,Direct Reciprocity Mode 3 (Co-Evolution),2,1,10,10,10,10,1,0.5,0.0,0.0,100,100,0.5,0.5,0.2,3,1,genHalfAndHalf,1,3,17,54046,Config_55,5,"sub(PartnerInMemory, PartnerInMemory)",0,Unconditional Defector (ALL-D),"sub(-10, DonorInMemory)",-DonorInMemory - 10,Amnesia (Remember No One),8.87,7.12,-4.8,5.93,4.36
2026-05-04_10-37,Local_VSCode,DR3_Config_56_R1,Direct Reciprocity Mode 3 (Co-Evolution),2,1,10,10,10,10,1,0.5,0.0,0.0,100,100,0.5,0.5,0.2,3,1,genHalfAndHalf,1,10,17,55042,Config_56,1,"mul(PartnerInMemory, PartnerInMemory)",PartnerInMemory**2,Anti-Tit-for-Tat,"mul(DonorInMemory, DonorInMemory)",DonorInMemory**2,Sticky Memory (Ignore actions entirely),8.73,7.41,-4.93,6.2,4.2
2026-05-04_10-38,Local_VSCode,DR3_Config_56_R2,Direct Reciprocity Mode 3 (Co-Evolution),2,1,10,10,10,10,1,0.5,0.0,0.0,100,100,0.5,0.5,0.2,3,1,genHalfAndHalf,1,10,17,55043,Config_56,2,"add(PartnerInMemory, -1)",PartnerInMemory - 1,Unconditional Defector (ALL-D),"sub(DonorInMemory, 1)",DonorInMemory - 1,Amnesia (Remember No One),9.07,7.35,-3.93,4.87,3.64
2026-05-04_10-38,Local_VSCode,DR3_Config_56_R3,Direct Reciprocity Mode 3 (Co-Evolution),2,1,10,10,10,10,1,0.5,0.0,0.0,100,100,0.5,0.5,0.2,3,1,genHalfAndHalf,1,10,17,55044,Config_56,3,"mul(0, 0)",0,Unconditional Defector (ALL-D),"sub(DonorInMemory, DonorInMemory)",0,Amnesia (Remember No One),8.67,7.49,-4.33,5.67,2.76
2026-05-04_10-38,Local_VSCode,DR3_Config_56_R4,Direct Reciprocity Mode 3 (Co-Evolution),2,1,10,10,10,10,1,0.5,0.0,0.0,100,100,0.5,0.5,0.2,3,1,genHalfAndHalf,1,10,17,55045,Config_56,4,"mul(PartnerInMemory, PartnerInMemory)",PartnerInMemory**2,Anti-Tit-for-Tat,"sub(-1, -1)",0,Amnesia (Remember No One),8.67,7.35,-4.47,5.8,3.46
2026-05-04_10-39,Local_VSCode,DR3_Config_56_R5,Direct Reciprocity Mode 3 (Co-Evolution),2,1,10,10,10,10,1,0.5,0.0,0.0,100,100,0.5,0.5,0.2,3,1,genHalfAndHalf,1,10,17,55046,Config_56,5,"sub(-10, 10)",-20,Unconditional Defector (ALL-D),"mul(-1, -1)",1,Paranoid (Remember Everyone),9.0,7.5,-5.33,6.33,3.62
2026-05-04_10-39,Local_VSCode,DR3_Config_57_R1,Direct Reciprocity Mode 3 (Co-Evolution),2,1,10,10,10,100,1,0.5,0.0,0.0,10,100,0.1,0.5,0.2,3,1,genHalfAndHalf,1,3,17,56042,Config_57,1,"mul(10, sub(add(sub(PartnerInMemory, 0), PartnerInMemory), add(sub(PartnerInMemory, 0), 0)))",10*PartnerInMemory,Anti-Tit-for-Tat,"sub(1, add(add(add(1, DonorAction), sub(DonorAction, 0)), add(mul(DonorInMemory, DonorInMemory), add(DonorAction, DonorAction))))",-4*DonorAction - DonorInMemory**2,Amnesia (Remember No One),74.27,67.83,-41.47,67.2,59.76
2026-05-04_10-39,Local_VSCode,DR3_Config_57_R2,Direct Reciprocity Mode 3 (Co-Evolution),2,1,10,10,10,100,1,0.5,0.0,0.0,10,100,0.1,0.5,0.2,3,1,genHalfAndHalf,1,3,17,56043,Config_57,2,"sub(add(PartnerInMemory, PartnerInMemory), mul(PartnerInMemory, PartnerInMemory))",PartnerInMemory*(2 - PartnerInMemory),Anti-Tit-for-Tat,"mul(DonorAction, DonorInMemory)",DonorAction*DonorInMemory,"Novel Mem: (True, False, False, False)",74.67,67.05,-40.2,65.53,57.66
2026-05-04_10-39,Local_VSCode,DR3_Config_57_R3,Direct Reciprocity Mode 3 (Co-Evolution),2,1,10,10,10,100,1,0.5,0.0,0.0,10,100,0.1,0.5,0.2,3,1,genHalfAndHalf,1,3,17,56044,Config_57,3,"mul(1, add(PartnerInMemory, PartnerInMemory))",2*PartnerInMemory,Anti-Tit-for-Tat,"mul(add(DonorInMemory, DonorAction), sub(DonorInMemory, DonorInMemory))",0,Amnesia (Remember No One),73.87,64.37,-39.2,65.33,56.26
2026-05-04_10-40,Local_VSCode,DR3_Config_57_R4,Direct Reciprocity Mode 3 (Co-Evolution),2,1,10,10,10,100,1,0.5,0.0,0.0,10,100,0.1,0.5,0.2,3,1,genHalfAndHalf,1,3,17,56045,Config_57,4,"mul(PartnerInMemory, PartnerInMemory)",PartnerInMemory**2,Anti-Tit-for-Tat,"mul(sub(mul(DonorInMemory, 0), DonorAction), DonorAction)",-DonorAction**2,Amnesia (Remember No One),74.6,71.48,-43.6,69.0,52.96
2026-05-04_10-40,Local_VSCode,DR3_Config_57_R5,Direct Reciprocity Mode 3 (Co-Evolution),2,1,10,10,10,100,1,0.5,0.0,0.0,10,100,0.1,0.5,0.2,3,1,genHalfAndHalf,1,3,17,56046,Config_57,5,"sub(sub(1, 10), 10)",-19,Unconditional Defector (ALL-D),"sub(1, 1)",0,Amnesia (Remember No One),73.2,69.75,-40.53,67.33,56.8
2026-05-04_10-40,Local_VSCode,DR3_Config_58_R1,Direct Reciprocity Mode 3 (Co-Evolution),2,1,10,10,10,100,1,0.5,0.0,0.0,10,100,0.1,0.5,0.2,3,1,genHalfAndHalf,1,10,17,57042,Config_58,1,"mul(PartnerInMemory, PartnerInMemory)",PartnerInMemory**2,Anti-Tit-for-Tat,"add(mul(DonorAction, DonorInMemory), sub(-1, DonorAction))",DonorAction*DonorInMemory - DonorAction - 1,Amnesia (Remember No One),73.53,70.27,-38.8,65.27,52.7
2026-05-04_10-40,Local_VSCode,DR3_Config_58_R2,Direct Reciprocity Mode 3 (Co-Evolution),2,1,10,10,10,100,1,0.5,0.0,0.0,10,100,0.1,0.5,0.2,3,1,genHalfAndHalf,1,10,17,57043,Config_58,2,"mul(PartnerInMemory, add(-10, sub(PartnerInMemory, 10)))",PartnerInMemory*(PartnerInMemory - 20),Unconditional Defector (ALL-D),"add(DonorInMemory, mul(DonorInMemory, DonorInMemory))",DonorInMemory*(DonorInMemory + 1),Sticky Memory (Ignore actions entirely),74.33,66.68,-40.87,66.53,56.84
2026-05-04_10-41,Local_VSCode,DR3_Config_58_R3,Direct Reciprocity Mode 3 (Co-Evolution),2,1,10,10,10,100,1,0.5,0.0,0.0,10,100,0.1,0.5,0.2,3,1,genHalfAndHalf,1,10,17,57044,Config_58,3,"mul(mul(add(PartnerInMemory, PartnerInMemory), 1), mul(PartnerInMemory, 1))",2*PartnerInMemory**2,Anti-Tit-for-Tat,"mul(-10, DonorAction)",-10*DonorAction,Amnesia (Remember No One),74.0,68.17,-40.93,66.93,56.56
2026-05-04_10-41,Local_VSCode,DR3_Config_58_R4,Direct Reciprocity Mode 3 (Co-Evolution),2,1,10,10,10,100,1,0.5,0.0,0.0,10,100,0.1,0.5,0.2,3,1,genHalfAndHalf,1,10,17,57045,Config_58,4,"add(mul(PartnerInMemory, PartnerInMemory), PartnerInMemory)",PartnerInMemory*(PartnerInMemory + 1),Anti-Tit-for-Tat,"add(sub(sub(sub(0, DonorInMemory), DonorInMemory), mul(DonorAction, 10)), add(mul(DonorAction, 0), 0))",-10*DonorAction - 2*DonorInMemory,Amnesia (Remember No One),73.87,72.45,-38.87,65.0,54.2
2026-05-04_10-41,Local_VSCode,DR3_Config_58_R5,Direct Reciprocity Mode 3 (Co-Evolution),2,1,10,10,10,100,1,0.5,0.0,0.0,10,100,0.1,0.5,0.2,3,1,genHalfAndHalf,1,10,17,57046,Config_58,5,"sub(sub(add(-1, -1), sub(0, -10)), -10)",-2,Unconditional Defector (ALL-D),"mul(mul(mul(DonorInMemory, DonorAction), DonorAction), add(DonorAction, DonorAction))",2*DonorAction**3*DonorInMemory,"Novel Mem: (True, False, False, False)",74.33,70.83,-41.47,67.13,55.02
2026-05-04_10-41,Local_VSCode,DR3_Config_59_R1,Direct Reciprocity Mode 3 (Co-Evolution),2,1,10,10,10,100,1,0.5,0.0,0.0,10,100,0.5,0.5,0.2,3,1,genHalfAndHalf,1,3,17,58042,Config_59,1,"mul(PartnerInMemory, PartnerInMemory)",PartnerInMemory**2,Anti-Tit-for-Tat,"add(DonorInMemory, DonorInMemory)",2*DonorInMemory,Sticky Memory (Ignore actions entirely),74.27,68.43,-43.0,68.73,58.08
2026-05-04_10-42,Local_VSCode,DR3_Config_59_R2,Direct Reciprocity Mode 3 (Co-Evolution),2,1,10,10,10,100,1,0.5,0.0,0.0,10,100,0.5,0.5,0.2,3,1,genHalfAndHalf,1,3,17,58043,Config_59,2,"mul(-1, PartnerInMemory)",-PartnerInMemory,Unconditional Defector (ALL-D),"mul(10, 10)",100,Paranoid (Remember Everyone),73.2,63.79,-40.8,67.6,56.12
2026-05-04_10-42,Local_VSCode,DR3_Config_59_R3,Direct Reciprocity Mode 3 (Co-Evolution),2,1,10,10,10,100,1,0.5,0.0,0.0,10,100,0.5,0.5,0.2,3,1,genHalfAndHalf,1,3,17,58044,Config_59,3,"mul(PartnerInMemory, PartnerInMemory)",PartnerInMemory**2,Anti-Tit-for-Tat,"sub(DonorAction, DonorAction)",0,Amnesia (Remember No One),72.53,69.89,-40.93,68.4,57.2
2026-05-04_10-42,Local_VSCode,DR3_Config_59_R4,Direct Reciprocity Mode 3 (Co-Evolution),2,1,10,10,10,100,1,0.5,0.0,0.0,10,100,0.5,0.5,0.2,3,1,genHalfAndHalf,1,3,17,58045,Config_59,4,"mul(-10, 1)",-10,Unconditional Defector (ALL-D),"sub(0, 0)",0,Amnesia (Remember No One),73.6,71.44,-40.47,66.87,52.46
2026-05-04_10-42,Local_VSCode,DR3_Config_59_R5,Direct Reciprocity Mode 3 (Co-Evolution),2,1,10,10,10,100,1,0.5,0.0,0.0,10,100,0.5,0.5,0.2,3,1,genHalfAndHalf,1,3,17,58046,Config_59,5,"sub(0, PartnerInMemory)",-PartnerInMemory,Unconditional Defector (ALL-D),"sub(DonorAction, DonorAction)",0,Amnesia (Remember No One),72.87,62.67,-39.93,67.07,52.92
2026-05-04_10-43,Local_VSCode,DR3_Config_60_R1,Direct Reciprocity Mode 3 (Co-Evolution),2,1,10,10,10,100,1,0.5,0.0,0.0,10,100,0.5,0.5,0.2,3,1,genHalfAndHalf,1,10,17,59042,Config_60,1,"add(PartnerInMemory, PartnerInMemory)",2*PartnerInMemory,Anti-Tit-for-Tat,"add(DonorInMemory, DonorInMemory)",2*DonorInMemory,Sticky Memory (Ignore actions entirely),72.6,69.86,-39.33,66.73,56.42
2026-05-04_10-43,Local_VSCode,DR3_Config_60_R2,Direct Reciprocity Mode 3 (Co-Evolution),2,1,10,10,10,100,1,0.5,0.0,0.0,10,100,0.5,0.5,0.2,3,1,genHalfAndHalf,1,10,17,59043,Config_60,2,"mul(PartnerInMemory, PartnerInMemory)",PartnerInMemory**2,Anti-Tit-for-Tat,"add(-1, -1)",-2,Amnesia (Remember No One),73.87,71.63,-41.2,67.33,53.3
2026-05-04_10-43,Local_VSCode,DR3_Config_60_R3,Direct Reciprocity Mode 3 (Co-Evolution),2,1,10,10,10,100,1,0.5,0.0,0.0,10,100,0.5,0.5,0.2,3,1,genHalfAndHalf,1,10,17,59044,Config_60,3,"add(PartnerInMemory, PartnerInMemory)",2*PartnerInMemory,Anti-Tit-for-Tat,"sub(DonorInMemory, DonorInMemory)",0,Amnesia (Remember No One),72.73,71.07,-41.0,68.27,62.14
2026-05-04_10-43,Local_VSCode,DR3_Config_60_R4,Direct Reciprocity Mode 3 (Co-Evolution),2,1,10,10,10,100,1,0.5,0.0,0.0,10,100,0.5,0.5,0.2,3,1,genHalfAndHalf,1,10,17,59045,Config_60,4,"mul(sub(10, PartnerInMemory), add(-10, PartnerInMemory))",-(PartnerInMemory - 10)**2,Unconditional Defector (ALL-D),"sub(DonorInMemory, DonorInMemory)",0,Amnesia (Remember No One),74.2,72.56,-42.93,68.73,56.7
2026-05-04_10-44,Local_VSCode,DR3_Config_60_R5,Direct Reciprocity Mode 3 (Co-Evolution),2,1,10,10,10,100,1,0.5,0.0,0.0,10,100,0.5,0.5,0.2,3,1,genHalfAndHalf,1,10,17,59046,Config_60,5,"sub(-1, -1)",0,Unconditional Defector (ALL-D),"sub(DonorAction, DonorAction)",0,Amnesia (Remember No One),72.2,70.48,-41.0,68.8,54.1
2026-05-04_10-46,Local_VSCode,DR3_Config_61_R1,Direct Reciprocity Mode 3 (Co-Evolution),2,1,10,10,10,100,1,0.5,0.0,0.0,100,100,0.1,0.5,0.2,3,1,genHalfAndHalf,1,3,17,60042,Config_61,1,"sub(PartnerInMemory, PartnerInMemory)",0,Unconditional Defector (ALL-D),"sub(10, 10)",0,Amnesia (Remember No One),75.6,69.41,-42.4,66.8,55.52
2026-05-04_10-48,Local_VSCode,DR3_Config_61_R2,Direct Reciprocity Mode 3 (Co-Evolution),2,1,10,10,10,100,1,0.5,0.0,0.0,100,100,0.1,0.5,0.2,3,1,genHalfAndHalf,1,3,17,60043,Config_61,2,"mul(add(-10, PartnerInMemory), PartnerInMemory)",PartnerInMemory*(PartnerInMemory - 10),Unconditional Defector (ALL-D),"sub(0, 0)",0,Amnesia (Remember No One),75.33,69.28,-40.53,65.2,57.56
2026-05-04_10-50,Local_VSCode,DR3_Config_61_R3,Direct Reciprocity Mode 3 (Co-Evolution),2,1,10,10,10,100,1,0.5,0.0,0.0,100,100,0.1,0.5,0.2,3,1,genHalfAndHalf,1,3,17,60044,Config_61,3,"mul(PartnerInMemory, -1)",-PartnerInMemory,Unconditional Defector (ALL-D),"mul(DonorInMemory, DonorInMemory)",DonorInMemory**2,Sticky Memory (Ignore actions entirely),74.2,66.38,-41.67,67.47,55.76
2026-05-04_10-52,Local_VSCode,DR3_Config_61_R4,Direct Reciprocity Mode 3 (Co-Evolution),2,1,10,10,10,100,1,0.5,0.0,0.0,100,100,0.1,0.5,0.2,3,1,genHalfAndHalf,1,3,17,60045,Config_61,4,"mul(-1, add(sub(PartnerInMemory, PartnerInMemory), sub(PartnerInMemory, 0)))",-PartnerInMemory,Unconditional Defector (ALL-D),"sub(mul(DonorInMemory, DonorInMemory), mul(DonorInMemory, DonorInMemory))",0,Amnesia (Remember No One),75.53,70.05,-42.0,66.47,53.58
2026-05-04_10-55,Local_VSCode,DR3_Config_61_R5,Direct Reciprocity Mode 3 (Co-Evolution),2,1,10,10,10,100,1,0.5,0.0,0.0,100,100,0.1,0.5,0.2,3,1,genHalfAndHalf,1,3,17,60046,Config_61,5,"sub(PartnerInMemory, add(PartnerInMemory, PartnerInMemory))",-PartnerInMemory,Unconditional Defector (ALL-D),"add(DonorAction, DonorAction)",2*DonorAction,"Novel Mem: (True, True, False, False)",74.53,68.22,-39.33,64.8,57.02
2026-05-04_10-57,Local_VSCode,DR3_Config_62_R1,Direct Reciprocity Mode 3 (Co-Evolution),2,1,10,10,10,100,1,0.5,0.0,0.0,100,100,0.1,0.5,0.2,3,1,genHalfAndHalf,1,10,17,61042,Config_62,1,"add(PartnerInMemory, PartnerInMemory)",2*PartnerInMemory,Anti-Tit-for-Tat,"add(sub(-1, DonorAction), sub(DonorInMemory, add(-1, DonorInMemory)))",-DonorAction,Amnesia (Remember No One),75.33,68.68,-38.2,62.87,57.48
2026-05-04_10-59,Local_VSCode,DR3_Config_62_R2,Direct Reciprocity Mode 3 (Co-Evolution),2,1,10,10,10,100,1,0.5,0.0,0.0,100,100,0.1,0.5,0.2,3,1,genHalfAndHalf,1,10,17,61043,Config_62,2,"mul(sub(PartnerInMemory, -1), -1)",-PartnerInMemory - 1,Unconditional Defector (ALL-D),"add(DonorAction, DonorAction)",2*DonorAction,"Novel Mem: (True, True, False, False)",75.53,67.95,-42.0,66.47,54.76
2026-05-04_11-02,Local_VSCode,DR3_Config_62_R3,Direct Reciprocity Mode 3 (Co-Evolution),2,1,10,10,10,100,1,0.5,0.0,0.0,100,100,0.1,0.5,0.2,3,1,genHalfAndHalf,1,10,17,61044,Config_62,3,"mul(sub(PartnerInMemory, -10), 0)",0,Unconditional Defector (ALL-D),"mul(10, 10)",100,Paranoid (Remember Everyone),74.93,69.07,-42.0,67.07,55.42
2026-05-04_11-04,Local_VSCode,DR3_Config_62_R4,Direct Reciprocity Mode 3 (Co-Evolution),2,1,10,10,10,100,1,0.5,0.0,0.0,100,100,0.1,0.5,0.2,3,1,genHalfAndHalf,1,10,17,61045,Config_62,4,"add(PartnerInMemory, sub(-10, 0))",PartnerInMemory - 10,Unconditional Defector (ALL-D),"mul(mul(DonorAction, DonorAction), sub(DonorAction, 10))",DonorAction**2*(DonorAction - 10),Amnesia (Remember No One),74.87,69.27,-41.67,66.8,56.04
2026-05-04_11-06,Local_VSCode,DR3_Config_62_R5,Direct Reciprocity Mode 3 (Co-Evolution),2,1,10,10,10,100,1,0.5,0.0,0.0,100,100,0.1,0.5,0.2,3,1,genHalfAndHalf,1,10,17,61046,Config_62,5,"mul(-1, PartnerInMemory)",-PartnerInMemory,Unconditional Defector (ALL-D),"add(DonorInMemory, mul(-10, 0))",DonorInMemory,Sticky Memory (Ignore actions entirely),75.53,68.94,-42.27,66.73,54.94
2026-05-04_11-09,Local_VSCode,DR3_Config_63_R1,Direct Reciprocity Mode 3 (Co-Evolution),2,1,10,10,10,100,1,0.5,0.0,0.0,100,100,0.5,0.5,0.2,3,1,genHalfAndHalf,1,3,17,62042,Config_63,1,"mul(PartnerInMemory, PartnerInMemory)",PartnerInMemory**2,Anti-Tit-for-Tat,"sub(DonorInMemory, DonorAction)",-DonorAction + DonorInMemory,"Novel Mem: (False, False, True, False)",75.07,68.53,-39.4,64.33,55.42
2026-05-04_11-11,Local_VSCode,DR3_Config_63_R2,Direct Reciprocity Mode 3 (Co-Evolution),2,1,10,10,10,100,1,0.5,0.0,0.0,100,100,0.5,0.5,0.2,3,1,genHalfAndHalf,1,3,17,62043,Config_63,2,"mul(PartnerInMemory, 1)",PartnerInMemory,Anti-Tit-for-Tat,"sub(DonorInMemory, DonorInMemory)",0,Amnesia (Remember No One),74.53,66.39,-40.33,65.8,57.08
2026-05-04_11-13,Local_VSCode,DR3_Config_63_R3,Direct Reciprocity Mode 3 (Co-Evolution),2,1,10,10,10,100,1,0.5,0.0,0.0,100,100,0.5,0.5,0.2,3,1,genHalfAndHalf,1,3,17,62044,Config_63,3,"add(0, 0)",0,Unconditional Defector (ALL-D),"sub(-1, -1)",0,Amnesia (Remember No One),75.07,69.09,-41.2,66.13,53.86
2026-05-04_11-15,Local_VSCode,DR3_Config_63_R4,Direct Reciprocity Mode 3 (Co-Evolution),2,1,10,10,10,100,1,0.5,0.0,0.0,100,100,0.5,0.5,0.2,3,1,genHalfAndHalf,1,3,17,62045,Config_63,4,"add(-1, 0)",-1,Unconditional Defector (ALL-D),"mul(DonorInMemory, DonorInMemory)",DonorInMemory**2,Sticky Memory (Ignore actions entirely),74.6,69.31,-39.4,64.8,53.04
2026-05-04_11-17,Local_VSCode,DR3_Config_63_R5,Direct Reciprocity Mode 3 (Co-Evolution),2,1,10,10,10,100,1,0.5,0.0,0.0,100,100,0.5,0.5,0.2,3,1,genHalfAndHalf,1,3,17,62046,Config_63,5,"sub(-1, PartnerInMemory)",-PartnerInMemory - 1,Unconditional Defector (ALL-D),"sub(DonorAction, DonorInMemory)",DonorAction - DonorInMemory,"Novel Mem: (False, True, False, False)",75.13,68.63,-43.53,68.4,58.92
2026-05-04_11-20,Local_VSCode,DR3_Config_64_R1,Direct Reciprocity Mode 3 (Co-Evolution),2,1,10,10,10,100,1,0.5,0.0,0.0,100,100,0.5,0.5,0.2,3,1,genHalfAndHalf,1,10,17,63042,Config_64,1,"add(PartnerInMemory, -10)",PartnerInMemory - 10,Unconditional Defector (ALL-D),"add(DonorInMemory, DonorAction)",DonorAction + DonorInMemory,"Novel Mem: (True, True, True, False)",76.27,69.84,-40.47,64.2,55.08
2026-05-04_11-22,Local_VSCode,DR3_Config_64_R2,Direct Reciprocity Mode 3 (Co-Evolution),2,1,10,10,10,100,1,0.5,0.0,0.0,100,100,0.5,0.5,0.2,3,1,genHalfAndHalf,1,10,17,63043,Config_64,2,"sub(PartnerInMemory, PartnerInMemory)",0,Unconditional Defector (ALL-D),"mul(DonorInMemory, DonorInMemory)",DonorInMemory**2,Sticky Memory (Ignore actions entirely),76.07,69.55,-42.4,66.33,55.9
2026-05-04_11-25,Local_VSCode,DR3_Config_64_R3,Direct Reciprocity Mode 3 (Co-Evolution),2,1,10,10,10,100,1,0.5,0.0,0.0,100,100,0.5,0.5,0.2,3,1,genHalfAndHalf,1,10,17,63044,Config_64,3,"add(-1, PartnerInMemory)",PartnerInMemory - 1,Unconditional Defector (ALL-D),"add(DonorInMemory, -10)",DonorInMemory - 10,Amnesia (Remember No One),74.07,68.31,-41.6,67.53,56.3
2026-05-04_11-27,Local_VSCode,DR3_Config_64_R4,Direct Reciprocity Mode 3 (Co-Evolution),2,1,10,10,10,100,1,0.5,0.0,0.0,100,100,0.5,0.5,0.2,3,1,genHalfAndHalf,1,10,17,63045,Config_64,4,"mul(1, -10)",-10,Unconditional Defector (ALL-D),"mul(DonorInMemory, DonorInMemory)",DonorInMemory**2,Sticky Memory (Ignore actions entirely),75.07,66.66,-41.4,66.33,50.62
2026-05-04_11-29,Local_VSCode,DR3_Config_64_R5,Direct Reciprocity Mode 3 (Co-Evolution),2,1,10,10,10,100,1,0.5,0.0,0.0,100,100,0.5,0.5,0.2,3,1,genHalfAndHalf,1,10,17,63046,Config_64,5,"mul(PartnerInMemory, -1)",-PartnerInMemory,Unconditional Defector (ALL-D),"sub(DonorInMemory, DonorInMemory)",0,Amnesia (Remember No One),74.93,70.56,-41.47,66.53,55.7
2026-05-04_11-29,Local_VSCode,DR3_Config_65_R1,Direct Reciprocity Mode 3 (Co-Evolution),5,1,10,0,0,10,1,0.5,0.0,0.0,10,100,0.1,0.5,0.2,3,1,genHalfAndHalf,1,3,17,64042,Config_65,1,"sub(PartnerInMemory, -1)",PartnerInMemory + 1,Unconditional Cooperator (ALL-C),"sub(-10, 0)",-10,Amnesia (Remember No One),40.0,32.0,0.0,0.0,40.0
2026-05-04_11-29,Local_VSCode,DR3_Config_65_R2,Direct Reciprocity Mode 3 (Co-Evolution),5,1,10,0,0,10,1,0.5,0.0,0.0,10,100,0.1,0.5,0.2,3,1,genHalfAndHalf,1,3,17,64043,Config_65,2,"add(0, 1)",1,Unconditional Cooperator (ALL-C),"mul(DonorAction, DonorAction)",DonorAction**2,"Novel Mem: (True, True, False, False)",40.0,40.0,0.0,0.0,40.0
2026-05-04_11-29,Local_VSCode,DR3_Config_65_R3,Direct Reciprocity Mode 3 (Co-Evolution),5,1,10,0,0,10,1,0.5,0.0,0.0,10,100,0.1,0.5,0.2,3,1,genHalfAndHalf,1,3,17,64044,Config_65,3,"sub(10, PartnerInMemory)",10 - PartnerInMemory,Unconditional Cooperator (ALL-C),"add(DonorInMemory, DonorInMemory)",2*DonorInMemory,Sticky Memory (Ignore actions entirely),40.0,40.0,0.0,0.0,40.0
2026-05-04_11-29,Local_VSCode,DR3_Config_65_R4,Direct Reciprocity Mode 3 (Co-Evolution),5,1,10,0,0,10,1,0.5,0.0,0.0,10,100,0.1,0.5,0.2,3,1,genHalfAndHalf,1,3,17,64045,Config_65,4,"add(1, PartnerInMemory)",PartnerInMemory + 1,Unconditional Cooperator (ALL-C),"add(-1, DonorAction)",DonorAction - 1,Amnesia (Remember No One),40.0,36.0,0.0,0.0,40.0
2026-05-04_11-29,Local_VSCode,DR3_Config_65_R5,Direct Reciprocity Mode 3 (Co-Evolution),5,1,10,0,0,10,1,0.5,0.0,0.0,10,100,0.1,0.5,0.2,3,1,genHalfAndHalf,1,3,17,64046,Config_65,5,"sub(10, PartnerInMemory)",10 - PartnerInMemory,Unconditional Cooperator (ALL-C),"add(DonorInMemory, DonorInMemory)",2*DonorInMemory,Sticky Memory (Ignore actions entirely),40.0,40.0,0.0,0.0,40.0
2026-05-04_11-29,Local_VSCode,DR3_Config_66_R1,Direct Reciprocity Mode 3 (Co-Evolution),5,1,10,0,0,10,1,0.5,0.0,0.0,10,100,0.1,0.5,0.2,3,1,genHalfAndHalf,1,10,17,65042,Config_66,1,"add(PartnerInMemory, 1)",PartnerInMemory + 1,Unconditional Cooperator (ALL-C),"add(DonorInMemory, -1)",DonorInMemory - 1,Amnesia (Remember No One),40.0,36.0,0.0,0.0,40.0
2026-05-04_11-30,Local_VSCode,DR3_Config_66_R2,Direct Reciprocity Mode 3 (Co-Evolution),5,1,10,0,0,10,1,0.5,0.0,0.0,10,100,0.1,0.5,0.2,3,1,genHalfAndHalf,1,10,17,65043,Config_66,2,"add(PartnerInMemory, 1)",PartnerInMemory + 1,Unconditional Cooperator (ALL-C),"sub(DonorAction, DonorInMemory)",DonorAction - DonorInMemory,"Novel Mem: (False, True, False, False)",40.0,40.0,0.0,0.0,40.0
2026-05-04_11-30,Local_VSCode,DR3_Config_66_R3,Direct Reciprocity Mode 3 (Co-Evolution),5,1,10,0,0,10,1,0.5,0.0,0.0,10,100,0.1,0.5,0.2,3,1,genHalfAndHalf,1,10,17,65044,Config_66,3,"sub(PartnerInMemory, -10)",PartnerInMemory + 10,Unconditional Cooperator (ALL-C),"sub(DonorInMemory, DonorAction)",-DonorAction + DonorInMemory,"Novel Mem: (False, False, True, False)",40.0,24.0,0.0,0.0,40.0
2026-05-04_11-30,Local_VSCode,DR3_Config_66_R4,Direct Reciprocity Mode 3 (Co-Evolution),5,1,10,0,0,10,1,0.5,0.0,0.0,10,100,0.1,0.5,0.2,3,1,genHalfAndHalf,1,10,17,65045,Config_66,4,"add(PartnerInMemory, 10)",PartnerInMemory + 10,Unconditional Cooperator (ALL-C),"mul(DonorAction, DonorInMemory)",DonorAction*DonorInMemory,"Novel Mem: (True, False, False, False)",40.0,36.0,0.0,0.0,40.0
2026-05-04_11-30,Local_VSCode,DR3_Config_66_R5,Direct Reciprocity Mode 3 (Co-Evolution),5,1,10,0,0,10,1,0.5,0.0,0.0,10,100,0.1,0.5,0.2,3,1,genHalfAndHalf,1,10,17,65046,Config_66,5,"add(10, 10)",20,Unconditional Cooperator (ALL-C),"mul(-1, -1)",1,Paranoid (Remember Everyone),40.0,37.63,0.0,0.0,40.0
2026-05-04_11-30,Local_VSCode,DR3_Config_67_R1,Direct Reciprocity Mode 3 (Co-Evolution),5,1,10,0,0,10,1,0.5,0.0,0.0,10,100,0.5,0.5,0.2,3,1,genHalfAndHalf,1,3,17,66042,Config_67,1,"add(PartnerInMemory, 10)",PartnerInMemory + 10,Unconditional Cooperator (ALL-C),"mul(DonorAction, DonorInMemory)",DonorAction*DonorInMemory,"Novel Mem: (True, False, False, False)",40.0,36.0,0.0,0.0,40.0
2026-05-04_11-30,Local_VSCode,DR3_Config_67_R2,Direct Reciprocity Mode 3 (Co-Evolution),5,1,10,0,0,10,1,0.5,0.0,0.0,10,100,0.5,0.5,0.2,3,1,genHalfAndHalf,1,3,17,66043,Config_67,2,"add(1, PartnerInMemory)",PartnerInMemory + 1,Unconditional Cooperator (ALL-C),"mul(-1, -1)",1,Paranoid (Remember Everyone),40.0,35.41,0.0,0.0,40.0
2026-05-04_11-30,Local_VSCode,DR3_Config_67_R3,Direct Reciprocity Mode 3 (Co-Evolution),5,1,10,0,0,10,1,0.5,0.0,0.0,10,100,0.5,0.5,0.2,3,1,genHalfAndHalf,1,3,17,66044,Config_67,3,"add(1, 1)",2,Unconditional Cooperator (ALL-C),"sub(DonorAction, DonorAction)",0,Amnesia (Remember No One),40.0,36.0,0.0,0.0,40.0
2026-05-04_11-30,Local_VSCode,DR3_Config_67_R4,Direct Reciprocity Mode 3 (Co-Evolution),5,1,10,0,0,10,1,0.5,0.0,0.0,10,100,0.5,0.5,0.2,3,1,genHalfAndHalf,1,3,17,66045,Config_67,4,"add(10, PartnerInMemory)",PartnerInMemory + 10,Unconditional Cooperator (ALL-C),"sub(DonorInMemory, DonorAction)",-DonorAction + DonorInMemory,"Novel Mem: (False, False, True, False)",40.0,36.0,0.0,0.0,40.0
2026-05-04_11-30,Local_VSCode,DR3_Config_67_R5,Direct Reciprocity Mode 3 (Co-Evolution),5,1,10,0,0,10,1,0.5,0.0,0.0,10,100,0.5,0.5,0.2,3,1,genHalfAndHalf,1,3,17,66046,Config_67,5,"add(1, 1)",2,Unconditional Cooperator (ALL-C),"sub(0, DonorAction)",-DonorAction,Amnesia (Remember No One),40.0,36.0,0.0,0.0,40.0
2026-05-04_11-30,Local_VSCode,DR3_Config_68_R1,Direct Reciprocity Mode 3 (Co-Evolution),5,1,10,0,0,10,1,0.5,0.0,0.0,10,100,0.5,0.5,0.2,3,1,genHalfAndHalf,1,10,17,67042,Config_68,1,"mul(-1, -1)",1,Unconditional Cooperator (ALL-C),"sub(10, DonorAction)",10 - DonorAction,Paranoid (Remember Everyone),40.0,36.0,0.0,0.0,40.0
2026-05-04_11-30,Local_VSCode,DR3_Config_68_R2,Direct Reciprocity Mode 3 (Co-Evolution),5,1,10,0,0,10,1,0.5,0.0,0.0,10,100,0.5,0.5,0.2,3,1,genHalfAndHalf,1,10,17,67043,Config_68,2,"sub(10, PartnerInMemory)",10 - PartnerInMemory,Unconditional Cooperator (ALL-C),"sub(-1, -1)",0,Amnesia (Remember No One),40.0,36.0,0.0,0.0,40.0
2026-05-04_11-30,Local_VSCode,DR3_Config_68_R3,Direct Reciprocity Mode 3 (Co-Evolution),5,1,10,0,0,10,1,0.5,0.0,0.0,10,100,0.5,0.5,0.2,3,1,genHalfAndHalf,1,10,17,67044,Config_68,3,"add(PartnerInMemory, 1)",PartnerInMemory + 1,Unconditional Cooperator (ALL-C),"sub(0, DonorAction)",-DonorAction,Amnesia (Remember No One),40.0,40.0,0.0,0.0,40.0
2026-05-04_11-30,Local_VSCode,DR3_Config_68_R4,Direct Reciprocity Mode 3 (Co-Evolution),5,1,10,0,0,10,1,0.5,0.0,0.0,10,100,0.5,0.5,0.2,3,1,genHalfAndHalf,1,10,17,67045,Config_68,4,"add(PartnerInMemory, 10)",PartnerInMemory + 10,Unconditional Cooperator (ALL-C),"sub(DonorAction, -1)",DonorAction + 1,Paranoid (Remember Everyone),40.0,40.0,0.0,0.0,40.0
2026-05-04_11-30,Local_VSCode,DR3_Config_68_R5,Direct Reciprocity Mode 3 (Co-Evolution),5,1,10,0,0,10,1,0.5,0.0,0.0,10,100,0.5,0.5,0.2,3,1,genHalfAndHalf,1,10,17,67046,Config_68,5,"add(1, 1)",2,Unconditional Cooperator (ALL-C),"sub(DonorInMemory, DonorInMemory)",0,Amnesia (Remember No One),40.0,32.0,0.0,0.0,40.0
2026-05-04_11-30,Local_VSCode,DR3_Config_69_R1,Direct Reciprocity Mode 3 (Co-Evolution),5,1,10,0,0,10,1,0.5,0.0,0.0,100,100,0.1,0.5,0.2,3,1,genHalfAndHalf,1,3,17,68042,Config_69,1,"add(10, 0)",10,Unconditional Cooperator (ALL-C),"add(DonorInMemory, DonorInMemory)",2*DonorInMemory,Sticky Memory (Ignore actions entirely),40.0,39.2,0.0,0.0,40.0
2026-05-04_11-30,Local_VSCode,DR3_Config_69_R2,Direct Reciprocity Mode 3 (Co-Evolution),5,1,10,0,0,10,1,0.5,0.0,0.0,100,100,0.1,0.5,0.2,3,1,genHalfAndHalf,1,3,17,68043,Config_69,2,"sub(PartnerInMemory, -1)",PartnerInMemory + 1,Unconditional Cooperator (ALL-C),"add(DonorInMemory, DonorAction)",DonorAction + DonorInMemory,"Novel Mem: (True, True, True, False)",40.0,30.0,0.0,0.0,40.0
2026-05-04_11-30,Local_VSCode,DR3_Config_69_R3,Direct Reciprocity Mode 3 (Co-Evolution),5,1,10,0,0,10,1,0.5,0.0,0.0,100,100,0.1,0.5,0.2,3,1,genHalfAndHalf,1,3,17,68044,Config_69,3,"add(10, -1)",9,Unconditional Cooperator (ALL-C),"mul(DonorInMemory, DonorInMemory)",DonorInMemory**2,Sticky Memory (Ignore actions entirely),40.0,36.24,0.0,0.0,40.0
2026-05-04_11-31,Local_VSCode,DR3_Config_69_R4,Direct Reciprocity Mode 3 (Co-Evolution),5,1,10,0,0,10,1,0.5,0.0,0.0,100,100,0.1,0.5,0.2,3,1,genHalfAndHalf,1,3,17,68045,Config_69,4,"sub(10, 0)",10,Unconditional Cooperator (ALL-C),"add(-1, DonorAction)",DonorAction - 1,Amnesia (Remember No One),40.0,38.4,0.0,0.0,40.0
2026-05-04_11-31,Local_VSCode,DR3_Config_69_R5,Direct Reciprocity Mode 3 (Co-Evolution),5,1,10,0,0,10,1,0.5,0.0,0.0,100,100,0.1,0.5,0.2,3,1,genHalfAndHalf,1,3,17,68046,Config_69,5,"add(PartnerInMemory, 10)",PartnerInMemory + 10,Unconditional Cooperator (ALL-C),"sub(1, DonorAction)",1 - DonorAction,Strict Ledger (TFT Base),40.0,37.44,0.0,0.0,40.0
2026-05-04_11-31,Local_VSCode,DR3_Config_70_R1,Direct Reciprocity Mode 3 (Co-Evolution),5,1,10,0,0,10,1,0.5,0.0,0.0,100,100,0.1,0.5,0.2,3,1,genHalfAndHalf,1,10,17,69042,Config_70,1,"mul(1, 1)",1,Unconditional Cooperator (ALL-C),"mul(DonorInMemory, 1)",DonorInMemory,Sticky Memory (Ignore actions entirely),40.0,35.6,0.0,0.0,40.0
2026-05-04_11-31,Local_VSCode,DR3_Config_70_R2,Direct Reciprocity Mode 3 (Co-Evolution),5,1,10,0,0,10,1,0.5,0.0,0.0,100,100,0.1,0.5,0.2,3,1,genHalfAndHalf,1,10,17,69043,Config_70,2,"sub(10, -1)",11,Unconditional Cooperator (ALL-C),"add(-1, 10)",9,Paranoid (Remember Everyone),40.0,36.8,0.0,0.0,40.0
2026-05-04_11-31,Local_VSCode,DR3_Config_70_R3,Direct Reciprocity Mode 3 (Co-Evolution),5,1,10,0,0,10,1,0.5,0.0,0.0,100,100,0.1,0.5,0.2,3,1,genHalfAndHalf,1,10,17,69044,Config_70,3,"sub(PartnerInMemory, -10)",PartnerInMemory + 10,Unconditional Cooperator (ALL-C),"mul(DonorAction, DonorAction)",DonorAction**2,"Novel Mem: (True, True, False, False)",40.0,34.27,0.0,0.0,40.0
2026-05-04_11-31,Local_VSCode,DR3_Config_70_R4,Direct Reciprocity Mode 3 (Co-Evolution),5,1,10,0,0,10,1,0.5,0.0,0.0,100,100,0.1,0.5,0.2,3,1,genHalfAndHalf,1,10,17,69045,Config_70,4,"sub(10, 1)",9,Unconditional Cooperator (ALL-C),"sub(10, DonorAction)",10 - DonorAction,Paranoid (Remember Everyone),40.0,35.36,0.0,0.0,40.0
2026-05-04_11-32,Local_VSCode,DR3_Config_70_R5,Direct Reciprocity Mode 3 (Co-Evolution),5,1,10,0,0,10,1,0.5,0.0,0.0,100,100,0.1,0.5,0.2,3,1,genHalfAndHalf,1,10,17,69046,Config_70,5,"sub(1, -1)",2,Unconditional Cooperator (ALL-C),"mul(-10, DonorAction)",-10*DonorAction,Amnesia (Remember No One),40.0,36.4,0.0,0.0,40.0
2026-05-04_11-32,Local_VSCode,DR3_Config_71_R1,Direct Reciprocity Mode 3 (Co-Evolution),5,1,10,0,0,10,1,0.5,0.0,0.0,100,100,0.5,0.5,0.2,3,1,genHalfAndHalf,1,3,17,70042,Config_71,1,"sub(PartnerInMemory, -1)",PartnerInMemory + 1,Unconditional Cooperator (ALL-C),"sub(10, DonorInMemory)",10 - DonorInMemory,Paranoid (Remember Everyone),40.0,38.02,0.0,0.0,40.0
2026-05-04_11-32,Local_VSCode,DR3_Config_71_R2,Direct Reciprocity Mode 3 (Co-Evolution),5,1,10,0,0,10,1,0.5,0.0,0.0,100,100,0.5,0.5,0.2,3,1,genHalfAndHalf,1,3,17,70043,Config_71,2,"mul(-1, -1)",1,Unconditional Cooperator (ALL-C),"add(DonorInMemory, -10)",DonorInMemory - 10,Amnesia (Remember No One),40.0,36.4,0.0,0.0,40.0
2026-05-04_11-32,Local_VSCode,DR3_Config_71_R3,Direct Reciprocity Mode 3 (Co-Evolution),5,1,10,0,0,10,1,0.5,0.0,0.0,100,100,0.5,0.5,0.2,3,1,genHalfAndHalf,1,3,17,70044,Config_71,3,"sub(-1, -10)",9,Unconditional Cooperator (ALL-C),"sub(DonorAction, DonorInMemory)",DonorAction - DonorInMemory,"Novel Mem: (False, True, False, False)",40.0,36.27,0.0,0.0,40.0
2026-05-04_11-32,Local_VSCode,DR3_Config_71_R4,Direct Reciprocity Mode 3 (Co-Evolution),5,1,10,0,0,10,1,0.5,0.0,0.0,100,100,0.5,0.5,0.2,3,1,genHalfAndHalf,1,3,17,70045,Config_71,4,"mul(1, 10)",10,Unconditional Cooperator (ALL-C),"add(DonorInMemory, DonorInMemory)",2*DonorInMemory,Sticky Memory (Ignore actions entirely),40.0,37.6,0.0,0.0,40.0
2026-05-04_11-32,Local_VSCode,DR3_Config_71_R5,Direct Reciprocity Mode 3 (Co-Evolution),5,1,10,0,0,10,1,0.5,0.0,0.0,100,100,0.5,0.5,0.2,3,1,genHalfAndHalf,1,3,17,70046,Config_71,5,"add(0, 1)",1,Unconditional Cooperator (ALL-C),"sub(DonorAction, DonorInMemory)",DonorAction - DonorInMemory,"Novel Mem: (False, True, False, False)",40.0,35.88,0.0,0.0,40.0
2026-05-04_11-32,Local_VSCode,DR3_Config_72_R1,Direct Reciprocity Mode 3 (Co-Evolution),5,1,10,0,0,10,1,0.5,0.0,0.0,100,100,0.5,0.5,0.2,3,1,genHalfAndHalf,1,10,17,71042,Config_72,1,"sub(PartnerInMemory, -1)",PartnerInMemory + 1,Unconditional Cooperator (ALL-C),"sub(-1, -1)",0,Amnesia (Remember No One),40.0,31.37,0.0,0.0,40.0
2026-05-04_11-32,Local_VSCode,DR3_Config_72_R2,Direct Reciprocity Mode 3 (Co-Evolution),5,1,10,0,0,10,1,0.5,0.0,0.0,100,100,0.5,0.5,0.2,3,1,genHalfAndHalf,1,10,17,71043,Config_72,2,"add(10, PartnerInMemory)",PartnerInMemory + 10,Unconditional Cooperator (ALL-C),"sub(0, DonorAction)",-DonorAction,Amnesia (Remember No One),40.0,38.26,0.0,0.0,40.0
2026-05-04_11-33,Local_VSCode,DR3_Config_72_R3,Direct Reciprocity Mode 3 (Co-Evolution),5,1,10,0,0,10,1,0.5,0.0,0.0,100,100,0.5,0.5,0.2,3,1,genHalfAndHalf,1,10,17,71044,Config_72,3,"add(1, 1)",2,Unconditional Cooperator (ALL-C),"sub(DonorAction, DonorAction)",0,Amnesia (Remember No One),40.0,38.8,0.0,0.0,40.0
2026-05-04_11-33,Local_VSCode,DR3_Config_72_R4,Direct Reciprocity Mode 3 (Co-Evolution),5,1,10,0,0,10,1,0.5,0.0,0.0,100,100,0.5,0.5,0.2,3,1,genHalfAndHalf,1,10,17,71045,Config_72,4,"mul(-1, -10)",10,Unconditional Cooperator (ALL-C),"mul(1, DonorAction)",DonorAction,"Novel Mem: (True, True, False, False)",40.0,33.6,0.0,0.0,40.0
2026-05-04_11-33,Local_VSCode,DR3_Config_72_R5,Direct Reciprocity Mode 3 (Co-Evolution),5,1,10,0,0,10,1,0.5,0.0,0.0,100,100,0.5,0.5,0.2,3,1,genHalfAndHalf,1,10,17,71046,Config_72,5,"sub(PartnerInMemory, -10)",PartnerInMemory + 10,Unconditional Cooperator (ALL-C),"mul(DonorInMemory, -1)",-DonorInMemory,Amnesia (Remember No One),40.0,37.6,0.0,0.0,40.0
2026-05-04_11-33,Local_VSCode,DR3_Config_73_R1,Direct Reciprocity Mode 3 (Co-Evolution),5,1,10,0,0,100,1,0.5,0.0,0.0,10,100,0.1,0.5,0.2,3,1,genHalfAndHalf,1,3,17,72042,Config_73,1,"mul(10, 10)",100,Unconditional Cooperator (ALL-C),"add(10, 10)",20,Paranoid (Remember Everyone),400.0,396.55,0.0,0.0,400.0
2026-05-04_11-33,Local_VSCode,DR3_Config_73_R2,Direct Reciprocity Mode 3 (Co-Evolution),5,1,10,0,0,100,1,0.5,0.0,0.0,10,100,0.1,0.5,0.2,3,1,genHalfAndHalf,1,3,17,72043,Config_73,2,"sub(PartnerInMemory, -10)",PartnerInMemory + 10,Unconditional Cooperator (ALL-C),"sub(DonorAction, DonorAction)",0,Amnesia (Remember No One),400.0,320.0,0.0,0.0,400.0
2026-05-04_11-33,Local_VSCode,DR3_Config_73_R3,Direct Reciprocity Mode 3 (Co-Evolution),5,1,10,0,0,100,1,0.5,0.0,0.0,10,100,0.1,0.5,0.2,3,1,genHalfAndHalf,1,3,17,72044,Config_73,3,"mul(-10, -1)",10,Unconditional Cooperator (ALL-C),"mul(-1, 1)",-1,Amnesia (Remember No One),400.0,320.0,0.0,0.0,400.0
2026-05-04_11-33,Local_VSCode,DR3_Config_73_R4,Direct Reciprocity Mode 3 (Co-Evolution),5,1,10,0,0,100,1,0.5,0.0,0.0,10,100,0.1,0.5,0.2,3,1,genHalfAndHalf,1,3,17,72045,Config_73,4,"add(1, 10)",11,Unconditional Cooperator (ALL-C),"add(DonorInMemory, DonorAction)",DonorAction + DonorInMemory,"Novel Mem: (True, True, True, False)",400.0,301.33,0.0,0.0,400.0
2026-05-04_11-33,Local_VSCode,DR3_Config_73_R5,Direct Reciprocity Mode 3 (Co-Evolution),5,1,10,0,0,100,1,0.5,0.0,0.0,10,100,0.1,0.5,0.2,3,1,genHalfAndHalf,1,3,17,72046,Config_73,5,"sub(PartnerInMemory, -1)",PartnerInMemory + 1,Unconditional Cooperator (ALL-C),"sub(1, DonorInMemory)",1 - DonorInMemory,"Novel Mem: (False, True, False, True)",400.0,396.73,0.0,0.0,400.0
2026-05-04_11-33,Local_VSCode,DR3_Config_74_R1,Direct Reciprocity Mode 3 (Co-Evolution),5,1,10,0,0,100,1,0.5,0.0,0.0,10,100,0.1,0.5,0.2,3,1,genHalfAndHalf,1,10,17,73042,Config_74,1,"sub(PartnerInMemory, -1)",PartnerInMemory + 1,Unconditional Cooperator (ALL-C),"sub(0, DonorInMemory)",-DonorInMemory,Amnesia (Remember No One),400.0,400.0,0.0,0.0,400.0
2026-05-04_11-33,Local_VSCode,DR3_Config_74_R2,Direct Reciprocity Mode 3 (Co-Evolution),5,1,10,0,0,100,1,0.5,0.0,0.0,10,100,0.1,0.5,0.2,3,1,genHalfAndHalf,1,10,17,73043,Config_74,2,"add(0, 1)",1,Unconditional Cooperator (ALL-C),"sub(DonorInMemory, DonorInMemory)",0,Amnesia (Remember No One),400.0,360.0,0.0,0.0,400.0
2026-05-04_11-34,Local_VSCode,DR3_Config_74_R3,Direct Reciprocity Mode 3 (Co-Evolution),5,1,10,0,0,100,1,0.5,0.0,0.0,10,100,0.1,0.5,0.2,3,1,genHalfAndHalf,1,10,17,73044,Config_74,3,"sub(1, PartnerInMemory)",1 - PartnerInMemory,Tit-for-Tat,"mul(-10, DonorAction)",-10*DonorAction,Amnesia (Remember No One),400.0,340.87,0.0,0.0,400.0
2026-05-04_11-34,Local_VSCode,DR3_Config_74_R4,Direct Reciprocity Mode 3 (Co-Evolution),5,1,10,0,0,100,1,0.5,0.0,0.0,10,100,0.1,0.5,0.2,3,1,genHalfAndHalf,1,10,17,73045,Config_74,4,"add(0, 1)",1,Unconditional Cooperator (ALL-C),"sub(DonorAction, DonorAction)",0,Amnesia (Remember No One),400.0,400.0,0.0,0.0,400.0
2026-05-04_11-34,Local_VSCode,DR3_Config_74_R5,Direct Reciprocity Mode 3 (Co-Evolution),5,1,10,0,0,100,1,0.5,0.0,0.0,10,100,0.1,0.5,0.2,3,1,genHalfAndHalf,1,10,17,73046,Config_74,5,"sub(10, PartnerInMemory)",10 - PartnerInMemory,Unconditional Cooperator (ALL-C),"mul(DonorAction, 1)",DonorAction,"Novel Mem: (True, True, False, False)",400.0,360.0,0.0,0.0,400.0
2026-05-04_11-34,Local_VSCode,DR3_Config_75_R1,Direct Reciprocity Mode 3 (Co-Evolution),5,1,10,0,0,100,1,0.5,0.0,0.0,10,100,0.5,0.5,0.2,3,1,genHalfAndHalf,1,3,17,74042,Config_75,1,"add(PartnerInMemory, 10)",PartnerInMemory + 10,Unconditional Cooperator (ALL-C),"add(DonorAction, DonorAction)",2*DonorAction,"Novel Mem: (True, True, False, False)",400.0,400.0,0.0,0.0,400.0
2026-05-04_11-34,Local_VSCode,DR3_Config_75_R2,Direct Reciprocity Mode 3 (Co-Evolution),5,1,10,0,0,100,1,0.5,0.0,0.0,10,100,0.5,0.5,0.2,3,1,genHalfAndHalf,1,3,17,74043,Config_75,2,"add(sub(-1, -10), PartnerInMemory)",PartnerInMemory + 9,Unconditional Cooperator (ALL-C),"sub(DonorAction, -1)",DonorAction + 1,Paranoid (Remember Everyone),400.0,400.0,0.0,0.0,400.0
2026-05-04_11-34,Local_VSCode,DR3_Config_75_R3,Direct Reciprocity Mode 3 (Co-Evolution),5,1,10,0,0,100,1,0.5,0.0,0.0,10,100,0.5,0.5,0.2,3,1,genHalfAndHalf,1,3,17,74044,Config_75,3,"sub(10, -10)",20,Unconditional Cooperator (ALL-C),"sub(0, DonorInMemory)",-DonorInMemory,Amnesia (Remember No One),400.0,400.0,0.0,0.0,400.0
2026-05-04_11-34,Local_VSCode,DR3_Config_75_R4,Direct Reciprocity Mode 3 (Co-Evolution),5,1,10,0,0,100,1,0.5,0.0,0.0,10,100,0.5,0.5,0.2,3,1,genHalfAndHalf,1,3,17,74045,Config_75,4,"add(10, PartnerInMemory)",PartnerInMemory + 10,Unconditional Cooperator (ALL-C),"sub(DonorInMemory, DonorAction)",-DonorAction + DonorInMemory,"Novel Mem: (False, False, True, False)",400.0,320.0,0.0,0.0,400.0
2026-05-04_11-34,Local_VSCode,DR3_Config_75_R5,Direct Reciprocity Mode 3 (Co-Evolution),5,1,10,0,0,100,1,0.5,0.0,0.0,10,100,0.5,0.5,0.2,3,1,genHalfAndHalf,1,3,17,74046,Config_75,5,"mul(-1, -10)",10,Unconditional Cooperator (ALL-C),"sub(DonorAction, DonorAction)",0,Amnesia (Remember No One),400.0,400.0,0.0,0.0,400.0
2026-05-04_11-34,Local_VSCode,DR3_Config_76_R1,Direct Reciprocity Mode 3 (Co-Evolution),5,1,10,0,0,100,1,0.5,0.0,0.0,10,100,0.5,0.5,0.2,3,1,genHalfAndHalf,1,10,17,75042,Config_76,1,"mul(-10, -1)",10,Unconditional Cooperator (ALL-C),"add(DonorAction, DonorInMemory)",DonorAction + DonorInMemory,"Novel Mem: (True, True, True, False)",400.0,400.0,0.0,0.0,400.0
2026-05-04_11-34,Local_VSCode,DR3_Config_76_R2,Direct Reciprocity Mode 3 (Co-Evolution),5,1,10,0,0,100,1,0.5,0.0,0.0,10,100,0.5,0.5,0.2,3,1,genHalfAndHalf,1,10,17,75043,Config_76,2,"sub(PartnerInMemory, -1)",PartnerInMemory + 1,Unconditional Cooperator (ALL-C),"mul(0, -1)",0,Amnesia (Remember No One),400.0,280.0,0.0,0.0,400.0
2026-05-04_11-34,Local_VSCode,DR3_Config_76_R3,Direct Reciprocity Mode 3 (Co-Evolution),5,1,10,0,0,100,1,0.5,0.0,0.0,10,100,0.5,0.5,0.2,3,1,genHalfAndHalf,1,10,17,75044,Config_76,3,"sub(10, PartnerInMemory)",10 - PartnerInMemory,Unconditional Cooperator (ALL-C),"add(-10, DonorInMemory)",DonorInMemory - 10,Amnesia (Remember No One),400.0,240.0,0.0,0.0,400.0
2026-05-04_11-35,Local_VSCode,DR3_Config_76_R4,Direct Reciprocity Mode 3 (Co-Evolution),5,1,10,0,0,100,1,0.5,0.0,0.0,10,100,0.5,0.5,0.2,3,1,genHalfAndHalf,1,10,17,75045,Config_76,4,"add(-1, 10)",9,Unconditional Cooperator (ALL-C),"sub(DonorInMemory, DonorAction)",-DonorAction + DonorInMemory,"Novel Mem: (False, False, True, False)",400.0,400.0,0.0,0.0,400.0
2026-05-04_11-35,Local_VSCode,DR3_Config_76_R5,Direct Reciprocity Mode 3 (Co-Evolution),5,1,10,0,0,100,1,0.5,0.0,0.0,10,100,0.5,0.5,0.2,3,1,genHalfAndHalf,1,10,17,75046,Config_76,5,"sub(10, PartnerInMemory)",10 - PartnerInMemory,Unconditional Cooperator (ALL-C),"mul(DonorAction, DonorAction)",DonorAction**2,"Novel Mem: (True, True, False, False)",400.0,400.0,0.0,0.0,400.0
2026-05-04_11-35,Local_VSCode,DR3_Config_77_R1,Direct Reciprocity Mode 3 (Co-Evolution),5,1,10,0,0,100,1,0.5,0.0,0.0,100,100,0.1,0.5,0.2,3,1,genHalfAndHalf,1,3,17,76042,Config_77,1,"sub(0, -10)",10,Unconditional Cooperator (ALL-C),"sub(DonorAction, 10)",DonorAction - 10,Amnesia (Remember No One),400.0,388.0,0.0,0.0,400.0
2026-05-04_11-36,Local_VSCode,DR3_Config_77_R2,Direct Reciprocity Mode 3 (Co-Evolution),5,1,10,0,0,100,1,0.5,0.0,0.0,100,100,0.1,0.5,0.2,3,1,genHalfAndHalf,1,3,17,76043,Config_77,2,"add(PartnerInMemory, 1)",PartnerInMemory + 1,Unconditional Cooperator (ALL-C),"mul(DonorAction, 10)",10*DonorAction,"Novel Mem: (True, True, False, False)",400.0,376.0,0.0,0.0,400.0
2026-05-04_11-37,Local_VSCode,DR3_Config_77_R3,Direct Reciprocity Mode 3 (Co-Evolution),5,1,10,0,0,100,1,0.5,0.0,0.0,100,100,0.1,0.5,0.2,3,1,genHalfAndHalf,1,3,17,76044,Config_77,3,"add(0, 10)",10,Unconditional Cooperator (ALL-C),"add(DonorAction, DonorInMemory)",DonorAction + DonorInMemory,"Novel Mem: (True, True, True, False)",400.0,372.0,0.0,0.0,400.0
2026-05-04_11-38,Local_VSCode,DR3_Config_77_R4,Direct Reciprocity Mode 3 (Co-Evolution),5,1,10,0,0,100,1,0.5,0.0,0.0,100,100,0.1,0.5,0.2,3,1,genHalfAndHalf,1,3,17,76045,Config_77,4,"add(0, 10)",10,Unconditional Cooperator (ALL-C),"add(DonorAction, DonorAction)",2*DonorAction,"Novel Mem: (True, True, False, False)",400.0,388.0,0.0,0.0,400.0
2026-05-04_11-39,Local_VSCode,DR3_Config_77_R5,Direct Reciprocity Mode 3 (Co-Evolution),5,1,10,0,0,100,1,0.5,0.0,0.0,100,100,0.1,0.5,0.2,3,1,genHalfAndHalf,1,3,17,76046,Config_77,5,"sub(10, 1)",9,Unconditional Cooperator (ALL-C),"add(1, DonorInMemory)",DonorInMemory + 1,Paranoid (Remember Everyone),400.0,372.0,0.0,0.0,400.0
2026-05-04_11-40,Local_VSCode,DR3_Config_78_R1,Direct Reciprocity Mode 3 (Co-Evolution),5,1,10,0,0,100,1,0.5,0.0,0.0,100,100,0.1,0.5,0.2,3,1,genHalfAndHalf,1,10,17,77042,Config_78,1,"sub(1, -1)",2,Unconditional Cooperator (ALL-C),"sub(DonorInMemory, 0)",DonorInMemory,Sticky Memory (Ignore actions entirely),400.0,372.0,0.0,0.0,400.0
2026-05-04_11-40,Local_VSCode,DR3_Config_78_R2,Direct Reciprocity Mode 3 (Co-Evolution),5,1,10,0,0,100,1,0.5,0.0,0.0,100,100,0.1,0.5,0.2,3,1,genHalfAndHalf,1,10,17,77043,Config_78,2,"sub(PartnerInMemory, -10)",PartnerInMemory + 10,Unconditional Cooperator (ALL-C),"sub(1, DonorAction)",1 - DonorAction,Strict Ledger (TFT Base),400.0,355.64,0.0,0.0,400.0
2026-05-04_11-41,Local_VSCode,DR3_Config_78_R3,Direct Reciprocity Mode 3 (Co-Evolution),5,1,10,0,0,100,1,0.5,0.0,0.0,100,100,0.1,0.5,0.2,3,1,genHalfAndHalf,1,10,17,77044,Config_78,3,"add(1, PartnerInMemory)",PartnerInMemory + 1,Unconditional Cooperator (ALL-C),"mul(DonorAction, DonorInMemory)",DonorAction*DonorInMemory,"Novel Mem: (True, False, False, False)",400.0,384.0,0.0,0.0,400.0
2026-05-04_11-42,Local_VSCode,DR3_Config_78_R4,Direct Reciprocity Mode 3 (Co-Evolution),5,1,10,0,0,100,1,0.5,0.0,0.0,100,100,0.1,0.5,0.2,3,1,genHalfAndHalf,1,10,17,77045,Config_78,4,"add(PartnerInMemory, 1)",PartnerInMemory + 1,Unconditional Cooperator (ALL-C),"add(1, DonorAction)",DonorAction + 1,Paranoid (Remember Everyone),400.0,395.65,0.0,0.0,400.0
2026-05-04_11-43,Local_VSCode,DR3_Config_78_R5,Direct Reciprocity Mode 3 (Co-Evolution),5,1,10,0,0,100,1,0.5,0.0,0.0,100,100,0.1,0.5,0.2,3,1,genHalfAndHalf,1,10,17,77046,Config_78,5,"add(10, PartnerInMemory)",PartnerInMemory + 10,Unconditional Cooperator (ALL-C),"mul(DonorAction, DonorAction)",DonorAction**2,"Novel Mem: (True, True, False, False)",400.0,372.33,0.0,0.0,400.0
2026-05-04_11-43,Local_VSCode,DR3_Config_79_R1,Direct Reciprocity Mode 3 (Co-Evolution),5,1,10,0,0,100,1,0.5,0.0,0.0,100,100,0.5,0.5,0.2,3,1,genHalfAndHalf,1,3,17,78042,Config_79,1,"mul(-1, -10)",10,Unconditional Cooperator (ALL-C),"add(0, 10)",10,Paranoid (Remember Everyone),400.0,361.57,0.0,0.0,400.0
2026-05-04_11-44,Local_VSCode,DR3_Config_79_R2,Direct Reciprocity Mode 3 (Co-Evolution),5,1,10,0,0,100,1,0.5,0.0,0.0,100,100,0.5,0.5,0.2,3,1,genHalfAndHalf,1,3,17,78043,Config_79,2,"mul(-10, -10)",100,Unconditional Cooperator (ALL-C),"sub(-1, DonorAction)",-DonorAction - 1,Amnesia (Remember No One),400.0,370.09,0.0,0.0,400.0
2026-05-04_11-45,Local_VSCode,DR3_Config_79_R3,Direct Reciprocity Mode 3 (Co-Evolution),5,1,10,0,0,100,1,0.5,0.0,0.0,100,100,0.5,0.5,0.2,3,1,genHalfAndHalf,1,3,17,78044,Config_79,3,"sub(PartnerInMemory, -1)",PartnerInMemory + 1,Unconditional Cooperator (ALL-C),"mul(DonorAction, DonorInMemory)",DonorAction*DonorInMemory,"Novel Mem: (True, False, False, False)",400.0,372.0,0.0,0.0,400.0
2026-05-04_11-46,Local_VSCode,DR3_Config_79_R4,Direct Reciprocity Mode 3 (Co-Evolution),5,1,10,0,0,100,1,0.5,0.0,0.0,100,100,0.5,0.5,0.2,3,1,genHalfAndHalf,1,3,17,78045,Config_79,4,"mul(-1, -10)",10,Unconditional Cooperator (ALL-C),"sub(10, -1)",11,Paranoid (Remember Everyone),400.0,371.64,0.0,0.0,400.0
2026-05-04_11-46,Local_VSCode,DR3_Config_79_R5,Direct Reciprocity Mode 3 (Co-Evolution),5,1,10,0,0,100,1,0.5,0.0,0.0,100,100,0.5,0.5,0.2,3,1,genHalfAndHalf,1,3,17,78046,Config_79,5,"add(PartnerInMemory, 1)",PartnerInMemory + 1,Unconditional Cooperator (ALL-C),"add(DonorAction, DonorInMemory)",DonorAction + DonorInMemory,"Novel Mem: (True, True, True, False)",400.0,380.0,0.0,0.0,400.0
2026-05-04_11-47,Local_VSCode,DR3_Config_80_R1,Direct Reciprocity Mode 3 (Co-Evolution),5,1,10,0,0,100,1,0.5,0.0,0.0,100,100,0.5,0.5,0.2,3,1,genHalfAndHalf,1,10,17,79042,Config_80,1,"sub(1, PartnerInMemory)",1 - PartnerInMemory,Tit-for-Tat,"add(DonorInMemory, DonorInMemory)",2*DonorInMemory,Sticky Memory (Ignore actions entirely),400.0,396.0,0.0,0.0,400.0
2026-05-04_11-48,Local_VSCode,DR3_Config_80_R2,Direct Reciprocity Mode 3 (Co-Evolution),5,1,10,0,0,100,1,0.5,0.0,0.0,100,100,0.5,0.5,0.2,3,1,genHalfAndHalf,1,10,17,79043,Config_80,2,"add(10, 0)",10,Unconditional Cooperator (ALL-C),"add(DonorAction, DonorAction)",2*DonorAction,"Novel Mem: (True, True, False, False)",400.0,384.0,0.0,0.0,400.0
2026-05-04_11-49,Local_VSCode,DR3_Config_80_R3,Direct Reciprocity Mode 3 (Co-Evolution),5,1,10,0,0,100,1,0.5,0.0,0.0,100,100,0.5,0.5,0.2,3,1,genHalfAndHalf,1,10,17,79044,Config_80,3,"add(PartnerInMemory, 1)",PartnerInMemory + 1,Unconditional Cooperator (ALL-C),"add(DonorAction, DonorInMemory)",DonorAction + DonorInMemory,"Novel Mem: (True, True, True, False)",400.0,370.04,0.0,0.0,400.0
2026-05-04_11-49,Local_VSCode,DR3_Config_80_R4,Direct Reciprocity Mode 3 (Co-Evolution),5,1,10,0,0,100,1,0.5,0.0,0.0,100,100,0.5,0.5,0.2,3,1,genHalfAndHalf,1,10,17,79045,Config_80,4,"add(PartnerInMemory, 10)",PartnerInMemory + 10,Unconditional Cooperator (ALL-C),"add(DonorAction, DonorAction)",2*DonorAction,"Novel Mem: (True, True, False, False)",400.0,376.0,0.0,0.0,400.0
2026-05-04_11-50,Local_VSCode,DR3_Config_80_R5,Direct Reciprocity Mode 3 (Co-Evolution),5,1,10,0,0,100,1,0.5,0.0,0.0,100,100,0.5,0.5,0.2,3,1,genHalfAndHalf,1,10,17,79046,Config_80,5,"add(0, 1)",1,Unconditional Cooperator (ALL-C),"add(1, DonorAction)",DonorAction + 1,Paranoid (Remember Everyone),400.0,376.0,0.0,0.0,400.0
2026-05-04_11-50,Local_VSCode,DR3_Config_81_R1,Direct Reciprocity Mode 3 (Co-Evolution),5,1,10,0,10,10,1,0.5,0.0,0.0,10,100,0.1,0.5,0.2,3,1,genHalfAndHalf,1,3,17,80042,Config_81,1,"add(PartnerInMemory, 1)",PartnerInMemory + 1,Unconditional Cooperator (ALL-C),"sub(10, mul(1, -10))",20,Paranoid (Remember Everyone),18.0,13.53,0.0,22.0,15.24
2026-05-04_11-50,Local_VSCode,DR3_Config_81_R2,Direct Reciprocity Mode 3 (Co-Evolution),5,1,10,0,10,10,1,0.5,0.0,0.0,10,100,0.1,0.5,0.2,3,1,genHalfAndHalf,1,3,17,80043,Config_81,2,"add(10, 10)",20,Unconditional Cooperator (ALL-C),"add(sub(DonorAction, DonorInMemory), DonorInMemory)",DonorAction,"Novel Mem: (True, True, False, False)",17.5,14.72,0.0,22.5,14.7
2026-05-04_11-50,Local_VSCode,DR3_Config_81_R3,Direct Reciprocity Mode 3 (Co-Evolution),5,1,10,0,10,10,1,0.5,0.0,0.0,10,100,0.1,0.5,0.2,3,1,genHalfAndHalf,1,3,17,80044,Config_81,3,"sub(add(PartnerInMemory, add(PartnerInMemory, add(PartnerInMemory, add(PartnerInMemory, 0)))), sub(-1, 1))",4*PartnerInMemory + 2,Unconditional Cooperator (ALL-C),"sub(DonorInMemory, DonorInMemory)",0,Amnesia (Remember No One),17.67,14.58,0.0,22.33,16.08
2026-05-04_11-50,Local_VSCode,DR3_Config_81_R4,Direct Reciprocity Mode 3 (Co-Evolution),5,1,10,0,10,10,1,0.5,0.0,0.0,10,100,0.1,0.5,0.2,3,1,genHalfAndHalf,1,3,17,80045,Config_81,4,"sub(sub(PartnerInMemory, PartnerInMemory), add(-10, PartnerInMemory))",10 - PartnerInMemory,Unconditional Cooperator (ALL-C),"mul(sub(0, 0), sub(add(DonorAction, DonorAction), 0))",0,Amnesia (Remember No One),17.67,14.23,0.0,22.33,12.34
2026-05-04_11-50,Local_VSCode,DR3_Config_81_R5,Direct Reciprocity Mode 3 (Co-Evolution),5,1,10,0,10,10,1,0.5,0.0,0.0,10,100,0.1,0.5,0.2,3,1,genHalfAndHalf,1,3,17,80046,Config_81,5,"add(10, 10)",20,Unconditional Cooperator (ALL-C),"mul(-1, -1)",1,Paranoid (Remember Everyone),17.83,15.05,0.0,22.17,14.52
2026-05-04_11-50,Local_VSCode,DR3_Config_82_R1,Direct Reciprocity Mode 3 (Co-Evolution),5,1,10,0,10,10,1,0.5,0.0,0.0,10,100,0.1,0.5,0.2,3,1,genHalfAndHalf,1,10,17,81042,Config_82,1,"add(0, 10)",10,Unconditional Cooperator (ALL-C),"add(add(DonorInMemory, DonorAction), -1)",DonorAction + DonorInMemory - 1,"Novel Mem: (True, False, False, False)",18.0,14.83,0.0,22.0,13.68
2026-05-04_11-50,Local_VSCode,DR3_Config_82_R2,Direct Reciprocity Mode 3 (Co-Evolution),5,1,10,0,10,10,1,0.5,0.0,0.0,10,100,0.1,0.5,0.2,3,1,genHalfAndHalf,1,10,17,81043,Config_82,2,"add(sub(1, PartnerInMemory), sub(add(0, PartnerInMemory), mul(PartnerInMemory, PartnerInMemory)))",1 - PartnerInMemory**2,Tit-for-Tat,"sub(DonorInMemory, DonorInMemory)",0,Amnesia (Remember No One),17.67,12.5,0.0,22.33,15.34
2026-05-04_11-50,Local_VSCode,DR3_Config_82_R3,Direct Reciprocity Mode 3 (Co-Evolution),5,1,10,0,10,10,1,0.5,0.0,0.0,10,100,0.1,0.5,0.2,3,1,genHalfAndHalf,1,10,17,81044,Config_82,3,"sub(sub(10, -1), add(PartnerInMemory, -1))",12 - PartnerInMemory,Unconditional Cooperator (ALL-C),"mul(DonorAction, DonorAction)",DonorAction**2,"Novel Mem: (True, True, False, False)",17.17,16.13,0.0,22.83,12.36
2026-05-04_11-50,Local_VSCode,DR3_Config_82_R4,Direct Reciprocity Mode 3 (Co-Evolution),5,1,10,0,10,10,1,0.5,0.0,0.0,10,100,0.1,0.5,0.2,3,1,genHalfAndHalf,1,10,17,81045,Config_82,4,"add(10, 1)",11,Unconditional Cooperator (ALL-C),"sub(-10, -10)",0,Amnesia (Remember No One),17.17,14.58,0.0,22.83,15.08
2026-05-04_11-50,Local_VSCode,DR3_Config_82_R5,Direct Reciprocity Mode 3 (Co-Evolution),5,1,10,0,10,10,1,0.5,0.0,0.0,10,100,0.1,0.5,0.2,3,1,genHalfAndHalf,1,10,17,81046,Config_82,5,"sub(mul(add(10, 1), sub(1, -1)), sub(mul(PartnerInMemory, PartnerInMemory), mul(0, -1)))",22 - PartnerInMemory**2,Unconditional Cooperator (ALL-C),"mul(DonorInMemory, DonorInMemory)",DonorInMemory**2,Sticky Memory (Ignore actions entirely),17.17,15.87,0.0,22.83,12.56
2026-05-04_11-50,Local_VSCode,DR3_Config_83_R1,Direct Reciprocity Mode 3 (Co-Evolution),5,1,10,0,10,10,1,0.5,0.0,0.0,10,100,0.5,0.5,0.2,3,1,genHalfAndHalf,1,3,17,82042,Config_83,1,"sub(PartnerInMemory, -10)",PartnerInMemory + 10,Unconditional Cooperator (ALL-C),"mul(DonorInMemory, DonorInMemory)",DonorInMemory**2,Sticky Memory (Ignore actions entirely),18.0,14.27,0.0,22.0,15.04
2026-05-04_11-51,Local_VSCode,DR3_Config_83_R2,Direct Reciprocity Mode 3 (Co-Evolution),5,1,10,0,10,10,1,0.5,0.0,0.0,10,100,0.5,0.5,0.2,3,1,genHalfAndHalf,1,3,17,82043,Config_83,2,"sub(PartnerInMemory, -10)",PartnerInMemory + 10,Unconditional Cooperator (ALL-C),"add(DonorInMemory, DonorInMemory)",2*DonorInMemory,Sticky Memory (Ignore actions entirely),16.67,9.85,0.0,23.33,13.36
2026-05-04_11-51,Local_VSCode,DR3_Config_83_R3,Direct Reciprocity Mode 3 (Co-Evolution),5,1,10,0,10,10,1,0.5,0.0,0.0,10,100,0.5,0.5,0.2,3,1,genHalfAndHalf,1,3,17,82044,Config_83,3,"sub(PartnerInMemory, sub(PartnerInMemory, 10))",10,Unconditional Cooperator (ALL-C),"add(DonorAction, DonorAction)",2*DonorAction,"Novel Mem: (True, True, False, False)",17.5,12.45,0.0,22.5,15.42
2026-05-04_11-51,Local_VSCode,DR3_Config_83_R4,Direct Reciprocity Mode 3 (Co-Evolution),5,1,10,0,10,10,1,0.5,0.0,0.0,10,100,0.5,0.5,0.2,3,1,genHalfAndHalf,1,3,17,82045,Config_83,4,"add(10, PartnerInMemory)",PartnerInMemory + 10,Unconditional Cooperator (ALL-C),"add(DonorAction, DonorAction)",2*DonorAction,"Novel Mem: (True, True, False, False)",16.5,13.32,0.0,23.5,15.74
2026-05-04_11-51,Local_VSCode,DR3_Config_83_R5,Direct Reciprocity Mode 3 (Co-Evolution),5,1,10,0,10,10,1,0.5,0.0,0.0,10,100,0.5,0.5,0.2,3,1,genHalfAndHalf,1,3,17,82046,Config_83,5,"sub(10, 0)",10,Unconditional Cooperator (ALL-C),"add(DonorAction, DonorAction)",2*DonorAction,"Novel Mem: (True, True, False, False)",16.5,15.43,0.0,23.5,14.42
2026-05-04_11-51,Local_VSCode,DR3_Config_84_R1,Direct Reciprocity Mode 3 (Co-Evolution),5,1,10,0,10,10,1,0.5,0.0,0.0,10,100,0.5,0.5,0.2,3,1,genHalfAndHalf,1,10,17,83042,Config_84,1,"mul(10, 10)",100,Unconditional Cooperator (ALL-C),"mul(0, 0)",0,Amnesia (Remember No One),16.67,13.67,0.0,23.33,14.22
2026-05-04_11-51,Local_VSCode,DR3_Config_84_R2,Direct Reciprocity Mode 3 (Co-Evolution),5,1,10,0,10,10,1,0.5,0.0,0.0,10,100,0.5,0.5,0.2,3,1,genHalfAndHalf,1,10,17,83043,Config_84,2,"sub(1, PartnerInMemory)",1 - PartnerInMemory,Tit-for-Tat,"sub(DonorAction, DonorAction)",0,Amnesia (Remember No One),15.83,11.35,0.0,24.17,16.52
2026-05-04_11-51,Local_VSCode,DR3_Config_84_R3,Direct Reciprocity Mode 3 (Co-Evolution),5,1,10,0,10,10,1,0.5,0.0,0.0,10,100,0.5,0.5,0.2,3,1,genHalfAndHalf,1,10,17,83044,Config_84,3,"sub(10, PartnerInMemory)",10 - PartnerInMemory,Unconditional Cooperator (ALL-C),"mul(DonorAction, 0)",0,Amnesia (Remember No One),16.83,5.38,0.0,23.17,12.26
2026-05-04_11-51,Local_VSCode,DR3_Config_84_R4,Direct Reciprocity Mode 3 (Co-Evolution),5,1,10,0,10,10,1,0.5,0.0,0.0,10,100,0.5,0.5,0.2,3,1,genHalfAndHalf,1,10,17,83045,Config_84,4,"add(PartnerInMemory, 1)",PartnerInMemory + 1,Unconditional Cooperator (ALL-C),"sub(0, DonorInMemory)",-DonorInMemory,Amnesia (Remember No One),17.67,15.37,0.0,22.33,15.92
2026-05-04_11-51,Local_VSCode,DR3_Config_84_R5,Direct Reciprocity Mode 3 (Co-Evolution),5,1,10,0,10,10,1,0.5,0.0,0.0,10,100,0.5,0.5,0.2,3,1,genHalfAndHalf,1,10,17,83046,Config_84,5,"sub(10, -1)",11,Unconditional Cooperator (ALL-C),"mul(DonorAction, DonorAction)",DonorAction**2,"Novel Mem: (True, True, False, False)",17.33,12.75,0.0,22.67,14.6
2026-05-04_11-51,Local_VSCode,DR3_Config_85_R1,Direct Reciprocity Mode 3 (Co-Evolution),5,1,10,0,10,10,1,0.5,0.0,0.0,100,100,0.1,0.5,0.2,3,1,genHalfAndHalf,1,3,17,84042,Config_85,1,"add(10, 10)",20,Unconditional Cooperator (ALL-C),"sub(0, DonorAction)",-DonorAction,Amnesia (Remember No One),19.5,14.63,0.0,20.5,14.0
2026-05-04_11-51,Local_VSCode,DR3_Config_85_R2,Direct Reciprocity Mode 3 (Co-Evolution),5,1,10,0,10,10,1,0.5,0.0,0.0,100,100,0.1,0.5,0.2,3,1,genHalfAndHalf,1,3,17,84043,Config_85,2,"add(PartnerInMemory, 1)",PartnerInMemory + 1,Unconditional Cooperator (ALL-C),"add(DonorInMemory, DonorInMemory)",2*DonorInMemory,Sticky Memory (Ignore actions entirely),19.17,14.01,0.0,20.83,14.54
2026-05-04_11-52,Local_VSCode,DR3_Config_85_R3,Direct Reciprocity Mode 3 (Co-Evolution),5,1,10,0,10,10,1,0.5,0.0,0.0,100,100,0.1,0.5,0.2,3,1,genHalfAndHalf,1,3,17,84044,Config_85,3,"add(10, 10)",20,Unconditional Cooperator (ALL-C),"sub(DonorInMemory, 0)",DonorInMemory,Sticky Memory (Ignore actions entirely),19.33,14.22,0.0,20.67,15.8
2026-05-04_11-52,Local_VSCode,DR3_Config_85_R4,Direct Reciprocity Mode 3 (Co-Evolution),5,1,10,0,10,10,1,0.5,0.0,0.0,100,100,0.1,0.5,0.2,3,1,genHalfAndHalf,1,3,17,84045,Config_85,4,"mul(-1, -1)",1,Unconditional Cooperator (ALL-C),"mul(DonorInMemory, 0)",0,Amnesia (Remember No One),18.83,14.04,0.0,21.17,14.4
2026-05-04_11-52,Local_VSCode,DR3_Config_85_R5,Direct Reciprocity Mode 3 (Co-Evolution),5,1,10,0,10,10,1,0.5,0.0,0.0,100,100,0.1,0.5,0.2,3,1,genHalfAndHalf,1,3,17,84046,Config_85,5,"sub(sub(PartnerInMemory, 0), -1)",PartnerInMemory + 1,Unconditional Cooperator (ALL-C),"sub(DonorInMemory, mul(DonorInMemory, sub(0, -10)))",-9*DonorInMemory,Amnesia (Remember No One),18.5,13.7,0.0,21.5,14.28
2026-05-04_11-52,Local_VSCode,DR3_Config_86_R1,Direct Reciprocity Mode 3 (Co-Evolution),5,1,10,0,10,10,1,0.5,0.0,0.0,100,100,0.1,0.5,0.2,3,1,genHalfAndHalf,1,10,17,85042,Config_86,1,"mul(add(10, 10), 10)",200,Unconditional Cooperator (ALL-C),"sub(DonorInMemory, DonorInMemory)",0,Amnesia (Remember No One),18.5,14.17,0.0,21.5,14.5
2026-05-04_11-52,Local_VSCode,DR3_Config_86_R2,Direct Reciprocity Mode 3 (Co-Evolution),5,1,10,0,10,10,1,0.5,0.0,0.0,100,100,0.1,0.5,0.2,3,1,genHalfAndHalf,1,10,17,85043,Config_86,2,"sub(0, -1)",1,Unconditional Cooperator (ALL-C),"sub(DonorInMemory, DonorInMemory)",0,Amnesia (Remember No One),19.33,12.38,0.0,20.67,14.2
2026-05-04_11-53,Local_VSCode,DR3_Config_86_R3,Direct Reciprocity Mode 3 (Co-Evolution),5,1,10,0,10,10,1,0.5,0.0,0.0,100,100,0.1,0.5,0.2,3,1,genHalfAndHalf,1,10,17,85044,Config_86,3,"mul(-1, add(-1, -1))",2,Unconditional Cooperator (ALL-C),"sub(-1, DonorInMemory)",-DonorInMemory - 1,Amnesia (Remember No One),18.5,14.17,0.0,21.5,13.3
2026-05-04_11-53,Local_VSCode,DR3_Config_86_R4,Direct Reciprocity Mode 3 (Co-Evolution),5,1,10,0,10,10,1,0.5,0.0,0.0,100,100,0.1,0.5,0.2,3,1,genHalfAndHalf,1,10,17,85045,Config_86,4,"add(1, add(10, PartnerInMemory))",PartnerInMemory + 11,Unconditional Cooperator (ALL-C),"sub(add(add(-1, DonorAction), mul(10, DonorInMemory)), DonorAction)",10*DonorInMemory - 1,Sticky Memory (Ignore actions entirely),19.5,15.02,0.0,20.5,13.9
2026-05-04_11-53,Local_VSCode,DR3_Config_86_R5,Direct Reciprocity Mode 3 (Co-Evolution),5,1,10,0,10,10,1,0.5,0.0,0.0,100,100,0.1,0.5,0.2,3,1,genHalfAndHalf,1,10,17,85046,Config_86,5,"mul(10, 10)",100,Unconditional Cooperator (ALL-C),"sub(DonorInMemory, add(DonorInMemory, sub(DonorAction, DonorInMemory)))",-DonorAction + DonorInMemory,"Novel Mem: (False, False, True, False)",18.67,13.02,0.0,21.33,14.7
2026-05-04_11-54,Local_VSCode,DR3_Config_87_R1,Direct Reciprocity Mode 3 (Co-Evolution),5,1,10,0,10,10,1,0.5,0.0,0.0,100,100,0.5,0.5,0.2,3,1,genHalfAndHalf,1,3,17,86042,Config_87,1,"add(1, 1)",2,Unconditional Cooperator (ALL-C),"sub(DonorAction, DonorAction)",0,Amnesia (Remember No One),18.5,14.58,0.0,21.5,16.88
2026-05-04_11-54,Local_VSCode,DR3_Config_87_R2,Direct Reciprocity Mode 3 (Co-Evolution),5,1,10,0,10,10,1,0.5,0.0,0.0,100,100,0.5,0.5,0.2,3,1,genHalfAndHalf,1,3,17,86043,Config_87,2,"add(0, 1)",1,Unconditional Cooperator (ALL-C),"mul(10, 10)",100,Paranoid (Remember Everyone),18.33,13.26,0.0,21.67,14.76
2026-05-04_11-54,Local_VSCode,DR3_Config_87_R3,Direct Reciprocity Mode 3 (Co-Evolution),5,1,10,0,10,10,1,0.5,0.0,0.0,100,100,0.5,0.5,0.2,3,1,genHalfAndHalf,1,3,17,86044,Config_87,3,"add(-1, 10)",9,Unconditional Cooperator (ALL-C),"sub(DonorAction, DonorInMemory)",DonorAction - DonorInMemory,"Novel Mem: (False, True, False, False)",18.5,12.65,0.0,21.5,13.52
2026-05-04_11-54,Local_VSCode,DR3_Config_87_R4,Direct Reciprocity Mode 3 (Co-Evolution),5,1,10,0,10,10,1,0.5,0.0,0.0,100,100,0.5,0.5,0.2,3,1,genHalfAndHalf,1,3,17,86045,Config_87,4,"sub(1, PartnerInMemory)",1 - PartnerInMemory,Tit-for-Tat,"mul(DonorInMemory, DonorInMemory)",DonorInMemory**2,Sticky Memory (Ignore actions entirely),17.83,11.66,0.0,22.17,15.82
2026-05-04_11-54,Local_VSCode,DR3_Config_87_R5,Direct Reciprocity Mode 3 (Co-Evolution),5,1,10,0,10,10,1,0.5,0.0,0.0,100,100,0.5,0.5,0.2,3,1,genHalfAndHalf,1,3,17,86046,Config_87,5,"add(0, 10)",10,Unconditional Cooperator (ALL-C),"sub(1, DonorAction)",1 - DonorAction,Strict Ledger (TFT Base),18.33,13.24,0.0,21.67,15.24
2026-05-04_11-55,Local_VSCode,DR3_Config_88_R1,Direct Reciprocity Mode 3 (Co-Evolution),5,1,10,0,10,10,1,0.5,0.0,0.0,100,100,0.5,0.5,0.2,3,1,genHalfAndHalf,1,10,17,87042,Config_88,1,"sub(10, -10)",20,Unconditional Cooperator (ALL-C),"add(DonorAction, DonorAction)",2*DonorAction,"Novel Mem: (True, True, False, False)",19.17,12.31,0.0,20.83,14.52
2026-05-04_11-55,Local_VSCode,DR3_Config_88_R2,Direct Reciprocity Mode 3 (Co-Evolution),5,1,10,0,10,10,1,0.5,0.0,0.0,100,100,0.5,0.5,0.2,3,1,genHalfAndHalf,1,10,17,87043,Config_88,2,"add(PartnerInMemory, sub(10, PartnerInMemory))",10,Unconditional Cooperator (ALL-C),"mul(DonorInMemory, 1)",DonorInMemory,Sticky Memory (Ignore actions entirely),18.5,12.36,0.0,21.5,16.12
2026-05-04_11-55,Local_VSCode,DR3_Config_88_R3,Direct Reciprocity Mode 3 (Co-Evolution),5,1,10,0,10,10,1,0.5,0.0,0.0,100,100,0.5,0.5,0.2,3,1,genHalfAndHalf,1,10,17,87044,Config_88,3,"sub(-1, -10)",9,Unconditional Cooperator (ALL-C),"sub(DonorInMemory, DonorAction)",-DonorAction + DonorInMemory,"Novel Mem: (False, False, True, False)",18.67,11.09,0.0,21.33,14.7
2026-05-04_11-55,Local_VSCode,DR3_Config_88_R4,Direct Reciprocity Mode 3 (Co-Evolution),5,1,10,0,10,10,1,0.5,0.0,0.0,100,100,0.5,0.5,0.2,3,1,genHalfAndHalf,1,10,17,87045,Config_88,4,"add(PartnerInMemory, 1)",PartnerInMemory + 1,Unconditional Cooperator (ALL-C),"mul(DonorInMemory, DonorInMemory)",DonorInMemory**2,Sticky Memory (Ignore actions entirely),17.83,13.34,0.0,22.17,14.2
2026-05-04_11-56,Local_VSCode,DR3_Config_88_R5,Direct Reciprocity Mode 3 (Co-Evolution),5,1,10,0,10,10,1,0.5,0.0,0.0,100,100,0.5,0.5,0.2,3,1,genHalfAndHalf,1,10,17,87046,Config_88,5,"mul(1, 1)",1,Unconditional Cooperator (ALL-C),"add(DonorAction, DonorAction)",2*DonorAction,"Novel Mem: (True, True, False, False)",18.17,13.22,0.0,21.83,16.88
2026-05-04_11-56,Local_VSCode,DR3_Config_89_R1,Direct Reciprocity Mode 3 (Co-Evolution),5,1,10,0,10,100,1,0.5,0.0,0.0,10,100,0.1,0.5,0.2,3,1,genHalfAndHalf,1,3,17,88042,Config_89,1,"add(10, mul(sub(0, 10), mul(-1, PartnerInMemory)))",10*PartnerInMemory + 10,Unconditional Cooperator (ALL-C),"add(-10, sub(-1, mul(mul(-10, -1), DonorInMemory)))",-10*DonorInMemory - 11,Amnesia (Remember No One),149.5,138.48,0.0,250.5,179.32
2026-05-04_11-56,Local_VSCode,DR3_Config_89_R2,Direct Reciprocity Mode 3 (Co-Evolution),5,1,10,0,10,100,1,0.5,0.0,0.0,10,100,0.1,0.5,0.2,3,1,genHalfAndHalf,1,3,17,88043,Config_89,2,"sub(mul(sub(add(PartnerInMemory, -1), sub(-1, PartnerInMemory)), add(add(10, -10), mul(10, -10))), sub(-10, PartnerInMemory))",10 - 199*PartnerInMemory,Tit-for-Tat,"sub(mul(mul(add(sub(0, add(DonorAction, -1)), 10), DonorAction), -1), add(sub(sub(-10, sub(DonorInMemory, DonorInMemory)), mul(-10, DonorAction)), sub(DonorInMemory, DonorInMemory)))",DonorAction**2 - 21*DonorAction + 10,Strict Ledger (TFT Base),189.2,166.05,0.0,46.0,180.28
2026-05-04_11-56,Local_VSCode,DR3_Config_89_R3,Direct Reciprocity Mode 3 (Co-Evolution),5,1,10,0,10,100,1,0.5,0.0,0.0,10,100,0.1,0.5,0.2,3,1,genHalfAndHalf,1,3,17,88044,Config_89,3,"mul(add(1, PartnerInMemory), add(add(1, PartnerInMemory), PartnerInMemory))",(PartnerInMemory + 1)*(2*PartnerInMemory + 1),Unconditional Cooperator (ALL-C),"mul(DonorAction, sub(mul(DonorAction, DonorAction), sub(DonorAction, DonorAction)))",DonorAction**3,"Novel Mem: (True, True, False, False)",148.83,127.37,0.0,251.17,178.8
2026-05-04_11-56,Local_VSCode,DR3_Config_89_R4,Direct Reciprocity Mode 3 (Co-Evolution),5,1,10,0,10,100,1,0.5,0.0,0.0,10,100,0.1,0.5,0.2,3,1,genHalfAndHalf,1,3,17,88045,Config_89,4,"add(sub(0, sub(1, 10)), PartnerInMemory)",PartnerInMemory + 9,Unconditional Cooperator (ALL-C),"mul(add(DonorAction, DonorAction), 10)",20*DonorAction,"Novel Mem: (True, True, False, False)",149.83,142.68,0.0,250.17,177.3
2026-05-04_11-57,Local_VSCode,DR3_Config_89_R5,Direct Reciprocity Mode 3 (Co-Evolution),5,1,10,0,10,100,1,0.5,0.0,0.0,10,100,0.1,0.5,0.2,3,1,genHalfAndHalf,1,3,17,88046,Config_89,5,"add(1, 1)",2,Unconditional Cooperator (ALL-C),"sub(DonorInMemory, sub(DonorInMemory, 10))",10,Paranoid (Remember Everyone),150.67,143.8,0.0,249.33,178.98
2026-05-04_11-57,Local_VSCode,DR3_Config_90_R1,Direct Reciprocity Mode 3 (Co-Evolution),5,1,10,0,10,100,1,0.5,0.0,0.0,10,100,0.1,0.5,0.2,3,1,genHalfAndHalf,1,10,17,89042,Config_90,1,"sub(10, 0)",10,Unconditional Cooperator (ALL-C),"add(sub(add(DonorInMemory, sub(DonorInMemory, 1)), 1), add(DonorInMemory, sub(DonorInMemory, 1)))",4*DonorInMemory - 3,Sticky Memory (Ignore actions entirely),148.83,130.98,0.0,251.17,178.92
2026-05-04_11-57,Local_VSCode,DR3_Config_90_R2,Direct Reciprocity Mode 3 (Co-Evolution),5,1,10,0,10,100,1,0.5,0.0,0.0,10,100,0.1,0.5,0.2,3,1,genHalfAndHalf,1,10,17,89043,Config_90,2,"sub(sub(add(1, 0), sub(PartnerInMemory, 10)), sub(mul(add(10, 0), PartnerInMemory), add(10, 10)))",31 - 11*PartnerInMemory,Unconditional Cooperator (ALL-C),"sub(-1, DonorInMemory)",-DonorInMemory - 1,Amnesia (Remember No One),148.0,115.18,0.0,252.0,176.22
2026-05-04_11-57,Local_VSCode,DR3_Config_90_R3,Direct Reciprocity Mode 3 (Co-Evolution),5,1,10,0,10,100,1,0.5,0.0,0.0,10,100,0.1,0.5,0.2,3,1,genHalfAndHalf,1,10,17,89044,Config_90,3,"sub(PartnerInMemory, -10)",PartnerInMemory + 10,Unconditional Cooperator (ALL-C),"sub(add(DonorAction, -10), add(add(DonorAction, -10), DonorInMemory))",-DonorInMemory,Amnesia (Remember No One),149.0,126.55,0.0,251.0,184.74
2026-05-04_11-57,Local_VSCode,DR3_Config_90_R4,Direct Reciprocity Mode 3 (Co-Evolution),5,1,10,0,10,100,1,0.5,0.0,0.0,10,100,0.1,0.5,0.2,3,1,genHalfAndHalf,1,10,17,89045,Config_90,4,"add(PartnerInMemory, add(add(10, add(add(10, PartnerInMemory), mul(0, PartnerInMemory))), mul(0, PartnerInMemory)))",2*PartnerInMemory + 20,Unconditional Cooperator (ALL-C),"add(DonorAction, mul(DonorInMemory, DonorInMemory))",DonorAction + DonorInMemory**2,"Novel Mem: (True, True, True, False)",150.33,142.42,0.0,249.67,177.24
2026-05-04_11-57,Local_VSCode,DR3_Config_90_R5,Direct Reciprocity Mode 3 (Co-Evolution),5,1,10,0,10,100,1,0.5,0.0,0.0,10,100,0.1,0.5,0.2,3,1,genHalfAndHalf,1,10,17,89046,Config_90,5,"add(mul(-10, -1), mul(-10, -1))",20,Unconditional Cooperator (ALL-C),"add(sub(DonorAction, DonorAction), add(DonorInMemory, DonorAction))",DonorAction + DonorInMemory,"Novel Mem: (True, True, True, False)",150.33,142.62,0.0,249.67,179.32
2026-05-04_11-58,Local_VSCode,DR3_Config_91_R1,Direct Reciprocity Mode 3 (Co-Evolution),5,1,10,0,10,100,1,0.5,0.0,0.0,10,100,0.5,0.5,0.2,3,1,genHalfAndHalf,1,3,17,90042,Config_91,1,"add(0, sub(0, -10))",10,Unconditional Cooperator (ALL-C),"sub(0, DonorAction)",-DonorAction,Amnesia (Remember No One),149.83,57.03,0.0,250.17,182.9
2026-05-04_11-58,Local_VSCode,DR3_Config_91_R2,Direct Reciprocity Mode 3 (Co-Evolution),5,1,10,0,10,100,1,0.5,0.0,0.0,10,100,0.5,0.5,0.2,3,1,genHalfAndHalf,1,3,17,90043,Config_91,2,"add(1, 1)",2,Unconditional Cooperator (ALL-C),"add(DonorAction, -1)",DonorAction - 1,Amnesia (Remember No One),153.67,128.03,0.0,246.33,180.7
2026-05-04_11-58,Local_VSCode,DR3_Config_91_R3,Direct Reciprocity Mode 3 (Co-Evolution),5,1,10,0,10,100,1,0.5,0.0,0.0,10,100,0.5,0.5,0.2,3,1,genHalfAndHalf,1,3,17,90044,Config_91,3,"sub(1, mul(mul(-1, 1), 1))",2,Unconditional Cooperator (ALL-C),"sub(sub(-1, DonorInMemory), DonorInMemory)",-2*DonorInMemory - 1,Amnesia (Remember No One),151.0,99.58,0.0,249.0,182.94
2026-05-04_11-58,Local_VSCode,DR3_Config_91_R4,Direct Reciprocity Mode 3 (Co-Evolution),5,1,10,0,10,100,1,0.5,0.0,0.0,10,100,0.5,0.5,0.2,3,1,genHalfAndHalf,1,3,17,90045,Config_91,4,"add(10, sub(10, 10))",10,Unconditional Cooperator (ALL-C),"sub(DonorAction, DonorAction)",0,Amnesia (Remember No One),149.33,144.42,0.0,250.67,180.22
2026-05-04_11-58,Local_VSCode,DR3_Config_91_R5,Direct Reciprocity Mode 3 (Co-Evolution),5,1,10,0,10,100,1,0.5,0.0,0.0,10,100,0.5,0.5,0.2,3,1,genHalfAndHalf,1,3,17,90046,Config_91,5,"add(PartnerInMemory, 10)",PartnerInMemory + 10,Unconditional Cooperator (ALL-C),"sub(DonorAction, 10)",DonorAction - 10,Amnesia (Remember No One),149.67,125.47,0.0,250.33,180.5
2026-05-04_11-58,Local_VSCode,DR3_Config_92_R1,Direct Reciprocity Mode 3 (Co-Evolution),5,1,10,0,10,100,1,0.5,0.0,0.0,10,100,0.5,0.5,0.2,3,1,genHalfAndHalf,1,10,17,91042,Config_92,1,"sub(add(10, PartnerInMemory), PartnerInMemory)",10,Unconditional Cooperator (ALL-C),"mul(0, 0)",0,Amnesia (Remember No One),149.5,113.42,0.0,250.5,181.58
2026-05-04_11-58,Local_VSCode,DR3_Config_92_R2,Direct Reciprocity Mode 3 (Co-Evolution),5,1,10,0,10,100,1,0.5,0.0,0.0,10,100,0.5,0.5,0.2,3,1,genHalfAndHalf,1,10,17,91043,Config_92,2,"sub(add(0, 10), PartnerInMemory)",10 - PartnerInMemory,Unconditional Cooperator (ALL-C),"mul(mul(mul(DonorAction, DonorAction), DonorAction), mul(DonorAction, 0))",0,Amnesia (Remember No One),153.0,100.12,0.0,247.0,175.04
2026-05-04_11-59,Local_VSCode,DR3_Config_92_R3,Direct Reciprocity Mode 3 (Co-Evolution),5,1,10,0,10,100,1,0.5,0.0,0.0,10,100,0.5,0.5,0.2,3,1,genHalfAndHalf,1,10,17,91044,Config_92,3,"add(mul(mul(add(PartnerInMemory, 0), sub(10, 10)), PartnerInMemory), 1)",1,Unconditional Cooperator (ALL-C),"add(-10, -10)",-20,Amnesia (Remember No One),153.83,121.33,0.0,246.17,183.94
2026-05-04_11-59,Local_VSCode,DR3_Config_92_R4,Direct Reciprocity Mode 3 (Co-Evolution),5,1,10,0,10,100,1,0.5,0.0,0.0,10,100,0.5,0.5,0.2,3,1,genHalfAndHalf,1,10,17,91045,Config_92,4,"sub(PartnerInMemory, -1)",PartnerInMemory + 1,Unconditional Cooperator (ALL-C),"add(sub(DonorAction, 1), sub(DonorInMemory, DonorInMemory))",DonorAction - 1,Amnesia (Remember No One),149.17,112.6,0.0,250.83,185.68
2026-05-04_11-59,Local_VSCode,DR3_Config_92_R5,Direct Reciprocity Mode 3 (Co-Evolution),5,1,10,0,10,100,1,0.5,0.0,0.0,10,100,0.5,0.5,0.2,3,1,genHalfAndHalf,1,10,17,91046,Config_92,5,"add(10, sub(1, 1))",10,Unconditional Cooperator (ALL-C),"sub(DonorAction, DonorAction)",0,Amnesia (Remember No One),150.0,124.58,0.0,250.0,179.74
2026-05-04_12-00,Local_VSCode,DR3_Config_93_R1,Direct Reciprocity Mode 3 (Co-Evolution),5,1,10,0,10,100,1,0.5,0.0,0.0,100,100,0.1,0.5,0.2,3,1,genHalfAndHalf,1,3,17,92042,Config_93,1,"add(add(10, PartnerInMemory), add(mul(add(1, PartnerInMemory), add(1, -10)), 1))",2 - 8*PartnerInMemory,Tit-for-Tat,"add(add(mul(DonorAction, DonorAction), 1), sub(sub(DonorInMemory, DonorAction), add(mul(0, DonorInMemory), DonorAction)))",DonorAction**2 - 2*DonorAction + DonorInMemory + 1,Unforgiving (Grim Trigger),191.67,142.62,0.0,43.67,183.64
2026-05-04_12-02,Local_VSCode,DR3_Config_93_R2,Direct Reciprocity Mode 3 (Co-Evolution),5,1,10,0,10,100,1,0.5,0.0,0.0,100,100,0.1,0.5,0.2,3,1,genHalfAndHalf,1,3,17,92043,Config_93,2,"sub(1, mul(mul(sub(10, PartnerInMemory), PartnerInMemory), PartnerInMemory))",PartnerInMemory**2*(PartnerInMemory - 10) + 1,Tit-for-Tat,"add(sub(DonorAction, DonorAction), sub(1, DonorAction))",1 - DonorAction,Strict Ledger (TFT Base),192.03,155.54,0.0,46.5,179.88
2026-05-04_12-03,Local_VSCode,DR3_Config_93_R3,Direct Reciprocity Mode 3 (Co-Evolution),5,1,10,0,10,100,1,0.5,0.0,0.0,100,100,0.1,0.5,0.2,3,1,genHalfAndHalf,1,3,17,92044,Config_93,3,"mul(-10, -10)",100,Unconditional Cooperator (ALL-C),"add(10, mul(DonorAction, DonorAction))",DonorAction**2 + 10,Paranoid (Remember Everyone),152.0,122.97,0.0,248.0,183.38
2026-05-04_12-04,Local_VSCode,DR3_Config_93_R4,Direct Reciprocity Mode 3 (Co-Evolution),5,1,10,0,10,100,1,0.5,0.0,0.0,100,100,0.1,0.5,0.2,3,1,genHalfAndHalf,1,3,17,92045,Config_93,4,"mul(add(mul(sub(mul(PartnerInMemory, sub(mul(PartnerInMemory, sub(PartnerInMemory, PartnerInMemory)), PartnerInMemory)), mul(1, PartnerInMemory)), add(PartnerInMemory, 1)), add(1, PartnerInMemory)), add(PartnerInMemory, 1))",(PartnerInMemory + 1)*(-PartnerInMemory*(PartnerInMemory + 1)**2 + PartnerInMemory + 1),Tit-for-Tat,"mul(-1, add(-1, DonorAction))",1 - DonorAction,Strict Ledger (TFT Base),193.73,149.95,0.0,45.33,179.44
2026-05-04_12-06,Local_VSCode,DR3_Config_93_R5,Direct Reciprocity Mode 3 (Co-Evolution),5,1,10,0,10,100,1,0.5,0.0,0.0,100,100,0.1,0.5,0.2,3,1,genHalfAndHalf,1,3,17,92046,Config_93,5,"sub(mul(add(-10, sub(sub(PartnerInMemory, 1), 1)), add(PartnerInMemory, 0)), add(1, sub(-10, PartnerInMemory)))",PartnerInMemory*(PartnerInMemory - 12) + PartnerInMemory + 9,Tit-for-Tat,"sub(1, DonorAction)",1 - DonorAction,Strict Ledger (TFT Base),191.8,134.65,0.0,48.33,182.54
2026-05-04_12-07,Local_VSCode,DR3_Config_94_R1,Direct Reciprocity Mode 3 (Co-Evolution),5,1,10,0,10,100,1,0.5,0.0,0.0,100,100,0.1,0.5,0.2,3,1,genHalfAndHalf,1,10,17,93042,Config_94,1,"sub(10, 0)",10,Unconditional Cooperator (ALL-C),"sub(DonorInMemory, DonorAction)",-DonorAction + DonorInMemory,"Novel Mem: (False, False, True, False)",152.5,120.99,0.0,247.5,183.52
2026-05-04_12-09,Local_VSCode,DR3_Config_94_R2,Direct Reciprocity Mode 3 (Co-Evolution),5,1,10,0,10,100,1,0.5,0.0,0.0,100,100,0.1,0.5,0.2,3,1,genHalfAndHalf,1,10,17,93043,Config_94,2,"add(sub(mul(10, 10), mul(10, -10)), add(mul(1, PartnerInMemory), add(-1, 0)))",PartnerInMemory + 199,Unconditional Cooperator (ALL-C),"add(-10, DonorAction)",DonorAction - 10,Amnesia (Remember No One),154.67,141.52,0.0,245.33,181.56
2026-05-04_12-10,Local_VSCode,DR3_Config_94_R3,Direct Reciprocity Mode 3 (Co-Evolution),5,1,10,0,10,100,1,0.5,0.0,0.0,100,100,0.1,0.5,0.2,3,1,genHalfAndHalf,1,10,17,93044,Config_94,3,"sub(1, -1)",2,Unconditional Cooperator (ALL-C),"mul(add(1, add(DonorAction, DonorAction)), DonorInMemory)",DonorInMemory*(2*DonorAction + 1),Sticky Memory (Ignore actions entirely),153.67,124.1,0.0,246.33,181.98
2026-05-04_12-12,Local_VSCode,DR3_Config_94_R4,Direct Reciprocity Mode 3 (Co-Evolution),5,1,10,0,10,100,1,0.5,0.0,0.0,100,100,0.1,0.5,0.2,3,1,genHalfAndHalf,1,10,17,93045,Config_94,4,"add(add(10, PartnerInMemory), sub(PartnerInMemory, -10))",2*PartnerInMemory + 20,Unconditional Cooperator (ALL-C),"mul(mul(mul(DonorInMemory, mul(mul(DonorInMemory, DonorInMemory), mul(DonorInMemory, 1))), mul(DonorInMemory, mul(DonorInMemory, 1))), add(add(10, -10), mul(10, DonorInMemory)))",10*DonorInMemory**7,Sticky Memory (Ignore actions entirely),154.67,123.61,0.0,245.33,185.72
2026-05-04_12-13,Local_VSCode,DR3_Config_94_R5,Direct Reciprocity Mode 3 (Co-Evolution),5,1,10,0,10,100,1,0.5,0.0,0.0,100,100,0.1,0.5,0.2,3,1,genHalfAndHalf,1,10,17,93046,Config_94,5,"sub(sub(1, PartnerInMemory), mul(PartnerInMemory, 10))",1 - 11*PartnerInMemory,Tit-for-Tat,"sub(mul(DonorAction, DonorInMemory), sub(sub(DonorAction, 1), mul(DonorAction, mul(DonorAction, -10))))",-10*DonorAction**2 + DonorAction*DonorInMemory - DonorAction + 1,Strict Ledger (TFT Base),193.2,155.26,0.0,42.0,180.1
2026-05-04_12-15,Local_VSCode,DR3_Config_95_R1,Direct Reciprocity Mode 3 (Co-Evolution),5,1,10,0,10,100,1,0.5,0.0,0.0,100,100,0.5,0.5,0.2,3,1,genHalfAndHalf,1,3,17,94042,Config_95,1,"sub(PartnerInMemory, -10)",PartnerInMemory + 10,Unconditional Cooperator (ALL-C),"mul(DonorInMemory, DonorInMemory)",DonorInMemory**2,Sticky Memory (Ignore actions entirely),151.33,119.2,0.0,248.67,180.34
2026-05-04_12-16,Local_VSCode,DR3_Config_95_R2,Direct Reciprocity Mode 3 (Co-Evolution),5,1,10,0,10,100,1,0.5,0.0,0.0,100,100,0.5,0.5,0.2,3,1,genHalfAndHalf,1,3,17,94043,Config_95,2,"sub(10, PartnerInMemory)",10 - PartnerInMemory,Unconditional Cooperator (ALL-C),"mul(DonorAction, DonorAction)",DonorAction**2,"Novel Mem: (True, True, False, False)",151.5,102.34,0.0,248.5,181.96
2026-05-04_12-18,Local_VSCode,DR3_Config_95_R3,Direct Reciprocity Mode 3 (Co-Evolution),5,1,10,0,10,100,1,0.5,0.0,0.0,100,100,0.5,0.5,0.2,3,1,genHalfAndHalf,1,3,17,94044,Config_95,3,"mul(mul(1, 10), sub(add(1, mul(sub(-10, mul(PartnerInMemory, 1)), PartnerInMemory)), -1))",-10*PartnerInMemory*(PartnerInMemory + 10) + 20,Tit-for-Tat,"add(sub(mul(DonorAction, -10), add(-10, DonorAction)), DonorAction)",10 - 10*DonorAction,Strict Ledger (TFT Base),191.3,122.24,0.0,42.17,172.86
2026-05-04_12-19,Local_VSCode,DR3_Config_95_R4,Direct Reciprocity Mode 3 (Co-Evolution),5,1,10,0,10,100,1,0.5,0.0,0.0,100,100,0.5,0.5,0.2,3,1,genHalfAndHalf,1,3,17,94045,Config_95,4,"add(10, PartnerInMemory)",PartnerInMemory + 10,Unconditional Cooperator (ALL-C),"mul(add(DonorAction, add(10, DonorInMemory)), DonorAction)",DonorAction*(DonorAction + DonorInMemory + 10),"Novel Mem: (True, True, False, False)",151.83,126.28,0.0,248.17,178.32
2026-05-04_12-20,Local_VSCode,DR3_Config_95_R5,Direct Reciprocity Mode 3 (Co-Evolution),5,1,10,0,10,100,1,0.5,0.0,0.0,100,100,0.5,0.5,0.2,3,1,genHalfAndHalf,1,3,17,94046,Config_95,5,"add(mul(-1, PartnerInMemory), 1)",1 - PartnerInMemory,Tit-for-Tat,"sub(sub(sub(1, DonorInMemory), add(DonorAction, DonorAction)), DonorInMemory)",-2*DonorAction - 2*DonorInMemory + 1,"Novel Mem: (False, False, False, True)",168.83,132.86,0.0,134.5,182.74
2026-05-04_12-22,Local_VSCode,DR3_Config_96_R1,Direct Reciprocity Mode 3 (Co-Evolution),5,1,10,0,10,100,1,0.5,0.0,0.0,100,100,0.5,0.5,0.2,3,1,genHalfAndHalf,1,10,17,95042,Config_96,1,"add(10, 10)",20,Unconditional Cooperator (ALL-C),"add(DonorAction, DonorAction)",2*DonorAction,"Novel Mem: (True, True, False, False)",152.0,137.22,0.0,248.0,179.96
2026-05-04_12-24,Local_VSCode,DR3_Config_96_R2,Direct Reciprocity Mode 3 (Co-Evolution),5,1,10,0,10,100,1,0.5,0.0,0.0,100,100,0.5,0.5,0.2,3,1,genHalfAndHalf,1,10,17,95043,Config_96,2,"sub(10, mul(PartnerInMemory, 10))",10 - 10*PartnerInMemory,Tit-for-Tat,"sub(DonorInMemory, add(DonorAction, add(-1, DonorInMemory)))",1 - DonorAction,Strict Ledger (TFT Base),193.8,141.27,0.0,42.33,181.22
2026-05-04_12-25,Local_VSCode,DR3_Config_96_R3,Direct Reciprocity Mode 3 (Co-Evolution),5,1,10,0,10,100,1,0.5,0.0,0.0,100,100,0.5,0.5,0.2,3,1,genHalfAndHalf,1,10,17,95044,Config_96,3,"sub(sub(add(1, -10), PartnerInMemory), -10)",1 - PartnerInMemory,Tit-for-Tat,"sub(1, mul(1, DonorAction))",1 - DonorAction,Strict Ledger (TFT Base),191.13,152.01,0.0,45.0,180.98
2026-05-04_12-27,Local_VSCode,DR3_Config_96_R4,Direct Reciprocity Mode 3 (Co-Evolution),5,1,10,0,10,100,1,0.5,0.0,0.0,100,100,0.5,0.5,0.2,3,1,genHalfAndHalf,1,10,17,95045,Config_96,4,"add(PartnerInMemory, sub(PartnerInMemory, -10))",2*PartnerInMemory + 10,Unconditional Cooperator (ALL-C),"mul(-1, -1)",1,Paranoid (Remember Everyone),155.0,125.49,0.0,245.0,181.56
2026-05-04_12-28,Local_VSCode,DR3_Config_96_R5,Direct Reciprocity Mode 3 (Co-Evolution),5,1,10,0,10,100,1,0.5,0.0,0.0,100,100,0.5,0.5,0.2,3,1,genHalfAndHalf,1,10,17,95046,Config_96,5,"sub(sub(sub(1, PartnerInMemory), PartnerInMemory), sub(PartnerInMemory, PartnerInMemory))",1 - 2*PartnerInMemory,Tit-for-Tat,"sub(1, DonorAction)",1 - DonorAction,Strict Ledger (TFT Base),192.3,136.06,0.0,43.83,183.44
2026-05-04_12-28,Local_VSCode,DR3_Config_97_R1,Direct Reciprocity Mode 3 (Co-Evolution),5,1,10,10,0,10,1,0.5,0.0,0.0,10,100,0.1,0.5,0.2,3,1,genHalfAndHalf,1,3,17,96042,Config_97,1,"add(sub(PartnerInMemory, sub(mul(PartnerInMemory, PartnerInMemory), -10)), mul(-10, -10))",-PartnerInMemory**2 + PartnerInMemory + 90,Unconditional Cooperator (ALL-C),"add(DonorInMemory, DonorInMemory)",2*DonorInMemory,Sticky Memory (Ignore actions entirely),46.67,39.78,33.33,0.0,41.4
2026-05-04_12-28,Local_VSCode,DR3_Config_97_R2,Direct Reciprocity Mode 3 (Co-Evolution),5,1,10,10,0,10,1,0.5,0.0,0.0,10,100,0.1,0.5,0.2,3,1,genHalfAndHalf,1,3,17,96043,Config_97,2,"add(sub(PartnerInMemory, -10), PartnerInMemory)",2*PartnerInMemory + 10,Unconditional Cooperator (ALL-C),"add(1, add(1, -1))",1,Paranoid (Remember Everyone),45.17,43.0,34.83,0.0,37.8
2026-05-04_12-28,Local_VSCode,DR3_Config_97_R3,Direct Reciprocity Mode 3 (Co-Evolution),5,1,10,10,0,10,1,0.5,0.0,0.0,10,100,0.1,0.5,0.2,3,1,genHalfAndHalf,1,3,17,96044,Config_97,3,"add(PartnerInMemory, sub(mul(mul(PartnerInMemory, -10), -10), -10))",101*PartnerInMemory + 10,Unconditional Cooperator (ALL-C),"sub(DonorInMemory, DonorInMemory)",0,Amnesia (Remember No One),46.33,38.18,33.67,0.0,38.0
2026-05-04_12-28,Local_VSCode,DR3_Config_97_R4,Direct Reciprocity Mode 3 (Co-Evolution),5,1,10,10,0,10,1,0.5,0.0,0.0,10,100,0.1,0.5,0.2,3,1,genHalfAndHalf,1,3,17,96045,Config_97,4,"mul(mul(-10, -10), sub(-1, -10))",900,Unconditional Cooperator (ALL-C),"sub(DonorAction, sub(DonorAction, sub(DonorAction, DonorAction)))",0,Amnesia (Remember No One),45.5,39.9,34.5,0.0,40.2
2026-05-04_12-28,Local_VSCode,DR3_Config_97_R5,Direct Reciprocity Mode 3 (Co-Evolution),5,1,10,10,0,10,1,0.5,0.0,0.0,10,100,0.1,0.5,0.2,3,1,genHalfAndHalf,1,3,17,96046,Config_97,5,"add(10, sub(10, sub(add(mul(10, PartnerInMemory), add(PartnerInMemory, PartnerInMemory)), add(PartnerInMemory, add(PartnerInMemory, PartnerInMemory)))))",20 - 9*PartnerInMemory,Unconditional Cooperator (ALL-C),"sub(DonorAction, mul(DonorAction, sub(DonorAction, DonorAction)))",DonorAction,"Novel Mem: (True, True, False, False)",46.5,40.87,33.5,0.0,41.0
2026-05-04_12-28,Local_VSCode,DR3_Config_98_R1,Direct Reciprocity Mode 3 (Co-Evolution),5,1,10,10,0,10,1,0.5,0.0,0.0,10,100,0.1,0.5,0.2,3,1,genHalfAndHalf,1,10,17,97042,Config_98,1,"sub(add(sub(sub(PartnerInMemory, -10), -10), mul(-1, -10)), sub(PartnerInMemory, -1))",29,Unconditional Cooperator (ALL-C),"sub(add(-10, DonorInMemory), mul(-10, DonorAction))",10*DonorAction + DonorInMemory - 10,"Novel Mem: (True, False, False, False)",47.0,43.32,33.0,0.0,40.0
2026-05-04_12-28,Local_VSCode,DR3_Config_98_R2,Direct Reciprocity Mode 3 (Co-Evolution),5,1,10,10,0,10,1,0.5,0.0,0.0,10,100,0.1,0.5,0.2,3,1,genHalfAndHalf,1,10,17,97043,Config_98,2,"add(add(sub(10, 1), mul(PartnerInMemory, PartnerInMemory)), add(mul(1, PartnerInMemory), sub(PartnerInMemory, PartnerInMemory)))",PartnerInMemory**2 + PartnerInMemory + 9,Unconditional Cooperator (ALL-C),"add(sub(DonorInMemory, sub(add(DonorInMemory, DonorInMemory), sub(DonorInMemory, -10))), sub(DonorAction, sub(add(mul(DonorInMemory, -10), sub(1, DonorAction)), 10)))",2*DonorAction + 10*DonorInMemory + 19,Paranoid (Remember Everyone),47.0,39.64,33.0,0.0,41.8
2026-05-04_12-28,Local_VSCode,DR3_Config_98_R3,Direct Reciprocity Mode 3 (Co-Evolution),5,1,10,10,0,10,1,0.5,0.0,0.0,10,100,0.1,0.5,0.2,3,1,genHalfAndHalf,1,10,17,97044,Config_98,3,"add(mul(-10, PartnerInMemory), add(1, mul(PartnerInMemory, PartnerInMemory)))",PartnerInMemory**2 - 10*PartnerInMemory + 1,Tit-for-Tat,"sub(mul(DonorInMemory, sub(DonorInMemory, 0)), 1)",DonorInMemory**2 - 1,Amnesia (Remember No One),45.0,39.39,35.0,0.0,39.9
2026-05-04_12-28,Local_VSCode,DR3_Config_98_R4,Direct Reciprocity Mode 3 (Co-Evolution),5,1,10,10,0,10,1,0.5,0.0,0.0,10,100,0.1,0.5,0.2,3,1,genHalfAndHalf,1,10,17,97045,Config_98,4,"sub(sub(10, PartnerInMemory), PartnerInMemory)",10 - 2*PartnerInMemory,Unconditional Cooperator (ALL-C),"add(DonorAction, DonorAction)",2*DonorAction,"Novel Mem: (True, True, False, False)",45.17,37.95,34.83,0.0,39.3
2026-05-04_12-28,Local_VSCode,DR3_Config_98_R5,Direct Reciprocity Mode 3 (Co-Evolution),5,1,10,10,0,10,1,0.5,0.0,0.0,10,100,0.1,0.5,0.2,3,1,genHalfAndHalf,1,10,17,97046,Config_98,5,"sub(1, PartnerInMemory)",1 - PartnerInMemory,Tit-for-Tat,"add(add(sub(-1, 1), -1), DonorInMemory)",DonorInMemory - 3,Amnesia (Remember No One),45.67,39.28,34.33,0.0,36.7
2026-05-04_12-28,Local_VSCode,DR3_Config_99_R1,Direct Reciprocity Mode 3 (Co-Evolution),5,1,10,10,0,10,1,0.5,0.0,0.0,10,100,0.5,0.5,0.2,3,1,genHalfAndHalf,1,3,17,98042,Config_99,1,"sub(PartnerInMemory, -10)",PartnerInMemory + 10,Unconditional Cooperator (ALL-C),"mul(DonorInMemory, DonorAction)",DonorAction*DonorInMemory,"Novel Mem: (True, False, False, False)",45.17,41.27,34.83,0.0,39.2
2026-05-04_12-28,Local_VSCode,DR3_Config_99_R2,Direct Reciprocity Mode 3 (Co-Evolution),5,1,10,10,0,10,1,0.5,0.0,0.0,10,100,0.5,0.5,0.2,3,1,genHalfAndHalf,1,3,17,98043,Config_99,2,"add(1, 1)",2,Unconditional Cooperator (ALL-C),"mul(DonorAction, DonorAction)",DonorAction**2,"Novel Mem: (True, True, False, False)",44.83,40.85,35.17,0.0,38.4
2026-05-04_12-28,Local_VSCode,DR3_Config_99_R3,Direct Reciprocity Mode 3 (Co-Evolution),5,1,10,10,0,10,1,0.5,0.0,0.0,10,100,0.5,0.5,0.2,3,1,genHalfAndHalf,1,3,17,98044,Config_99,3,"sub(PartnerInMemory, -1)",PartnerInMemory + 1,Unconditional Cooperator (ALL-C),"mul(1, -10)",-10,Amnesia (Remember No One),45.5,39.63,34.5,0.0,38.0
2026-05-04_12-28,Local_VSCode,DR3_Config_99_R4,Direct Reciprocity Mode 3 (Co-Evolution),5,1,10,10,0,10,1,0.5,0.0,0.0,10,100,0.5,0.5,0.2,3,1,genHalfAndHalf,1,3,17,98045,Config_99,4,"add(10, 10)",20,Unconditional Cooperator (ALL-C),"mul(mul(DonorAction, DonorAction), add(0, sub(DonorInMemory, DonorAction)))",DonorAction**2*(-DonorAction + DonorInMemory),Amnesia (Remember No One),46.67,42.92,33.33,0.0,39.6
2026-05-04_12-28,Local_VSCode,DR3_Config_99_R5,Direct Reciprocity Mode 3 (Co-Evolution),5,1,10,10,0,10,1,0.5,0.0,0.0,10,100,0.5,0.5,0.2,3,1,genHalfAndHalf,1,3,17,98046,Config_99,5,"sub(PartnerInMemory, sub(PartnerInMemory, 1))",1,Unconditional Cooperator (ALL-C),"add(-10, -10)",-20,Amnesia (Remember No One),46.33,38.83,33.67,0.0,40.8
2026-05-04_12-28,Local_VSCode,DR3_Config_100_R1,Direct Reciprocity Mode 3 (Co-Evolution),5,1,10,10,0,10,1,0.5,0.0,0.0,10,100,0.5,0.5,0.2,3,1,genHalfAndHalf,1,10,17,99042,Config_100,1,"mul(-10, -10)",100,Unconditional Cooperator (ALL-C),"add(-10, DonorInMemory)",DonorInMemory - 10,Amnesia (Remember No One),44.67,40.15,35.33,0.0,43.1
2026-05-04_12-29,Local_VSCode,DR3_Config_100_R2,Direct Reciprocity Mode 3 (Co-Evolution),5,1,10,10,0,10,1,0.5,0.0,0.0,10,100,0.5,0.5,0.2,3,1,genHalfAndHalf,1,10,17,99043,Config_100,2,"sub(1, -10)",11,Unconditional Cooperator (ALL-C),"mul(DonorAction, 1)",DonorAction,"Novel Mem: (True, True, False, False)",44.67,42.82,35.33,0.0,39.5
2026-05-04_12-29,Local_VSCode,DR3_Config_100_R3,Direct Reciprocity Mode 3 (Co-Evolution),5,1,10,10,0,10,1,0.5,0.0,0.0,10,100,0.5,0.5,0.2,3,1,genHalfAndHalf,1,10,17,99044,Config_100,3,"mul(10, 10)",100,Unconditional Cooperator (ALL-C),"sub(DonorAction, DonorAction)",0,Amnesia (Remember No One),44.0,42.62,36.0,0.0,42.7
2026-05-04_12-29,Local_VSCode,DR3_Config_100_R4,Direct Reciprocity Mode 3 (Co-Evolution),5,1,10,10,0,10,1,0.5,0.0,0.0,10,100,0.5,0.5,0.2,3,1,genHalfAndHalf,1,10,17,99045,Config_100,4,"add(1, 0)",1,Unconditional Cooperator (ALL-C),"add(1, 1)",2,Paranoid (Remember Everyone),44.67,40.08,35.33,0.0,40.0
2026-05-04_12-29,Local_VSCode,DR3_Config_100_R5,Direct Reciprocity Mode 3 (Co-Evolution),5,1,10,10,0,10,1,0.5,0.0,0.0,10,100,0.5,0.5,0.2,3,1,genHalfAndHalf,1,10,17,99046,Config_100,5,"add(10, 10)",20,Unconditional Cooperator (ALL-C),"add(-10, -10)",-20,Amnesia (Remember No One),44.5,40.5,35.5,0.0,38.8
2026-05-04_12-29,Local_VSCode,DR3_Config_101_R1,Direct Reciprocity Mode 3 (Co-Evolution),5,1,10,10,0,10,1,0.5,0.0,0.0,100,100,0.1,0.5,0.2,3,1,genHalfAndHalf,1,3,17,100042,Config_101,1,"sub(0, -1)",1,Unconditional Cooperator (ALL-C),"sub(1, DonorInMemory)",1 - DonorInMemory,"Novel Mem: (False, True, False, True)",46.83,39.72,33.17,0.0,41.8
2026-05-04_12-29,Local_VSCode,DR3_Config_101_R2,Direct Reciprocity Mode 3 (Co-Evolution),5,1,10,10,0,10,1,0.5,0.0,0.0,100,100,0.1,0.5,0.2,3,1,genHalfAndHalf,1,3,17,100043,Config_101,2,"add(10, 10)",20,Unconditional Cooperator (ALL-C),"mul(sub(DonorAction, 1), sub(DonorAction, -1))",DonorAction**2 - 1,Amnesia (Remember No One),47.33,40.89,32.67,0.0,37.5
2026-05-04_12-29,Local_VSCode,DR3_Config_101_R3,Direct Reciprocity Mode 3 (Co-Evolution),5,1,10,10,0,10,1,0.5,0.0,0.0,100,100,0.1,0.5,0.2,3,1,genHalfAndHalf,1,3,17,100044,Config_101,3,"sub(PartnerInMemory, sub(sub(PartnerInMemory, 1), PartnerInMemory))",PartnerInMemory + 1,Unconditional Cooperator (ALL-C),"add(DonorAction, sub(DonorInMemory, sub(DonorAction, DonorInMemory)))",2*DonorInMemory,Sticky Memory (Ignore actions entirely),47.17,39.83,32.83,0.0,37.3
2026-05-04_12-30,Local_VSCode,DR3_Config_101_R4,Direct Reciprocity Mode 3 (Co-Evolution),5,1,10,10,0,10,1,0.5,0.0,0.0,100,100,0.1,0.5,0.2,3,1,genHalfAndHalf,1,3,17,100045,Config_101,4,"add(1, PartnerInMemory)",PartnerInMemory + 1,Unconditional Cooperator (ALL-C),"mul(add(0, 0), add(0, 0))",0,Amnesia (Remember No One),47.17,40.17,32.83,0.0,39.1
2026-05-04_12-30,Local_VSCode,DR3_Config_101_R5,Direct Reciprocity Mode 3 (Co-Evolution),5,1,10,10,0,10,1,0.5,0.0,0.0,100,100,0.1,0.5,0.2,3,1,genHalfAndHalf,1,3,17,100046,Config_101,5,"add(sub(-1, -10), 10)",19,Unconditional Cooperator (ALL-C),"add(DonorInMemory, DonorInMemory)",2*DonorInMemory,Sticky Memory (Ignore actions entirely),47.17,41.45,32.83,0.0,40.3
2026-05-04_12-30,Local_VSCode,DR3_Config_102_R1,Direct Reciprocity Mode 3 (Co-Evolution),5,1,10,10,0,10,1,0.5,0.0,0.0,100,100,0.1,0.5,0.2,3,1,genHalfAndHalf,1,10,17,101042,Config_102,1,"add(PartnerInMemory, 1)",PartnerInMemory + 1,Unconditional Cooperator (ALL-C),"sub(add(-1, DonorAction), DonorInMemory)",DonorAction - DonorInMemory - 1,Amnesia (Remember No One),46.67,41.19,33.33,0.0,39.7
2026-05-04_12-30,Local_VSCode,DR3_Config_102_R2,Direct Reciprocity Mode 3 (Co-Evolution),5,1,10,10,0,10,1,0.5,0.0,0.0,100,100,0.1,0.5,0.2,3,1,genHalfAndHalf,1,10,17,101043,Config_102,2,"add(PartnerInMemory, sub(PartnerInMemory, -10))",2*PartnerInMemory + 10,Unconditional Cooperator (ALL-C),"add(-10, mul(10, DonorAction))",10*DonorAction - 10,Amnesia (Remember No One),47.33,38.88,32.67,0.0,38.5
2026-05-04_12-31,Local_VSCode,DR3_Config_102_R3,Direct Reciprocity Mode 3 (Co-Evolution),5,1,10,10,0,10,1,0.5,0.0,0.0,100,100,0.1,0.5,0.2,3,1,genHalfAndHalf,1,10,17,101044,Config_102,3,"mul(-10, -1)",10,Unconditional Cooperator (ALL-C),"sub(DonorInMemory, sub(DonorInMemory, DonorAction))",DonorAction,"Novel Mem: (True, True, False, False)",48.33,42.42,31.67,0.0,45.3
2026-05-04_12-31,Local_VSCode,DR3_Config_102_R4,Direct Reciprocity Mode 3 (Co-Evolution),5,1,10,10,0,10,1,0.5,0.0,0.0,100,100,0.1,0.5,0.2,3,1,genHalfAndHalf,1,10,17,101045,Config_102,4,"sub(10, PartnerInMemory)",10 - PartnerInMemory,Unconditional Cooperator (ALL-C),"mul(mul(DonorAction, -1), DonorInMemory)",-DonorAction*DonorInMemory,Amnesia (Remember No One),47.67,40.82,32.33,0.0,38.9
2026-05-04_12-31,Local_VSCode,DR3_Config_102_R5,Direct Reciprocity Mode 3 (Co-Evolution),5,1,10,10,0,10,1,0.5,0.0,0.0,100,100,0.1,0.5,0.2,3,1,genHalfAndHalf,1,10,17,101046,Config_102,5,"sub(sub(PartnerInMemory, -10), PartnerInMemory)",10,Unconditional Cooperator (ALL-C),"mul(DonorAction, DonorInMemory)",DonorAction*DonorInMemory,"Novel Mem: (True, False, False, False)",47.83,39.3,32.17,0.0,39.8
2026-05-04_12-31,Local_VSCode,DR3_Config_103_R1,Direct Reciprocity Mode 3 (Co-Evolution),5,1,10,10,0,10,1,0.5,0.0,0.0,100,100,0.5,0.5,0.2,3,1,genHalfAndHalf,1,3,17,102042,Config_103,1,"sub(1, -10)",11,Unconditional Cooperator (ALL-C),"mul(DonorInMemory, DonorInMemory)",DonorInMemory**2,Sticky Memory (Ignore actions entirely),46.67,37.53,33.33,0.0,40.4
2026-05-04_12-31,Local_VSCode,DR3_Config_103_R2,Direct Reciprocity Mode 3 (Co-Evolution),5,1,10,10,0,10,1,0.5,0.0,0.0,100,100,0.5,0.5,0.2,3,1,genHalfAndHalf,1,3,17,102043,Config_103,2,"sub(10, 1)",9,Unconditional Cooperator (ALL-C),"add(mul(DonorInMemory, -1), DonorAction)",DonorAction - DonorInMemory,"Novel Mem: (False, True, False, False)",48.0,40.88,32.0,0.0,38.2
2026-05-04_12-32,Local_VSCode,DR3_Config_103_R3,Direct Reciprocity Mode 3 (Co-Evolution),5,1,10,10,0,10,1,0.5,0.0,0.0,100,100,0.5,0.5,0.2,3,1,genHalfAndHalf,1,3,17,102044,Config_103,3,"mul(-1, -1)",1,Unconditional Cooperator (ALL-C),"sub(10, DonorAction)",10 - DonorAction,Paranoid (Remember Everyone),47.17,40.58,32.83,0.0,40.6
2026-05-04_12-32,Local_VSCode,DR3_Config_103_R4,Direct Reciprocity Mode 3 (Co-Evolution),5,1,10,10,0,10,1,0.5,0.0,0.0,100,100,0.5,0.5,0.2,3,1,genHalfAndHalf,1,3,17,102045,Config_103,4,"add(PartnerInMemory, 10)",PartnerInMemory + 10,Unconditional Cooperator (ALL-C),"mul(-10, -10)",100,Paranoid (Remember Everyone),47.0,40.44,33.0,0.0,36.1
2026-05-04_12-32,Local_VSCode,DR3_Config_103_R5,Direct Reciprocity Mode 3 (Co-Evolution),5,1,10,10,0,10,1,0.5,0.0,0.0,100,100,0.5,0.5,0.2,3,1,genHalfAndHalf,1,3,17,102046,Config_103,5,"sub(PartnerInMemory, -1)",PartnerInMemory + 1,Unconditional Cooperator (ALL-C),"sub(DonorAction, 1)",DonorAction - 1,Amnesia (Remember No One),47.33,41.16,32.67,0.0,43.1
2026-05-04_12-32,Local_VSCode,DR3_Config_104_R1,Direct Reciprocity Mode 3 (Co-Evolution),5,1,10,10,0,10,1,0.5,0.0,0.0,100,100,0.5,0.5,0.2,3,1,genHalfAndHalf,1,10,17,103042,Config_104,1,"add(1, 1)",2,Unconditional Cooperator (ALL-C),"mul(DonorAction, DonorAction)",DonorAction**2,"Novel Mem: (True, True, False, False)",46.83,41.25,33.17,0.0,38.2
2026-05-04_12-33,Local_VSCode,DR3_Config_104_R2,Direct Reciprocity Mode 3 (Co-Evolution),5,1,10,10,0,10,1,0.5,0.0,0.0,100,100,0.5,0.5,0.2,3,1,genHalfAndHalf,1,10,17,103043,Config_104,2,"add(PartnerInMemory, 1)",PartnerInMemory + 1,Unconditional Cooperator (ALL-C),"sub(DonorInMemory, DonorAction)",-DonorAction + DonorInMemory,"Novel Mem: (False, False, True, False)",46.33,41.21,33.67,0.0,37.7
2026-05-04_12-33,Local_VSCode,DR3_Config_104_R3,Direct Reciprocity Mode 3 (Co-Evolution),5,1,10,10,0,10,1,0.5,0.0,0.0,100,100,0.5,0.5,0.2,3,1,genHalfAndHalf,1,10,17,103044,Config_104,3,"sub(PartnerInMemory, -1)",PartnerInMemory + 1,Unconditional Cooperator (ALL-C),"sub(DonorAction, DonorAction)",0,Amnesia (Remember No One),47.0,40.58,33.0,0.0,41.9
2026-05-04_12-33,Local_VSCode,DR3_Config_104_R4,Direct Reciprocity Mode 3 (Co-Evolution),5,1,10,10,0,10,1,0.5,0.0,0.0,100,100,0.5,0.5,0.2,3,1,genHalfAndHalf,1,10,17,103045,Config_104,4,"sub(1, 0)",1,Unconditional Cooperator (ALL-C),"add(DonorInMemory, DonorAction)",DonorAction + DonorInMemory,"Novel Mem: (True, True, True, False)",46.0,39.47,34.0,0.0,40.1
2026-05-04_12-33,Local_VSCode,DR3_Config_104_R5,Direct Reciprocity Mode 3 (Co-Evolution),5,1,10,10,0,10,1,0.5,0.0,0.0,100,100,0.5,0.5,0.2,3,1,genHalfAndHalf,1,10,17,103046,Config_104,5,"add(PartnerInMemory, 1)",PartnerInMemory + 1,Unconditional Cooperator (ALL-C),"sub(DonorInMemory, 10)",DonorInMemory - 10,Amnesia (Remember No One),46.83,40.81,33.17,0.0,42.3
2026-05-04_12-33,Local_VSCode,DR3_Config_105_R1,Direct Reciprocity Mode 3 (Co-Evolution),5,1,10,10,0,100,1,0.5,0.0,0.0,10,100,0.1,0.5,0.2,3,1,genHalfAndHalf,1,3,17,104042,Config_105,1,"add(1, mul(-10, 0))",1,Unconditional Cooperator (ALL-C),"mul(add(add(DonorAction, DonorInMemory), sub(add(-10, 10), DonorInMemory)), mul(sub(DonorAction, -1), add(add(sub(mul(DonorInMemory, DonorAction), DonorInMemory), sub(0, add(sub(mul(DonorInMemory, DonorAction), DonorInMemory), sub(sub(DonorAction, DonorAction), DonorAction)))), 10)))",DonorAction*(DonorAction + 1)*(DonorAction + 10),"Novel Mem: (True, True, False, False)",416.0,391.33,384.0,0.0,394.6
2026-05-04_12-34,Local_VSCode,DR3_Config_105_R2,Direct Reciprocity Mode 3 (Co-Evolution),5,1,10,10,0,100,1,0.5,0.0,0.0,10,100,0.1,0.5,0.2,3,1,genHalfAndHalf,1,3,17,104043,Config_105,2,"add(mul(add(PartnerInMemory, 10), 10), PartnerInMemory)",11*PartnerInMemory + 100,Unconditional Cooperator (ALL-C),"mul(sub(0, 1), DonorAction)",-DonorAction,Amnesia (Remember No One),415.67,375.92,384.33,0.0,405.7
2026-05-04_12-34,Local_VSCode,DR3_Config_105_R3,Direct Reciprocity Mode 3 (Co-Evolution),5,1,10,10,0,100,1,0.5,0.0,0.0,10,100,0.1,0.5,0.2,3,1,genHalfAndHalf,1,3,17,104044,Config_105,3,"add(PartnerInMemory, add(PartnerInMemory, add(PartnerInMemory, 10)))",3*PartnerInMemory + 10,Unconditional Cooperator (ALL-C),"sub(mul(add(-10, 10), mul(DonorInMemory, DonorInMemory)), mul(sub(DonorAction, sub(DonorAction, mul(add(DonorInMemory, DonorAction), add(DonorInMemory, -1)))), add(DonorInMemory, -10)))",-(DonorAction + DonorInMemory)*(DonorInMemory - 10)*(DonorInMemory - 1),Amnesia (Remember No One),417.5,404.58,382.5,0.0,399.8
2026-05-04_12-34,Local_VSCode,DR3_Config_105_R4,Direct Reciprocity Mode 3 (Co-Evolution),5,1,10,10,0,100,1,0.5,0.0,0.0,10,100,0.1,0.5,0.2,3,1,genHalfAndHalf,1,3,17,104045,Config_105,4,"mul(10, sub(10, PartnerInMemory))",100 - 10*PartnerInMemory,Unconditional Cooperator (ALL-C),"add(DonorAction, DonorAction)",2*DonorAction,"Novel Mem: (True, True, False, False)",417.83,375.37,382.17,0.0,400.2
2026-05-04_12-34,Local_VSCode,DR3_Config_105_R5,Direct Reciprocity Mode 3 (Co-Evolution),5,1,10,10,0,100,1,0.5,0.0,0.0,10,100,0.1,0.5,0.2,3,1,genHalfAndHalf,1,3,17,104046,Config_105,5,"add(10, 10)",20,Unconditional Cooperator (ALL-C),"add(DonorAction, add(DonorInMemory, mul(1, DonorInMemory)))",DonorAction + 2*DonorInMemory,"Novel Mem: (True, True, True, False)",416.0,408.97,384.0,0.0,389.2
2026-05-04_12-34,Local_VSCode,DR3_Config_106_R1,Direct Reciprocity Mode 3 (Co-Evolution),5,1,10,10,0,100,1,0.5,0.0,0.0,10,100,0.1,0.5,0.2,3,1,genHalfAndHalf,1,10,17,105042,Config_106,1,"mul(-1, -1)",1,Unconditional Cooperator (ALL-C),"mul(mul(DonorInMemory, DonorAction), add(sub(-1, DonorInMemory), add(DonorAction, DonorInMemory)))",DonorAction*DonorInMemory*(DonorAction - 1),Amnesia (Remember No One),423.5,393.1,376.5,0.0,404.3
2026-05-04_12-34,Local_VSCode,DR3_Config_106_R2,Direct Reciprocity Mode 3 (Co-Evolution),5,1,10,10,0,100,1,0.5,0.0,0.0,10,100,0.1,0.5,0.2,3,1,genHalfAndHalf,1,10,17,105043,Config_106,2,"add(sub(1, -1), 1)",3,Unconditional Cooperator (ALL-C),"sub(mul(DonorAction, DonorInMemory), mul(DonorAction, sub(DonorAction, DonorAction)))",DonorAction*DonorInMemory,"Novel Mem: (True, False, False, False)",418.0,407.12,382.0,0.0,400.7
2026-05-04_12-34,Local_VSCode,DR3_Config_106_R3,Direct Reciprocity Mode 3 (Co-Evolution),5,1,10,10,0,100,1,0.5,0.0,0.0,10,100,0.1,0.5,0.2,3,1,genHalfAndHalf,1,10,17,105044,Config_106,3,"sub(sub(PartnerInMemory, 0), sub(add(PartnerInMemory, PartnerInMemory), add(1, PartnerInMemory)))",1,Unconditional Cooperator (ALL-C),"sub(DonorInMemory, DonorInMemory)",0,Amnesia (Remember No One),420.5,398.7,379.5,0.0,402.8
2026-05-04_12-35,Local_VSCode,DR3_Config_106_R4,Direct Reciprocity Mode 3 (Co-Evolution),5,1,10,10,0,100,1,0.5,0.0,0.0,10,100,0.1,0.5,0.2,3,1,genHalfAndHalf,1,10,17,105045,Config_106,4,"add(1, 0)",1,Unconditional Cooperator (ALL-C),"mul(sub(sub(DonorAction, DonorInMemory), DonorInMemory), DonorInMemory)",DonorInMemory*(DonorAction - 2*DonorInMemory),Amnesia (Remember No One),417.5,394.53,382.5,0.0,413.5
2026-05-04_12-35,Local_VSCode,DR3_Config_106_R5,Direct Reciprocity Mode 3 (Co-Evolution),5,1,10,10,0,100,1,0.5,0.0,0.0,10,100,0.1,0.5,0.2,3,1,genHalfAndHalf,1,10,17,105046,Config_106,5,"sub(sub(1, PartnerInMemory), sub(0, PartnerInMemory))",1,Unconditional Cooperator (ALL-C),"sub(1, DonorInMemory)",1 - DonorInMemory,"Novel Mem: (False, True, False, True)",419.17,397.37,380.83,0.0,403.1
2026-05-04_12-35,Local_VSCode,DR3_Config_107_R1,Direct Reciprocity Mode 3 (Co-Evolution),5,1,10,10,0,100,1,0.5,0.0,0.0,10,100,0.5,0.5,0.2,3,1,genHalfAndHalf,1,3,17,106042,Config_107,1,"add(10, 10)",20,Unconditional Cooperator (ALL-C),"add(add(sub(add(10, 1), 10), -10), -10)",-19,Amnesia (Remember No One),419.17,400.8,380.83,0.0,409.6
2026-05-04_12-35,Local_VSCode,DR3_Config_107_R2,Direct Reciprocity Mode 3 (Co-Evolution),5,1,10,10,0,100,1,0.5,0.0,0.0,10,100,0.5,0.5,0.2,3,1,genHalfAndHalf,1,3,17,106043,Config_107,2,"sub(sub(mul(1, PartnerInMemory), add(-10, PartnerInMemory)), sub(add(sub(10, 1), sub(-10, 1)), PartnerInMemory))",PartnerInMemory + 12,Unconditional Cooperator (ALL-C),"mul(add(add(add(DonorAction, 0), DonorInMemory), DonorInMemory), mul(DonorAction, 0))",0,Amnesia (Remember No One),420.67,394.32,379.33,0.0,397.7
2026-05-04_12-35,Local_VSCode,DR3_Config_107_R3,Direct Reciprocity Mode 3 (Co-Evolution),5,1,10,10,0,100,1,0.5,0.0,0.0,10,100,0.5,0.5,0.2,3,1,genHalfAndHalf,1,3,17,106044,Config_107,3,"add(add(PartnerInMemory, 0), 1)",PartnerInMemory + 1,Unconditional Cooperator (ALL-C),"add(sub(DonorInMemory, DonorAction), sub(DonorAction, DonorAction))",-DonorAction + DonorInMemory,"Novel Mem: (False, False, True, False)",418.17,392.2,381.83,0.0,408.9
2026-05-04_12-35,Local_VSCode,DR3_Config_107_R4,Direct Reciprocity Mode 3 (Co-Evolution),5,1,10,10,0,100,1,0.5,0.0,0.0,10,100,0.5,0.5,0.2,3,1,genHalfAndHalf,1,3,17,106045,Config_107,4,"sub(sub(PartnerInMemory, mul(-10, 10)), add(add(1, PartnerInMemory), add(PartnerInMemory, PartnerInMemory)))",99 - 2*PartnerInMemory,Unconditional Cooperator (ALL-C),"mul(sub(add(add(DonorAction, DonorInMemory), add(0, 0)), add(DonorInMemory, sub(DonorAction, 1))), -1)",-1,Amnesia (Remember No One),419.0,391.22,381.0,0.0,402.8
2026-05-04_12-36,Local_VSCode,DR3_Config_107_R5,Direct Reciprocity Mode 3 (Co-Evolution),5,1,10,10,0,100,1,0.5,0.0,0.0,10,100,0.5,0.5,0.2,3,1,genHalfAndHalf,1,3,17,106046,Config_107,5,"mul(1, 1)",1,Unconditional Cooperator (ALL-C),"sub(-1, DonorAction)",-DonorAction - 1,Amnesia (Remember No One),417.5,407.7,382.5,0.0,411.5
2026-05-04_12-36,Local_VSCode,DR3_Config_108_R1,Direct Reciprocity Mode 3 (Co-Evolution),5,1,10,10,0,100,1,0.5,0.0,0.0,10,100,0.5,0.5,0.2,3,1,genHalfAndHalf,1,10,17,107042,Config_108,1,"add(1, add(PartnerInMemory, 1))",PartnerInMemory + 2,Unconditional Cooperator (ALL-C),"mul(-10, DonorInMemory)",-10*DonorInMemory,Amnesia (Remember No One),417.83,407.15,382.17,0.0,406.0
2026-05-04_12-36,Local_VSCode,DR3_Config_108_R2,Direct Reciprocity Mode 3 (Co-Evolution),5,1,10,10,0,100,1,0.5,0.0,0.0,10,100,0.5,0.5,0.2,3,1,genHalfAndHalf,1,10,17,107043,Config_108,2,"sub(sub(1, -10), add(1, -1))",11,Unconditional Cooperator (ALL-C),"mul(DonorAction, DonorInMemory)",DonorAction*DonorInMemory,"Novel Mem: (True, False, False, False)",416.17,392.35,383.83,0.0,395.6
2026-05-04_12-36,Local_VSCode,DR3_Config_108_R3,Direct Reciprocity Mode 3 (Co-Evolution),5,1,10,10,0,100,1,0.5,0.0,0.0,10,100,0.5,0.5,0.2,3,1,genHalfAndHalf,1,10,17,107044,Config_108,3,"sub(10, 1)",9,Unconditional Cooperator (ALL-C),"add(DonorInMemory, add(DonorInMemory, -10))",2*DonorInMemory - 10,Amnesia (Remember No One),413.67,393.83,386.33,0.0,396.3
2026-05-04_12-36,Local_VSCode,DR3_Config_108_R4,Direct Reciprocity Mode 3 (Co-Evolution),5,1,10,10,0,100,1,0.5,0.0,0.0,10,100,0.5,0.5,0.2,3,1,genHalfAndHalf,1,10,17,107045,Config_108,4,"sub(0, -10)",10,Unconditional Cooperator (ALL-C),"mul(1, mul(add(DonorAction, DonorInMemory), -1))",-DonorAction - DonorInMemory,Amnesia (Remember No One),421.0,377.75,379.0,0.0,399.4
2026-05-04_12-36,Local_VSCode,DR3_Config_108_R5,Direct Reciprocity Mode 3 (Co-Evolution),5,1,10,10,0,100,1,0.5,0.0,0.0,10,100,0.5,0.5,0.2,3,1,genHalfAndHalf,1,10,17,107046,Config_108,5,"add(PartnerInMemory, 1)",PartnerInMemory + 1,Unconditional Cooperator (ALL-C),"sub(add(sub(1, 10), add(DonorAction, DonorAction)), DonorInMemory)",2*DonorAction - DonorInMemory - 9,Amnesia (Remember No One),421.83,401.52,378.17,0.0,395.1
2026-05-04_12-38,Local_VSCode,DR3_Config_109_R1,Direct Reciprocity Mode 3 (Co-Evolution),5,1,10,10,0,100,1,0.5,0.0,0.0,100,100,0.1,0.5,0.2,3,1,genHalfAndHalf,1,3,17,108042,Config_109,1,"add(mul(add(-10, -1), sub(-1, 1)), sub(1, PartnerInMemory))",23 - PartnerInMemory,Unconditional Cooperator (ALL-C),"mul(1, sub(0, DonorInMemory))",-DonorInMemory,Amnesia (Remember No One),422.33,402.15,377.67,0.0,396.3
2026-05-04_12-39,Local_VSCode,DR3_Config_109_R2,Direct Reciprocity Mode 3 (Co-Evolution),5,1,10,10,0,100,1,0.5,0.0,0.0,100,100,0.1,0.5,0.2,3,1,genHalfAndHalf,1,3,17,108043,Config_109,2,"sub(10, mul(add(add(mul(PartnerInMemory, 10), sub(PartnerInMemory, PartnerInMemory)), sub(mul(PartnerInMemory, -10), mul(-1, -10))), 10))",110,Unconditional Cooperator (ALL-C),"sub(sub(DonorAction, DonorAction), -10)",10,Paranoid (Remember Everyone),423.0,399.14,377.0,0.0,398.7
2026-05-04_12-41,Local_VSCode,DR3_Config_109_R3,Direct Reciprocity Mode 3 (Co-Evolution),5,1,10,10,0,100,1,0.5,0.0,0.0,100,100,0.1,0.5,0.2,3,1,genHalfAndHalf,1,3,17,108044,Config_109,3,"sub(10, PartnerInMemory)",10 - PartnerInMemory,Unconditional Cooperator (ALL-C),"sub(add(mul(-1, DonorInMemory), sub(DonorInMemory, DonorAction)), DonorInMemory)",-DonorAction - DonorInMemory,Amnesia (Remember No One),422.67,381.39,377.33,0.0,405.8
2026-05-04_12-42,Local_VSCode,DR3_Config_109_R4,Direct Reciprocity Mode 3 (Co-Evolution),5,1,10,10,0,100,1,0.5,0.0,0.0,100,100,0.1,0.5,0.2,3,1,genHalfAndHalf,1,3,17,108045,Config_109,4,"sub(0, sub(mul(0, PartnerInMemory), add(10, 10)))",20,Unconditional Cooperator (ALL-C),"mul(DonorAction, 10)",10*DonorAction,"Novel Mem: (True, True, False, False)",422.67,384.68,377.33,0.0,401.3
2026-05-04_12-44,Local_VSCode,DR3_Config_109_R5,Direct Reciprocity Mode 3 (Co-Evolution),5,1,10,10,0,100,1,0.5,0.0,0.0,100,100,0.1,0.5,0.2,3,1,genHalfAndHalf,1,3,17,108046,Config_109,5,"add(1, PartnerInMemory)",PartnerInMemory + 1,Unconditional Cooperator (ALL-C),"sub(-1, DonorInMemory)",-DonorInMemory - 1,Amnesia (Remember No One),424.5,390.5,375.5,0.0,402.6
2026-05-04_12-45,Local_VSCode,DR3_Config_110_R1,Direct Reciprocity Mode 3 (Co-Evolution),5,1,10,10,0,100,1,0.5,0.0,0.0,100,100,0.1,0.5,0.2,3,1,genHalfAndHalf,1,10,17,109042,Config_110,1,"sub(sub(add(PartnerInMemory, 0), add(PartnerInMemory, -1)), add(sub(-1, -1), mul(PartnerInMemory, 0)))",1,Unconditional Cooperator (ALL-C),"sub(DonorAction, mul(add(DonorAction, 1), DonorInMemory))",DonorAction - DonorInMemory*(DonorAction + 1),"Novel Mem: (False, True, False, False)",424.17,391.65,375.83,0.0,403.1
2026-05-04_12-47,Local_VSCode,DR3_Config_110_R2,Direct Reciprocity Mode 3 (Co-Evolution),5,1,10,10,0,100,1,0.5,0.0,0.0,100,100,0.1,0.5,0.2,3,1,genHalfAndHalf,1,10,17,109043,Config_110,2,"sub(1, PartnerInMemory)",1 - PartnerInMemory,Tit-for-Tat,"mul(DonorInMemory, mul(0, sub(mul(DonorAction, -10), mul(10, DonorInMemory))))",0,Amnesia (Remember No One),421.83,390.88,378.17,0.0,403.1
2026-05-04_12-48,Local_VSCode,DR3_Config_110_R3,Direct Reciprocity Mode 3 (Co-Evolution),5,1,10,10,0,100,1,0.5,0.0,0.0,100,100,0.1,0.5,0.2,3,1,genHalfAndHalf,1,10,17,109044,Config_110,3,"add(sub(0, -1), 10)",11,Unconditional Cooperator (ALL-C),"mul(DonorInMemory, DonorInMemory)",DonorInMemory**2,Sticky Memory (Ignore actions entirely),421.83,395.15,378.17,0.0,397.0
2026-05-04_12-50,Local_VSCode,DR3_Config_110_R4,Direct Reciprocity Mode 3 (Co-Evolution),5,1,10,10,0,100,1,0.5,0.0,0.0,100,100,0.1,0.5,0.2,3,1,genHalfAndHalf,1,10,17,109045,Config_110,4,"mul(sub(add(sub(0, sub(mul(PartnerInMemory, PartnerInMemory), -1)), -10), sub(PartnerInMemory, PartnerInMemory)), add(add(sub(-10, add(1, PartnerInMemory)), -1), PartnerInMemory))",12*PartnerInMemory**2 + 132,Unconditional Cooperator (ALL-C),"add(mul(DonorInMemory, -1), DonorAction)",DonorAction - DonorInMemory,"Novel Mem: (False, True, False, False)",422.67,389.19,377.33,0.0,399.7
2026-05-04_12-51,Local_VSCode,DR3_Config_110_R5,Direct Reciprocity Mode 3 (Co-Evolution),5,1,10,10,0,100,1,0.5,0.0,0.0,100,100,0.1,0.5,0.2,3,1,genHalfAndHalf,1,10,17,109046,Config_110,5,"add(10, 10)",20,Unconditional Cooperator (ALL-C),"add(mul(add(mul(mul(DonorInMemory, sub(DonorAction, -10)), sub(DonorAction, -10)), DonorInMemory), DonorInMemory), DonorAction)",DonorAction + DonorInMemory**2*((DonorAction + 10)**2 + 1),"Novel Mem: (True, True, True, False)",420.83,402.71,379.17,0.0,405.9
2026-05-04_12-53,Local_VSCode,DR3_Config_111_R1,Direct Reciprocity Mode 3 (Co-Evolution),5,1,10,10,0,100,1,0.5,0.0,0.0,100,100,0.5,0.5,0.2,3,1,genHalfAndHalf,1,3,17,110042,Config_111,1,"add(-1, 10)",9,Unconditional Cooperator (ALL-C),"sub(-1, add(10, mul(add(DonorAction, -1), 0)))",-11,Amnesia (Remember No One),428.5,384.96,371.5,0.0,400.0
2026-05-04_12-54,Local_VSCode,DR3_Config_111_R2,Direct Reciprocity Mode 3 (Co-Evolution),5,1,10,10,0,100,1,0.5,0.0,0.0,100,100,0.5,0.5,0.2,3,1,genHalfAndHalf,1,3,17,110043,Config_111,2,"sub(10, -1)",11,Unconditional Cooperator (ALL-C),"mul(DonorInMemory, DonorInMemory)",DonorInMemory**2,Sticky Memory (Ignore actions entirely),423.17,383.44,376.83,0.0,397.8
2026-05-04_12-56,Local_VSCode,DR3_Config_111_R3,Direct Reciprocity Mode 3 (Co-Evolution),5,1,10,10,0,100,1,0.5,0.0,0.0,100,100,0.5,0.5,0.2,3,1,genHalfAndHalf,1,3,17,110044,Config_111,3,"mul(-1, -1)",1,Unconditional Cooperator (ALL-C),"sub(add(sub(-10, add(-1, 10)), add(-1, 10)), DonorAction)",-DonorAction - 10,Amnesia (Remember No One),424.67,392.91,375.33,0.0,395.9
2026-05-04_12-57,Local_VSCode,DR3_Config_111_R4,Direct Reciprocity Mode 3 (Co-Evolution),5,1,10,10,0,100,1,0.5,0.0,0.0,100,100,0.5,0.5,0.2,3,1,genHalfAndHalf,1,3,17,110045,Config_111,4,"sub(10, -1)",11,Unconditional Cooperator (ALL-C),"mul(mul(-1, -1), DonorAction)",DonorAction,"Novel Mem: (True, True, False, False)",423.0,383.01,377.0,0.0,395.2
2026-05-04_12-58,Local_VSCode,DR3_Config_111_R5,Direct Reciprocity Mode 3 (Co-Evolution),5,1,10,10,0,100,1,0.5,0.0,0.0,100,100,0.5,0.5,0.2,3,1,genHalfAndHalf,1,3,17,110046,Config_111,5,"add(10, 10)",20,Unconditional Cooperator (ALL-C),"mul(DonorAction, DonorInMemory)",DonorAction*DonorInMemory,"Novel Mem: (True, False, False, False)",420.83,401.54,379.17,0.0,395.3
2026-05-04_13-00,Local_VSCode,DR3_Config_112_R1,Direct Reciprocity Mode 3 (Co-Evolution),5,1,10,10,0,100,1,0.5,0.0,0.0,100,100,0.5,0.5,0.2,3,1,genHalfAndHalf,1,10,17,111042,Config_112,1,"add(sub(1, -1), PartnerInMemory)",PartnerInMemory + 2,Unconditional Cooperator (ALL-C),"sub(-10, -10)",0,Amnesia (Remember No One),426.83,396.67,373.17,0.0,402.0
2026-05-04_13-01,Local_VSCode,DR3_Config_112_R2,Direct Reciprocity Mode 3 (Co-Evolution),5,1,10,10,0,100,1,0.5,0.0,0.0,100,100,0.5,0.5,0.2,3,1,genHalfAndHalf,1,10,17,111043,Config_112,2,"add(PartnerInMemory, add(PartnerInMemory, 10))",2*PartnerInMemory + 10,Unconditional Cooperator (ALL-C),"mul(DonorInMemory, DonorInMemory)",DonorInMemory**2,Sticky Memory (Ignore actions entirely),421.83,386.42,378.17,0.0,415.2
2026-05-04_13-03,Local_VSCode,DR3_Config_112_R3,Direct Reciprocity Mode 3 (Co-Evolution),5,1,10,10,0,100,1,0.5,0.0,0.0,100,100,0.5,0.5,0.2,3,1,genHalfAndHalf,1,10,17,111044,Config_112,3,"add(1, PartnerInMemory)",PartnerInMemory + 1,Unconditional Cooperator (ALL-C),"mul(mul(DonorAction, DonorAction), 10)",10*DonorAction**2,"Novel Mem: (True, True, False, False)",422.5,382.64,377.5,0.0,395.9
2026-05-04_13-04,Local_VSCode,DR3_Config_112_R4,Direct Reciprocity Mode 3 (Co-Evolution),5,1,10,10,0,100,1,0.5,0.0,0.0,100,100,0.5,0.5,0.2,3,1,genHalfAndHalf,1,10,17,111045,Config_112,4,"sub(10, sub(PartnerInMemory, PartnerInMemory))",10,Unconditional Cooperator (ALL-C),"mul(DonorInMemory, DonorAction)",DonorAction*DonorInMemory,"Novel Mem: (True, False, False, False)",422.33,392.17,377.67,0.0,393.1
2026-05-04_13-06,Local_VSCode,DR3_Config_112_R5,Direct Reciprocity Mode 3 (Co-Evolution),5,1,10,10,0,100,1,0.5,0.0,0.0,100,100,0.5,0.5,0.2,3,1,genHalfAndHalf,1,10,17,111046,Config_112,5,"sub(10, add(-10, 0))",20,Unconditional Cooperator (ALL-C),"add(DonorInMemory, DonorInMemory)",2*DonorInMemory,Sticky Memory (Ignore actions entirely),424.17,402.77,375.83,0.0,401.3
2026-05-04_13-06,Local_VSCode,DR3_Config_113_R1,Direct Reciprocity Mode 3 (Co-Evolution),5,1,10,10,10,10,1,0.5,0.0,0.0,10,100,0.1,0.5,0.2,3,1,genHalfAndHalf,1,3,17,112042,Config_113,1,"sub(add(PartnerInMemory, sub(10, PartnerInMemory)), PartnerInMemory)",10 - PartnerInMemory,Unconditional Cooperator (ALL-C),"add(DonorInMemory, sub(DonorAction, DonorAction))",DonorInMemory,Sticky Memory (Ignore actions entirely),28.0,23.07,21.67,30.33,25.56
2026-05-04_13-06,Local_VSCode,DR3_Config_113_R2,Direct Reciprocity Mode 3 (Co-Evolution),5,1,10,10,10,10,1,0.5,0.0,0.0,10,100,0.1,0.5,0.2,3,1,genHalfAndHalf,1,3,17,112043,Config_113,2,"sub(mul(add(sub(PartnerInMemory, PartnerInMemory), mul(PartnerInMemory, PartnerInMemory)), sub(PartnerInMemory, PartnerInMemory)), sub(sub(PartnerInMemory, 10), sub(10, sub(10, PartnerInMemory))))",10,Unconditional Cooperator (ALL-C),"add(0, 0)",0,Amnesia (Remember No One),29.67,26.37,23.17,27.17,26.74
2026-05-04_13-06,Local_VSCode,DR3_Config_113_R3,Direct Reciprocity Mode 3 (Co-Evolution),5,1,10,10,10,10,1,0.5,0.0,0.0,10,100,0.1,0.5,0.2,3,1,genHalfAndHalf,1,3,17,112044,Config_113,3,"sub(10, add(mul(sub(0, PartnerInMemory), add(PartnerInMemory, 0)), mul(sub(PartnerInMemory, PartnerInMemory), mul(PartnerInMemory, PartnerInMemory))))",PartnerInMemory**2 + 10,Unconditional Cooperator (ALL-C),"sub(add(sub(DonorAction, -1), add(DonorAction, -1)), -1)",2*DonorAction + 1,Paranoid (Remember Everyone),27.17,25.08,20.17,32.67,21.54
2026-05-04_13-06,Local_VSCode,DR3_Config_113_R4,Direct Reciprocity Mode 3 (Co-Evolution),5,1,10,10,10,10,1,0.5,0.0,0.0,10,100,0.1,0.5,0.2,3,1,genHalfAndHalf,1,3,17,112045,Config_113,4,"sub(PartnerInMemory, -10)",PartnerInMemory + 10,Unconditional Cooperator (ALL-C),"mul(add(DonorAction, 10), sub(10, DonorInMemory))",-(DonorAction + 10)*(DonorInMemory - 10),Paranoid (Remember Everyone),28.0,23.7,20.67,31.33,21.08
2026-05-04_13-06,Local_VSCode,DR3_Config_113_R5,Direct Reciprocity Mode 3 (Co-Evolution),5,1,10,10,10,10,1,0.5,0.0,0.0,10,100,0.1,0.5,0.2,3,1,genHalfAndHalf,1,3,17,112046,Config_113,5,"mul(add(1, PartnerInMemory), sub(add(0, 1), add(PartnerInMemory, -1)))",-PartnerInMemory**2 + PartnerInMemory + 2,Unconditional Cooperator (ALL-C),"mul(DonorInMemory, DonorInMemory)",DonorInMemory**2,Sticky Memory (Ignore actions entirely),28.5,21.02,21.33,30.17,23.7
2026-05-04_13-06,Local_VSCode,DR3_Config_114_R1,Direct Reciprocity Mode 3 (Co-Evolution),5,1,10,10,10,10,1,0.5,0.0,0.0,10,100,0.1,0.5,0.2,3,1,genHalfAndHalf,1,10,17,113042,Config_114,1,"sub(sub(PartnerInMemory, -10), PartnerInMemory)",10,Unconditional Cooperator (ALL-C),"mul(DonorInMemory, DonorAction)",DonorAction*DonorInMemory,"Novel Mem: (True, False, False, False)",28.0,24.2,21.5,30.5,22.8
2026-05-04_13-06,Local_VSCode,DR3_Config_114_R2,Direct Reciprocity Mode 3 (Co-Evolution),5,1,10,10,10,10,1,0.5,0.0,0.0,10,100,0.1,0.5,0.2,3,1,genHalfAndHalf,1,10,17,113043,Config_114,2,"mul(sub(PartnerInMemory, -1), add(PartnerInMemory, 10))",(PartnerInMemory + 1)*(PartnerInMemory + 10),Unconditional Cooperator (ALL-C),"sub(DonorInMemory, DonorInMemory)",0,Amnesia (Remember No One),28.5,23.47,21.67,29.83,21.84
2026-05-04_13-06,Local_VSCode,DR3_Config_114_R3,Direct Reciprocity Mode 3 (Co-Evolution),5,1,10,10,10,10,1,0.5,0.0,0.0,10,100,0.1,0.5,0.2,3,1,genHalfAndHalf,1,10,17,113044,Config_114,3,"add(sub(PartnerInMemory, -1), sub(PartnerInMemory, 0))",2*PartnerInMemory + 1,Unconditional Cooperator (ALL-C),"sub(DonorAction, DonorAction)",0,Amnesia (Remember No One),28.83,24.62,21.67,29.5,23.48
2026-05-04_13-06,Local_VSCode,DR3_Config_114_R4,Direct Reciprocity Mode 3 (Co-Evolution),5,1,10,10,10,10,1,0.5,0.0,0.0,10,100,0.1,0.5,0.2,3,1,genHalfAndHalf,1,10,17,113045,Config_114,4,"add(0, 10)",10,Unconditional Cooperator (ALL-C),"mul(0, 0)",0,Amnesia (Remember No One),28.5,22.1,19.83,31.67,21.48
2026-05-04_13-06,Local_VSCode,DR3_Config_114_R5,Direct Reciprocity Mode 3 (Co-Evolution),5,1,10,10,10,10,1,0.5,0.0,0.0,10,100,0.1,0.5,0.2,3,1,genHalfAndHalf,1,10,17,113046,Config_114,5,"add(add(10, PartnerInMemory), sub(sub(10, -10), -10))",PartnerInMemory + 40,Unconditional Cooperator (ALL-C),"mul(DonorInMemory, mul(mul(mul(DonorInMemory, DonorAction), sub(DonorAction, DonorAction)), sub(DonorAction, DonorAction)))",0,Amnesia (Remember No One),28.5,25.45,18.67,32.83,22.48
2026-05-04_13-06,Local_VSCode,DR3_Config_115_R1,Direct Reciprocity Mode 3 (Co-Evolution),5,1,10,10,10,10,1,0.5,0.0,0.0,10,100,0.5,0.5,0.2,3,1,genHalfAndHalf,1,3,17,114042,Config_115,1,"sub(10, 0)",10,Unconditional Cooperator (ALL-C),"sub(DonorInMemory, -10)",DonorInMemory + 10,Paranoid (Remember Everyone),26.5,23.23,21.17,32.33,23.64
2026-05-04_13-06,Local_VSCode,DR3_Config_115_R2,Direct Reciprocity Mode 3 (Co-Evolution),5,1,10,10,10,10,1,0.5,0.0,0.0,10,100,0.5,0.5,0.2,3,1,genHalfAndHalf,1,3,17,114043,Config_115,2,"add(sub(PartnerInMemory, -10), sub(PartnerInMemory, 0))",2*PartnerInMemory + 10,Unconditional Cooperator (ALL-C),"add(DonorInMemory, DonorInMemory)",2*DonorInMemory,Sticky Memory (Ignore actions entirely),27.67,23.32,18.33,34.0,23.74
2026-05-04_13-06,Local_VSCode,DR3_Config_115_R3,Direct Reciprocity Mode 3 (Co-Evolution),5,1,10,10,10,10,1,0.5,0.0,0.0,10,100,0.5,0.5,0.2,3,1,genHalfAndHalf,1,3,17,114044,Config_115,3,"add(10, 10)",20,Unconditional Cooperator (ALL-C),"sub(0, 0)",0,Amnesia (Remember No One),27.17,24.17,19.67,33.17,21.56
2026-05-04_13-06,Local_VSCode,DR3_Config_115_R4,Direct Reciprocity Mode 3 (Co-Evolution),5,1,10,10,10,10,1,0.5,0.0,0.0,10,100,0.5,0.5,0.2,3,1,genHalfAndHalf,1,3,17,114045,Config_115,4,"add(10, 10)",20,Unconditional Cooperator (ALL-C),"sub(0, 0)",0,Amnesia (Remember No One),27.17,23.37,18.67,34.17,21.64
2026-05-04_13-06,Local_VSCode,DR3_Config_115_R5,Direct Reciprocity Mode 3 (Co-Evolution),5,1,10,10,10,10,1,0.5,0.0,0.0,10,100,0.5,0.5,0.2,3,1,genHalfAndHalf,1,3,17,114046,Config_115,5,"add(10, 10)",20,Unconditional Cooperator (ALL-C),"mul(10, -1)",-10,Amnesia (Remember No One),28.33,21.58,20.33,31.33,23.06
2026-05-04_13-06,Local_VSCode,DR3_Config_116_R1,Direct Reciprocity Mode 3 (Co-Evolution),5,1,10,10,10,10,1,0.5,0.0,0.0,10,100,0.5,0.5,0.2,3,1,genHalfAndHalf,1,10,17,115042,Config_116,1,"mul(-10, -10)",100,Unconditional Cooperator (ALL-C),"add(DonorAction, DonorAction)",2*DonorAction,"Novel Mem: (True, True, False, False)",27.17,24.27,18.0,34.83,24.46
2026-05-04_13-07,Local_VSCode,DR3_Config_116_R2,Direct Reciprocity Mode 3 (Co-Evolution),5,1,10,10,10,10,1,0.5,0.0,0.0,10,100,0.5,0.5,0.2,3,1,genHalfAndHalf,1,10,17,115043,Config_116,2,"sub(PartnerInMemory, -10)",PartnerInMemory + 10,Unconditional Cooperator (ALL-C),"add(DonorAction, DonorAction)",2*DonorAction,"Novel Mem: (True, True, False, False)",27.0,24.83,23.0,30.0,23.44
2026-05-04_13-07,Local_VSCode,DR3_Config_116_R3,Direct Reciprocity Mode 3 (Co-Evolution),5,1,10,10,10,10,1,0.5,0.0,0.0,10,100,0.5,0.5,0.2,3,1,genHalfAndHalf,1,10,17,115044,Config_116,3,"sub(sub(PartnerInMemory, -10), PartnerInMemory)",10,Unconditional Cooperator (ALL-C),"add(DonorInMemory, DonorInMemory)",2*DonorInMemory,Sticky Memory (Ignore actions entirely),26.67,23.28,24.67,28.67,21.66
2026-05-04_13-07,Local_VSCode,DR3_Config_116_R4,Direct Reciprocity Mode 3 (Co-Evolution),5,1,10,10,10,10,1,0.5,0.0,0.0,10,100,0.5,0.5,0.2,3,1,genHalfAndHalf,1,10,17,115045,Config_116,4,"add(PartnerInMemory, 1)",PartnerInMemory + 1,Unconditional Cooperator (ALL-C),"sub(DonorInMemory, DonorAction)",-DonorAction + DonorInMemory,"Novel Mem: (False, False, True, False)",27.0,24.2,21.83,31.17,24.02
2026-05-04_13-07,Local_VSCode,DR3_Config_116_R5,Direct Reciprocity Mode 3 (Co-Evolution),5,1,10,10,10,10,1,0.5,0.0,0.0,10,100,0.5,0.5,0.2,3,1,genHalfAndHalf,1,10,17,115046,Config_116,5,"add(1, 1)",2,Unconditional Cooperator (ALL-C),"mul(-10, -10)",100,Paranoid (Remember Everyone),26.83,23.0,18.83,34.33,24.16
2026-05-04_13-07,Local_VSCode,DR3_Config_117_R1,Direct Reciprocity Mode 3 (Co-Evolution),5,1,10,10,10,10,1,0.5,0.0,0.0,100,100,0.1,0.5,0.2,3,1,genHalfAndHalf,1,3,17,116042,Config_117,1,"add(add(10, -1), mul(add(-10, -10), -10))",209,Unconditional Cooperator (ALL-C),"mul(DonorAction, -10)",-10*DonorAction,Amnesia (Remember No One),30.67,24.0,16.33,33.0,23.82
2026-05-04_13-07,Local_VSCode,DR3_Config_117_R2,Direct Reciprocity Mode 3 (Co-Evolution),5,1,10,10,10,10,1,0.5,0.0,0.0,100,100,0.1,0.5,0.2,3,1,genHalfAndHalf,1,3,17,116043,Config_117,2,"sub(sub(PartnerInMemory, -10), mul(1, PartnerInMemory))",10,Unconditional Cooperator (ALL-C),"add(add(DonorAction, DonorAction), DonorInMemory)",2*DonorAction + DonorInMemory,"Novel Mem: (True, True, True, False)",29.67,23.35,20.67,29.67,23.08
2026-05-04_13-08,Local_VSCode,DR3_Config_117_R3,Direct Reciprocity Mode 3 (Co-Evolution),5,1,10,10,10,10,1,0.5,0.0,0.0,100,100,0.1,0.5,0.2,3,1,genHalfAndHalf,1,3,17,116044,Config_117,3,"mul(10, 1)",10,Unconditional Cooperator (ALL-C),"mul(DonorAction, 0)",0,Amnesia (Remember No One),29.5,23.94,18.17,32.33,24.14
2026-05-04_13-08,Local_VSCode,DR3_Config_117_R4,Direct Reciprocity Mode 3 (Co-Evolution),5,1,10,10,10,10,1,0.5,0.0,0.0,100,100,0.1,0.5,0.2,3,1,genHalfAndHalf,1,3,17,116045,Config_117,4,"add(PartnerInMemory, 1)",PartnerInMemory + 1,Unconditional Cooperator (ALL-C),"add(add(DonorAction, 10), DonorInMemory)",DonorAction + DonorInMemory + 10,Paranoid (Remember Everyone),29.67,23.52,18.17,32.17,24.44
2026-05-04_13-08,Local_VSCode,DR3_Config_117_R5,Direct Reciprocity Mode 3 (Co-Evolution),5,1,10,10,10,10,1,0.5,0.0,0.0,100,100,0.1,0.5,0.2,3,1,genHalfAndHalf,1,3,17,116046,Config_117,5,"mul(1, 10)",10,Unconditional Cooperator (ALL-C),"add(DonorInMemory, add(DonorInMemory, DonorAction))",DonorAction + 2*DonorInMemory,"Novel Mem: (True, True, True, False)",29.17,23.58,20.5,30.33,24.38
2026-05-04_13-09,Local_VSCode,DR3_Config_118_R1,Direct Reciprocity Mode 3 (Co-Evolution),5,1,10,10,10,10,1,0.5,0.0,0.0,100,100,0.1,0.5,0.2,3,1,genHalfAndHalf,1,10,17,117042,Config_118,1,"sub(-1, add(-10, -10))",19,Unconditional Cooperator (ALL-C),"sub(DonorInMemory, DonorAction)",-DonorAction + DonorInMemory,"Novel Mem: (False, False, True, False)",29.5,23.5,20.17,30.33,24.5
2026-05-04_13-09,Local_VSCode,DR3_Config_118_R2,Direct Reciprocity Mode 3 (Co-Evolution),5,1,10,10,10,10,1,0.5,0.0,0.0,100,100,0.1,0.5,0.2,3,1,genHalfAndHalf,1,10,17,117043,Config_118,2,"sub(sub(10, -1), -1)",12,Unconditional Cooperator (ALL-C),"mul(add(DonorInMemory, sub(sub(DonorAction, DonorAction), sub(-1, DonorInMemory))), DonorInMemory)",DonorInMemory*(2*DonorInMemory + 1),Sticky Memory (Ignore actions entirely),29.33,24.09,19.17,31.5,24.24
2026-05-04_13-09,Local_VSCode,DR3_Config_118_R3,Direct Reciprocity Mode 3 (Co-Evolution),5,1,10,10,10,10,1,0.5,0.0,0.0,100,100,0.1,0.5,0.2,3,1,genHalfAndHalf,1,10,17,117044,Config_118,3,"add(10, add(-10, 10))",10,Unconditional Cooperator (ALL-C),"mul(DonorAction, mul(10, -10))",-100*DonorAction,Amnesia (Remember No One),30.17,24.52,18.33,31.5,20.36
2026-05-04_13-10,Local_VSCode,DR3_Config_118_R4,Direct Reciprocity Mode 3 (Co-Evolution),5,1,10,10,10,10,1,0.5,0.0,0.0,100,100,0.1,0.5,0.2,3,1,genHalfAndHalf,1,10,17,117045,Config_118,4,"mul(1, 10)",10,Unconditional Cooperator (ALL-C),"sub(-10, DonorAction)",-DonorAction - 10,Amnesia (Remember No One),30.67,23.94,20.5,28.83,23.28
2026-05-04_13-10,Local_VSCode,DR3_Config_118_R5,Direct Reciprocity Mode 3 (Co-Evolution),5,1,10,10,10,10,1,0.5,0.0,0.0,100,100,0.1,0.5,0.2,3,1,genHalfAndHalf,1,10,17,117046,Config_118,5,"add(sub(PartnerInMemory, sub(PartnerInMemory, 1)), add(PartnerInMemory, 10))",PartnerInMemory + 11,Unconditional Cooperator (ALL-C),"add(0, DonorInMemory)",DonorInMemory,Sticky Memory (Ignore actions entirely),29.33,24.71,20.5,30.17,24.28
2026-05-04_13-10,Local_VSCode,DR3_Config_119_R1,Direct Reciprocity Mode 3 (Co-Evolution),5,1,10,10,10,10,1,0.5,0.0,0.0,100,100,0.5,0.5,0.2,3,1,genHalfAndHalf,1,3,17,118042,Config_119,1,"add(1, 1)",2,Unconditional Cooperator (ALL-C),"sub(DonorInMemory, DonorInMemory)",0,Amnesia (Remember No One),31.0,25.56,18.83,30.17,23.52
2026-05-04_13-11,Local_VSCode,DR3_Config_119_R2,Direct Reciprocity Mode 3 (Co-Evolution),5,1,10,10,10,10,1,0.5,0.0,0.0,100,100,0.5,0.5,0.2,3,1,genHalfAndHalf,1,3,17,118043,Config_119,2,"mul(10, 10)",100,Unconditional Cooperator (ALL-C),"mul(DonorInMemory, DonorInMemory)",DonorInMemory**2,Sticky Memory (Ignore actions entirely),31.5,24.44,19.17,29.33,21.52
2026-05-04_13-11,Local_VSCode,DR3_Config_119_R3,Direct Reciprocity Mode 3 (Co-Evolution),5,1,10,10,10,10,1,0.5,0.0,0.0,100,100,0.5,0.5,0.2,3,1,genHalfAndHalf,1,3,17,118044,Config_119,3,"sub(PartnerInMemory, -10)",PartnerInMemory + 10,Unconditional Cooperator (ALL-C),"sub(0, 0)",0,Amnesia (Remember No One),30.33,24.37,19.33,30.33,24.94
2026-05-04_13-11,Local_VSCode,DR3_Config_119_R4,Direct Reciprocity Mode 3 (Co-Evolution),5,1,10,10,10,10,1,0.5,0.0,0.0,100,100,0.5,0.5,0.2,3,1,genHalfAndHalf,1,3,17,118045,Config_119,4,"add(1, 0)",1,Unconditional Cooperator (ALL-C),"sub(DonorInMemory, -10)",DonorInMemory + 10,Paranoid (Remember Everyone),29.0,23.76,16.67,34.33,25.66
2026-05-04_13-12,Local_VSCode,DR3_Config_119_R5,Direct Reciprocity Mode 3 (Co-Evolution),5,1,10,10,10,10,1,0.5,0.0,0.0,100,100,0.5,0.5,0.2,3,1,genHalfAndHalf,1,3,17,118046,Config_119,5,"add(1, 10)",11,Unconditional Cooperator (ALL-C),"mul(DonorInMemory, DonorInMemory)",DonorInMemory**2,Sticky Memory (Ignore actions entirely),30.83,24.09,16.17,33.0,23.36
2026-05-04_13-12,Local_VSCode,DR3_Config_120_R1,Direct Reciprocity Mode 3 (Co-Evolution),5,1,10,10,10,10,1,0.5,0.0,0.0,100,100,0.5,0.5,0.2,3,1,genHalfAndHalf,1,10,17,119042,Config_120,1,"sub(10, PartnerInMemory)",10 - PartnerInMemory,Unconditional Cooperator (ALL-C),"sub(-1, DonorAction)",-DonorAction - 1,Amnesia (Remember No One),29.83,23.85,17.33,32.83,23.46
2026-05-04_13-12,Local_VSCode,DR3_Config_120_R2,Direct Reciprocity Mode 3 (Co-Evolution),5,1,10,10,10,10,1,0.5,0.0,0.0,100,100,0.5,0.5,0.2,3,1,genHalfAndHalf,1,10,17,119043,Config_120,2,"sub(1, PartnerInMemory)",1 - PartnerInMemory,Tit-for-Tat,"sub(-10, DonorInMemory)",-DonorInMemory - 10,Amnesia (Remember No One),29.33,23.92,19.17,31.5,23.78
2026-05-04_13-13,Local_VSCode,DR3_Config_120_R3,Direct Reciprocity Mode 3 (Co-Evolution),5,1,10,10,10,10,1,0.5,0.0,0.0,100,100,0.5,0.5,0.2,3,1,genHalfAndHalf,1,10,17,119044,Config_120,3,"sub(10, PartnerInMemory)",10 - PartnerInMemory,Unconditional Cooperator (ALL-C),"add(DonorInMemory, DonorInMemory)",2*DonorInMemory,Sticky Memory (Ignore actions entirely),28.83,23.81,16.67,34.5,24.24
2026-05-04_13-13,Local_VSCode,DR3_Config_120_R4,Direct Reciprocity Mode 3 (Co-Evolution),5,1,10,10,10,10,1,0.5,0.0,0.0,100,100,0.5,0.5,0.2,3,1,genHalfAndHalf,1,10,17,119045,Config_120,4,"sub(10, -10)",20,Unconditional Cooperator (ALL-C),"add(DonorAction, sub(1, -10))",DonorAction + 11,Paranoid (Remember Everyone),31.0,23.64,18.0,31.0,25.04
2026-05-04_13-13,Local_VSCode,DR3_Config_120_R5,Direct Reciprocity Mode 3 (Co-Evolution),5,1,10,10,10,10,1,0.5,0.0,0.0,100,100,0.5,0.5,0.2,3,1,genHalfAndHalf,1,10,17,119046,Config_120,5,"add(1, PartnerInMemory)",PartnerInMemory + 1,Unconditional Cooperator (ALL-C),"add(1, 1)",2,Paranoid (Remember Everyone),29.5,24.74,21.0,29.5,21.06
2026-05-04_13-14,Local_VSCode,DR3_Config_121_R1,Direct Reciprocity Mode 3 (Co-Evolution),5,1,10,10,10,100,1,0.5,0.0,0.0,10,100,0.1,0.5,0.2,3,1,genHalfAndHalf,1,3,17,120042,Config_121,1,"add(1, 1)",2,Unconditional Cooperator (ALL-C),"add(DonorAction, DonorAction)",2*DonorAction,"Novel Mem: (True, True, False, False)",246.83,218.9,209.33,343.83,245.3
2026-05-04_13-14,Local_VSCode,DR3_Config_121_R2,Direct Reciprocity Mode 3 (Co-Evolution),5,1,10,10,10,100,1,0.5,0.0,0.0,10,100,0.1,0.5,0.2,3,1,genHalfAndHalf,1,3,17,120043,Config_121,2,"sub(10, PartnerInMemory)",10 - PartnerInMemory,Unconditional Cooperator (ALL-C),"mul(10, DonorAction)",10*DonorAction,"Novel Mem: (True, True, False, False)",243.5,219.47,226.83,329.67,245.86
2026-05-04_13-14,Local_VSCode,DR3_Config_121_R3,Direct Reciprocity Mode 3 (Co-Evolution),5,1,10,10,10,100,1,0.5,0.0,0.0,10,100,0.1,0.5,0.2,3,1,genHalfAndHalf,1,3,17,120044,Config_121,3,"sub(mul(sub(PartnerInMemory, PartnerInMemory), add(add(PartnerInMemory, -1), mul(10, PartnerInMemory))), -10)",10,Unconditional Cooperator (ALL-C),"sub(0, sub(DonorInMemory, DonorInMemory))",0,Amnesia (Remember No One),245.33,229.97,223.5,331.17,252.48
2026-05-04_13-14,Local_VSCode,DR3_Config_121_R4,Direct Reciprocity Mode 3 (Co-Evolution),5,1,10,10,10,100,1,0.5,0.0,0.0,10,100,0.1,0.5,0.2,3,1,genHalfAndHalf,1,3,17,120045,Config_121,4,"add(sub(PartnerInMemory, -10), mul(PartnerInMemory, PartnerInMemory))",PartnerInMemory**2 + PartnerInMemory + 10,Unconditional Cooperator (ALL-C),"sub(add(DonorAction, DonorAction), DonorAction)",DonorAction,"Novel Mem: (True, True, False, False)",247.5,218.85,208.67,343.83,256.56
2026-05-04_13-15,Local_VSCode,DR3_Config_121_R5,Direct Reciprocity Mode 3 (Co-Evolution),5,1,10,10,10,100,1,0.5,0.0,0.0,10,100,0.1,0.5,0.2,3,1,genHalfAndHalf,1,3,17,120046,Config_121,5,"sub(add(sub(mul(PartnerInMemory, add(mul(0, add(PartnerInMemory, 0)), 1)), -10), sub(10, PartnerInMemory)), -10)",30,Unconditional Cooperator (ALL-C),"mul(DonorAction, DonorAction)",DonorAction**2,"Novel Mem: (True, True, False, False)",243.0,230.45,225.5,331.5,248.12
2026-05-04_13-15,Local_VSCode,DR3_Config_122_R1,Direct Reciprocity Mode 3 (Co-Evolution),5,1,10,10,10,100,1,0.5,0.0,0.0,10,100,0.1,0.5,0.2,3,1,genHalfAndHalf,1,10,17,121042,Config_122,1,"mul(10, 10)",100,Unconditional Cooperator (ALL-C),"mul(mul(0, DonorInMemory), DonorAction)",0,Amnesia (Remember No One),246.83,228.88,219.0,334.17,253.02
2026-05-04_13-15,Local_VSCode,DR3_Config_122_R2,Direct Reciprocity Mode 3 (Co-Evolution),5,1,10,10,10,100,1,0.5,0.0,0.0,10,100,0.1,0.5,0.2,3,1,genHalfAndHalf,1,10,17,121043,Config_122,2,"sub(add(PartnerInMemory, PartnerInMemory), add(-1, -1))",2*PartnerInMemory + 2,Unconditional Cooperator (ALL-C),"add(sub(add(DonorAction, sub(DonorInMemory, DonorAction)), DonorAction), -10)",-DonorAction + DonorInMemory - 10,Amnesia (Remember No One),247.83,231.43,215.67,336.5,258.44
2026-05-04_13-15,Local_VSCode,DR3_Config_122_R3,Direct Reciprocity Mode 3 (Co-Evolution),5,1,10,10,10,100,1,0.5,0.0,0.0,10,100,0.1,0.5,0.2,3,1,genHalfAndHalf,1,10,17,121044,Config_122,3,"sub(10, -1)",11,Unconditional Cooperator (ALL-C),"sub(DonorInMemory, DonorAction)",-DonorAction + DonorInMemory,"Novel Mem: (False, False, True, False)",243.33,221.98,216.17,340.5,250.48
2026-05-04_13-16,Local_VSCode,DR3_Config_122_R4,Direct Reciprocity Mode 3 (Co-Evolution),5,1,10,10,10,100,1,0.5,0.0,0.0,10,100,0.1,0.5,0.2,3,1,genHalfAndHalf,1,10,17,121045,Config_122,4,"sub(PartnerInMemory, add(-10, PartnerInMemory))",10,Unconditional Cooperator (ALL-C),"add(DonorInMemory, mul(-10, DonorInMemory))",-9*DonorInMemory,Amnesia (Remember No One),242.17,219.98,219.5,338.33,258.68
2026-05-04_13-16,Local_VSCode,DR3_Config_122_R5,Direct Reciprocity Mode 3 (Co-Evolution),5,1,10,10,10,100,1,0.5,0.0,0.0,10,100,0.1,0.5,0.2,3,1,genHalfAndHalf,1,10,17,121046,Config_122,5,"add(1, PartnerInMemory)",PartnerInMemory + 1,Unconditional Cooperator (ALL-C),"add(add(mul(DonorAction, DonorInMemory), mul(DonorInMemory, add(add(DonorAction, DonorAction), DonorAction))), mul(mul(DonorAction, DonorAction), add(0, 1)))",DonorAction*(DonorAction + 4*DonorInMemory),"Novel Mem: (True, True, False, False)",246.0,233.13,216.33,337.67,253.16
2026-05-04_13-16,Local_VSCode,DR3_Config_123_R1,Direct Reciprocity Mode 3 (Co-Evolution),5,1,10,10,10,100,1,0.5,0.0,0.0,10,100,0.5,0.5,0.2,3,1,genHalfAndHalf,1,3,17,122042,Config_123,1,"sub(PartnerInMemory, add(PartnerInMemory, -1))",1,Unconditional Cooperator (ALL-C),"sub(sub(10, DonorInMemory), DonorAction)",-DonorAction - DonorInMemory + 10,Paranoid (Remember Everyone),243.33,215.16,216.67,340.0,246.52
2026-05-04_13-16,Local_VSCode,DR3_Config_123_R2,Direct Reciprocity Mode 3 (Co-Evolution),5,1,10,10,10,100,1,0.5,0.0,0.0,10,100,0.5,0.5,0.2,3,1,genHalfAndHalf,1,3,17,122043,Config_123,2,"sub(mul(PartnerInMemory, mul(PartnerInMemory, add(-10, mul(PartnerInMemory, add(-10, PartnerInMemory))))), add(PartnerInMemory, -10))",PartnerInMemory**2*(PartnerInMemory*(PartnerInMemory - 10) - 10) - PartnerInMemory + 10,Tit-for-Tat,"sub(add(add(sub(-10, -10), 0), 1), DonorAction)",1 - DonorAction,Strict Ledger (TFT Base),268.37,258.25,225.17,212.33,247.1
2026-05-04_13-17,Local_VSCode,DR3_Config_123_R3,Direct Reciprocity Mode 3 (Co-Evolution),5,1,10,10,10,100,1,0.5,0.0,0.0,10,100,0.5,0.5,0.2,3,1,genHalfAndHalf,1,3,17,122044,Config_123,3,"sub(0, -1)",1,Unconditional Cooperator (ALL-C),"mul(0, add(mul(DonorInMemory, mul(DonorInMemory, DonorAction)), add(DonorInMemory, -1)))",0,Amnesia (Remember No One),242.0,239.15,222.17,335.83,259.64
2026-05-04_13-17,Local_VSCode,DR3_Config_123_R4,Direct Reciprocity Mode 3 (Co-Evolution),5,1,10,10,10,100,1,0.5,0.0,0.0,10,100,0.5,0.5,0.2,3,1,genHalfAndHalf,1,3,17,122045,Config_123,4,"mul(add(-1, add(-1, -10)), -10)",120,Unconditional Cooperator (ALL-C),"mul(DonorInMemory, DonorInMemory)",DonorInMemory**2,Sticky Memory (Ignore actions entirely),241.67,228.33,219.17,339.17,251.58
2026-05-04_13-17,Local_VSCode,DR3_Config_123_R5,Direct Reciprocity Mode 3 (Co-Evolution),5,1,10,10,10,100,1,0.5,0.0,0.0,10,100,0.5,0.5,0.2,3,1,genHalfAndHalf,1,3,17,122046,Config_123,5,"sub(PartnerInMemory, -1)",PartnerInMemory + 1,Unconditional Cooperator (ALL-C),"sub(DonorInMemory, mul(0, DonorAction))",DonorInMemory,Sticky Memory (Ignore actions entirely),246.67,217.65,218.5,334.83,258.88
2026-05-04_13-17,Local_VSCode,DR3_Config_124_R1,Direct Reciprocity Mode 3 (Co-Evolution),5,1,10,10,10,100,1,0.5,0.0,0.0,10,100,0.5,0.5,0.2,3,1,genHalfAndHalf,1,10,17,123042,Config_124,1,"mul(1, 1)",1,Unconditional Cooperator (ALL-C),"mul(DonorInMemory, DonorInMemory)",DonorInMemory**2,Sticky Memory (Ignore actions entirely),246.17,223.52,222.33,331.5,250.08
2026-05-04_13-18,Local_VSCode,DR3_Config_124_R2,Direct Reciprocity Mode 3 (Co-Evolution),5,1,10,10,10,100,1,0.5,0.0,0.0,10,100,0.5,0.5,0.2,3,1,genHalfAndHalf,1,10,17,123043,Config_124,2,"add(10, 10)",20,Unconditional Cooperator (ALL-C),"add(1, mul(mul(sub(1, DonorInMemory), DonorAction), 1))",-DonorAction*(DonorInMemory - 1) + 1,Paranoid (Remember Everyone),244.83,236.5,222.67,332.5,254.36
2026-05-04_13-18,Local_VSCode,DR3_Config_124_R3,Direct Reciprocity Mode 3 (Co-Evolution),5,1,10,10,10,100,1,0.5,0.0,0.0,10,100,0.5,0.5,0.2,3,1,genHalfAndHalf,1,10,17,123044,Config_124,3,"sub(-1, -10)",9,Unconditional Cooperator (ALL-C),"add(DonorAction, DonorAction)",2*DonorAction,"Novel Mem: (True, True, False, False)",244.83,207.72,221.33,333.83,249.22
2026-05-04_13-18,Local_VSCode,DR3_Config_124_R4,Direct Reciprocity Mode 3 (Co-Evolution),5,1,10,10,10,100,1,0.5,0.0,0.0,10,100,0.5,0.5,0.2,3,1,genHalfAndHalf,1,10,17,123045,Config_124,4,"sub(10, PartnerInMemory)",10 - PartnerInMemory,Unconditional Cooperator (ALL-C),"add(10, sub(DonorAction, DonorAction))",10,Paranoid (Remember Everyone),251.0,224.47,208.17,340.83,244.16
2026-05-04_13-18,Local_VSCode,DR3_Config_124_R5,Direct Reciprocity Mode 3 (Co-Evolution),5,1,10,10,10,100,1,0.5,0.0,0.0,10,100,0.5,0.5,0.2,3,1,genHalfAndHalf,1,10,17,123046,Config_124,5,"add(PartnerInMemory, 10)",PartnerInMemory + 10,Unconditional Cooperator (ALL-C),"sub(DonorAction, DonorAction)",0,Amnesia (Remember No One),245.17,219.55,222.0,332.83,253.66
2026-05-04_13-21,Local_VSCode,DR3_Config_125_R1,Direct Reciprocity Mode 3 (Co-Evolution),5,1,10,10,10,100,1,0.5,0.0,0.0,100,100,0.1,0.5,0.2,3,1,genHalfAndHalf,1,3,17,124042,Config_125,1,"sub(add(10, 10), sub(10, mul(1, sub(mul(sub(sub(0, add(PartnerInMemory, 10)), sub(mul(sub(sub(PartnerInMemory, add(PartnerInMemory, mul(-1, PartnerInMemory))), PartnerInMemory), PartnerInMemory), mul(-1, PartnerInMemory))), PartnerInMemory), mul(PartnerInMemory, 10)))))",-2*PartnerInMemory**2 - 20*PartnerInMemory + 10,Tit-for-Tat,"sub(sub(1, sub(DonorAction, DonorAction)), DonorAction)",1 - DonorAction,Strict Ledger (TFT Base),274.27,247.04,214.33,217.67,254.98
2026-05-04_13-23,Local_VSCode,DR3_Config_125_R2,Direct Reciprocity Mode 3 (Co-Evolution),5,1,10,10,10,100,1,0.5,0.0,0.0,100,100,0.1,0.5,0.2,3,1,genHalfAndHalf,1,3,17,124043,Config_125,2,"sub(mul(add(sub(sub(PartnerInMemory, 1), PartnerInMemory), sub(PartnerInMemory, PartnerInMemory)), PartnerInMemory), sub(PartnerInMemory, 1))",1 - 2*PartnerInMemory,Tit-for-Tat,"add(mul(sub(DonorAction, 1), sub(-10, DonorAction)), mul(sub(DonorAction, DonorAction), sub(-10, sub(DonorAction, 1))))",-(DonorAction - 1)*(DonorAction + 10),Strict Ledger (TFT Base),269.4,237.84,219.0,211.33,250.68
2026-05-04_13-26,Local_VSCode,DR3_Config_125_R3,Direct Reciprocity Mode 3 (Co-Evolution),5,1,10,10,10,100,1,0.5,0.0,0.0,100,100,0.1,0.5,0.2,3,1,genHalfAndHalf,1,3,17,124044,Config_125,3,"mul(-10, -10)",100,Unconditional Cooperator (ALL-C),"sub(add(0, DonorInMemory), mul(-1, mul(mul(-1, mul(mul(-1, mul(add(DonorAction, -10), 10)), 10)), 10)))",1000*DonorAction + DonorInMemory - 10000,Amnesia (Remember No One),248.5,230.09,219.5,332.0,251.16
2026-05-04_13-28,Local_VSCode,DR3_Config_125_R4,Direct Reciprocity Mode 3 (Co-Evolution),5,1,10,10,10,100,1,0.5,0.0,0.0,100,100,0.1,0.5,0.2,3,1,genHalfAndHalf,1,3,17,124045,Config_125,4,"sub(mul(sub(-10, 1), PartnerInMemory), sub(-10, 1))",11 - 11*PartnerInMemory,Tit-for-Tat,"add(add(DonorInMemory, add(DonorInMemory, DonorInMemory)), mul(-1, add(DonorAction, -1)))",-DonorAction + 3*DonorInMemory + 1,Unforgiving (Grim Trigger),276.13,245.42,218.33,208.33,253.16
2026-05-04_13-31,Local_VSCode,DR3_Config_125_R5,Direct Reciprocity Mode 3 (Co-Evolution),5,1,10,10,10,100,1,0.5,0.0,0.0,100,100,0.1,0.5,0.2,3,1,genHalfAndHalf,1,3,17,124046,Config_125,5,"add(add(PartnerInMemory, 0), sub(mul(-10, PartnerInMemory), add(-10, mul(10, add(PartnerInMemory, PartnerInMemory)))))",10 - 29*PartnerInMemory,Tit-for-Tat,"sub(mul(DonorAction, mul(DonorAction, -1)), sub(sub(DonorAction, DonorInMemory), 1))",-DonorAction**2 - DonorAction + DonorInMemory + 1,Strict Ledger (TFT Base),271.93,238.01,220.67,205.67,253.18
2026-05-04_13-33,Local_VSCode,DR3_Config_126_R1,Direct Reciprocity Mode 3 (Co-Evolution),5,1,10,10,10,100,1,0.5,0.0,0.0,100,100,0.1,0.5,0.2,3,1,genHalfAndHalf,1,10,17,125042,Config_126,1,"sub(PartnerInMemory, add(add(PartnerInMemory, PartnerInMemory), -1))",1 - PartnerInMemory,Tit-for-Tat,"sub(mul(mul(0, -1), sub(sub(DonorAction, DonorAction), DonorAction)), add(-1, DonorAction))",1 - DonorAction,Strict Ledger (TFT Base),271.43,241.23,218.5,207.0,243.92
2026-05-04_13-35,Local_VSCode,DR3_Config_126_R2,Direct Reciprocity Mode 3 (Co-Evolution),5,1,10,10,10,100,1,0.5,0.0,0.0,100,100,0.1,0.5,0.2,3,1,genHalfAndHalf,1,10,17,125043,Config_126,2,"sub(1, PartnerInMemory)",1 - PartnerInMemory,Tit-for-Tat,"sub(sub(mul(add(DonorAction, sub(DonorAction, DonorAction)), DonorInMemory), -1), mul(sub(add(0, DonorAction), DonorInMemory), DonorAction))",DonorAction*DonorInMemory - DonorAction*(DonorAction - DonorInMemory) + 1,Unforgiving (Grim Trigger),272.53,233.23,224.67,207.33,251.68
2026-05-04_13-38,Local_VSCode,DR3_Config_126_R3,Direct Reciprocity Mode 3 (Co-Evolution),5,1,10,10,10,100,1,0.5,0.0,0.0,100,100,0.1,0.5,0.2,3,1,genHalfAndHalf,1,10,17,125044,Config_126,3,"sub(mul(-1, -1), add(PartnerInMemory, PartnerInMemory))",1 - 2*PartnerInMemory,Tit-for-Tat,"sub(DonorInMemory, sub(sub(DonorAction, 1), mul(DonorAction, mul(DonorInMemory, 1))))",DonorAction*DonorInMemory - DonorAction + DonorInMemory + 1,Unforgiving (Grim Trigger),271.13,239.97,214.17,216.83,247.48
2026-05-04_13-40,Local_VSCode,DR3_Config_126_R4,Direct Reciprocity Mode 3 (Co-Evolution),5,1,10,10,10,100,1,0.5,0.0,0.0,100,100,0.1,0.5,0.2,3,1,genHalfAndHalf,1,10,17,125045,Config_126,4,"mul(add(mul(sub(sub(add(PartnerInMemory, PartnerInMemory), add(-1, PartnerInMemory)), sub(sub(PartnerInMemory, PartnerInMemory), sub(1, 10))), -1), 1), sub(1, PartnerInMemory))",(PartnerInMemory - 9)*(PartnerInMemory - 1),Tit-for-Tat,"sub(add(1, DonorInMemory), mul(add(DonorAction, DonorInMemory), add(DonorInMemory, DonorAction)))",DonorInMemory - (DonorAction + DonorInMemory)**2 + 1,Strict Ledger (TFT Base),272.73,243.41,212.33,218.67,258.02
2026-05-04_13-43,Local_VSCode,DR3_Config_126_R5,Direct Reciprocity Mode 3 (Co-Evolution),5,1,10,10,10,100,1,0.5,0.0,0.0,100,100,0.1,0.5,0.2,3,1,genHalfAndHalf,1,10,17,125046,Config_126,5,"sub(1, mul(add(PartnerInMemory, PartnerInMemory), PartnerInMemory))",1 - 2*PartnerInMemory**2,Tit-for-Tat,"mul(sub(add(1, DonorAction), mul(DonorAction, sub(mul(1, DonorInMemory), add(DonorInMemory, -10)))), sub(add(add(DonorAction, 1), 1), add(DonorAction, DonorAction)))",(DonorAction - 2)*(9*DonorAction - 1),Strict Ledger (TFT Base),269.33,241.58,209.17,223.5,252.94
2026-05-04_13-45,Local_VSCode,DR3_Config_127_R1,Direct Reciprocity Mode 3 (Co-Evolution),5,1,10,10,10,100,1,0.5,0.0,0.0,100,100,0.5,0.5,0.2,3,1,genHalfAndHalf,1,3,17,126042,Config_127,1,"add(sub(PartnerInMemory, PartnerInMemory), 10)",10,Unconditional Cooperator (ALL-C),"sub(DonorInMemory, DonorInMemory)",0,Amnesia (Remember No One),248.83,229.86,212.0,339.17,251.74
2026-05-04_13-47,Local_VSCode,DR3_Config_127_R2,Direct Reciprocity Mode 3 (Co-Evolution),5,1,10,10,10,100,1,0.5,0.0,0.0,100,100,0.5,0.5,0.2,3,1,genHalfAndHalf,1,3,17,126043,Config_127,2,"sub(-1, -10)",9,Unconditional Cooperator (ALL-C),"add(DonorAction, -10)",DonorAction - 10,Amnesia (Remember No One),249.0,218.46,216.17,334.83,249.46
2026-05-04_13-50,Local_VSCode,DR3_Config_127_R3,Direct Reciprocity Mode 3 (Co-Evolution),5,1,10,10,10,100,1,0.5,0.0,0.0,100,100,0.5,0.5,0.2,3,1,genHalfAndHalf,1,3,17,126044,Config_127,3,"sub(PartnerInMemory, -10)",PartnerInMemory + 10,Unconditional Cooperator (ALL-C),"add(DonorInMemory, DonorInMemory)",2*DonorInMemory,Sticky Memory (Ignore actions entirely),248.5,218.66,223.33,328.17,245.44
2026-05-04_13-52,Local_VSCode,DR3_Config_127_R4,Direct Reciprocity Mode 3 (Co-Evolution),5,1,10,10,10,100,1,0.5,0.0,0.0,100,100,0.5,0.5,0.2,3,1,genHalfAndHalf,1,3,17,126045,Config_127,4,"sub(mul(add(-1, -10), add(PartnerInMemory, PartnerInMemory)), add(-1, -10))",11 - 22*PartnerInMemory,Tit-for-Tat,"sub(DonorInMemory, add(-1, DonorAction))",-DonorAction + DonorInMemory + 1,Unforgiving (Grim Trigger),273.9,243.9,218.67,209.83,253.42
2026-05-04_13-55,Local_VSCode,DR3_Config_127_R5,Direct Reciprocity Mode 3 (Co-Evolution),5,1,10,10,10,100,1,0.5,0.0,0.0,100,100,0.5,0.5,0.2,3,1,genHalfAndHalf,1,3,17,126046,Config_127,5,"sub(mul(PartnerInMemory, -1), sub(PartnerInMemory, 10))",10 - 2*PartnerInMemory,Unconditional Cooperator (ALL-C),"mul(10, 10)",100,Paranoid (Remember Everyone),246.67,230.78,219.5,333.83,256.62
2026-05-04_13-57,Local_VSCode,DR3_Config_128_R1,Direct Reciprocity Mode 3 (Co-Evolution),5,1,10,10,10,100,1,0.5,0.0,0.0,100,100,0.5,0.5,0.2,3,1,genHalfAndHalf,1,10,17,127042,Config_128,1,"sub(PartnerInMemory, add(add(-1, -1), -1))",PartnerInMemory + 3,Unconditional Cooperator (ALL-C),"add(DonorAction, sub(add(add(DonorAction, DonorInMemory), DonorInMemory), mul(DonorAction, 0)))",2*DonorAction + 2*DonorInMemory,"Novel Mem: (True, True, True, False)",253.5,226.24,218.5,328.0,248.16
2026-05-04_13-59,Local_VSCode,DR3_Config_128_R2,Direct Reciprocity Mode 3 (Co-Evolution),5,1,10,10,10,100,1,0.5,0.0,0.0,100,100,0.5,0.5,0.2,3,1,genHalfAndHalf,1,10,17,127043,Config_128,2,"sub(sub(mul(PartnerInMemory, -1), sub(-1, PartnerInMemory)), mul(sub(PartnerInMemory, PartnerInMemory), mul(PartnerInMemory, PartnerInMemory)))",1,Unconditional Cooperator (ALL-C),"add(DonorInMemory, DonorAction)",DonorAction + DonorInMemory,"Novel Mem: (True, True, True, False)",251.33,227.17,214.5,334.17,252.74
2026-05-04_14-02,Local_VSCode,DR3_Config_128_R3,Direct Reciprocity Mode 3 (Co-Evolution),5,1,10,10,10,100,1,0.5,0.0,0.0,100,100,0.5,0.5,0.2,3,1,genHalfAndHalf,1,10,17,127044,Config_128,3,"sub(mul(-1, PartnerInMemory), -1)",1 - PartnerInMemory,Tit-for-Tat,"sub(1, sub(DonorAction, add(DonorInMemory, DonorInMemory)))",-DonorAction + 2*DonorInMemory + 1,Unforgiving (Grim Trigger),271.07,237.53,224.17,208.5,249.0
2026-05-04_14-04,Local_VSCode,DR3_Config_128_R4,Direct Reciprocity Mode 3 (Co-Evolution),5,1,10,10,10,100,1,0.5,0.0,0.0,100,100,0.5,0.5,0.2,3,1,genHalfAndHalf,1,10,17,127045,Config_128,4,"sub(mul(-10, PartnerInMemory), -1)",1 - 10*PartnerInMemory,Tit-for-Tat,"sub(sub(1, DonorAction), DonorAction)",1 - 2*DonorAction,Strict Ledger (TFT Base),270.63,241.05,218.67,206.83,255.06
2026-05-04_14-06,Local_VSCode,DR3_Config_128_R5,Direct Reciprocity Mode 3 (Co-Evolution),5,1,10,10,10,100,1,0.5,0.0,0.0,100,100,0.5,0.5,0.2,3,1,genHalfAndHalf,1,10,17,127046,Config_128,5,"add(PartnerInMemory, 10)",PartnerInMemory + 10,Unconditional Cooperator (ALL-C),"add(DonorAction, DonorAction)",2*DonorAction,"Novel Mem: (True, True, False, False)",253.17,234.91,217.33,329.5,248.96
