Timestamp,Machine_ID,Run_ID,Mode,BENEFIT_TO_COST_RATIO,COST,NUM_IGSS,NUM_UC,NUM_D,NUM_ROUNDS,INITIAL_ENDOWMENT,ENDOWMENT_FRACTION,EXECUTION_ERROR_RATE,PERCEPTION_ERROR_RATE,POP_SIZE,MAX_GENS,PARSIMONY_TAX,CXPB,MUTPB,TOURNAMENT_SIZE,HOF_SIZE,INIT_METHOD,TREE_MIN_DEPTH,TREE_MAX_DEPTH,STATIC_DEPTH_LIMIT,SEED,CONFIG_GROUP,REPETITION,Best_Act_Raw,Best_Act_SymPy,Identified_Action,Best_Ass_Raw,Best_Ass_SymPy,Identified_Assessment,iGSS_Max_Fitness,iGSS_Avg_Fitness,UC_Fitness,D_Fitness,Control_Baseline
2026-05-03_00-10,Local_VSCode,IR3_Config_1_R1,Indirect Reciprocity Mode 3 (Co-Evolution),2,1,10,0,0,10,1,0.5,0.0,0.0,10,100,0.1,0.5,0.2,3,1,genHalfAndHalf,1,3,17,42,Config_1,1,"mul(-1, -10)",10,Unconditional Cooperator (ALL-C),"add(DonorAction, 10)",DonorAction + 10,Unconditional Good,10.0,10.0,0.0,0.0,10.0
2026-05-03_00-10,Local_VSCode,IR3_Config_1_R2,Indirect Reciprocity Mode 3 (Co-Evolution),2,1,10,0,0,10,1,0.5,0.0,0.0,10,100,0.1,0.5,0.2,3,1,genHalfAndHalf,1,3,17,43,Config_1,2,"mul(1, PartnerStanding)",PartnerStanding,Strict Discriminator,"add(DonorAction, DonorAction)",2*DonorAction,Image Scoring,10.0,10.0,0.0,0.0,10.0
2026-05-03_00-10,Local_VSCode,IR3_Config_1_R3,Indirect Reciprocity Mode 3 (Co-Evolution),2,1,10,0,0,10,1,0.5,0.0,0.0,10,100,0.1,0.5,0.2,3,1,genHalfAndHalf,1,3,17,44,Config_1,3,"add(PartnerStanding, PartnerStanding)",2*PartnerStanding,Strict Discriminator,"add(DonorAction, DonorAction)",2*DonorAction,Image Scoring,10.0,9.06,0.0,0.0,10.0
2026-05-03_00-10,Local_VSCode,IR3_Config_1_R4,Indirect Reciprocity Mode 3 (Co-Evolution),2,1,10,0,0,10,1,0.5,0.0,0.0,10,100,0.1,0.5,0.2,3,1,genHalfAndHalf,1,3,17,45,Config_1,4,"add(10, PartnerStanding)",PartnerStanding + 10,Unconditional Cooperator (ALL-C),"add(10, RecipientStanding)",RecipientStanding + 10,Unconditional Good,10.0,9.05,0.0,0.0,10.0
2026-05-03_00-10,Local_VSCode,IR3_Config_1_R5,Indirect Reciprocity Mode 3 (Co-Evolution),2,1,10,0,0,10,1,0.5,0.0,0.0,10,100,0.1,0.5,0.2,3,1,genHalfAndHalf,1,3,17,46,Config_1,5,"add(0, PartnerStanding)",PartnerStanding,Strict Discriminator,"mul(RecipientStanding, 1)",RecipientStanding,"Novel Ass: (True, False, True, False)",10.0,9.05,0.0,0.0,10.0
2026-05-03_00-10,Local_VSCode,IR3_Config_2_R1,Indirect Reciprocity Mode 3 (Co-Evolution),2,1,10,0,0,10,1,0.5,0.0,0.0,10,100,0.1,0.5,0.2,3,1,genHalfAndHalf,1,10,17,1042,Config_2,1,"sub(PartnerStanding, 0)",PartnerStanding,Strict Discriminator,"sub(RecipientStanding, -1)",RecipientStanding + 1,Unconditional Good,10.0,9.05,0.0,0.0,10.0
2026-05-03_00-10,Local_VSCode,IR3_Config_2_R2,Indirect Reciprocity Mode 3 (Co-Evolution),2,1,10,0,0,10,1,0.5,0.0,0.0,10,100,0.1,0.5,0.2,3,1,genHalfAndHalf,1,10,17,1043,Config_2,2,"mul(PartnerStanding, PartnerStanding)",PartnerStanding**2,Strict Discriminator,"sub(DonorAction, -1)",DonorAction + 1,Unconditional Good,10.0,9.0,0.0,0.0,10.0
2026-05-03_00-10,Local_VSCode,IR3_Config_2_R3,Indirect Reciprocity Mode 3 (Co-Evolution),2,1,10,0,0,10,1,0.5,0.0,0.0,10,100,0.1,0.5,0.2,3,1,genHalfAndHalf,1,10,17,1044,Config_2,3,"sub(10, PartnerStanding)",10 - PartnerStanding,Unconditional Cooperator (ALL-C),"add(DonorAction, 0)",DonorAction,Image Scoring,10.0,8.0,0.0,0.0,10.0
2026-05-03_00-10,Local_VSCode,IR3_Config_2_R4,Indirect Reciprocity Mode 3 (Co-Evolution),2,1,10,0,0,10,1,0.5,0.0,0.0,10,100,0.1,0.5,0.2,3,1,genHalfAndHalf,1,10,17,1045,Config_2,4,"add(PartnerStanding, 0)",PartnerStanding,Strict Discriminator,"add(DonorAction, DonorAction)",2*DonorAction,Image Scoring,10.0,10.0,0.0,0.0,10.0
2026-05-03_00-10,Local_VSCode,IR3_Config_2_R5,Indirect Reciprocity Mode 3 (Co-Evolution),2,1,10,0,0,10,1,0.5,0.0,0.0,10,100,0.1,0.5,0.2,3,1,genHalfAndHalf,1,10,17,1046,Config_2,5,"mul(1, PartnerStanding)",PartnerStanding,Strict Discriminator,"add(DonorAction, RecipientStanding)",DonorAction + RecipientStanding,"Novel Ass: (True, True, True, False)",10.0,10.0,0.0,0.0,10.0
2026-05-03_00-11,Local_VSCode,IR3_Config_3_R1,Indirect Reciprocity Mode 3 (Co-Evolution),2,1,10,0,0,10,1,0.5,0.0,0.0,10,100,0.5,0.5,0.2,3,1,genHalfAndHalf,1,3,17,2042,Config_3,1,"mul(-1, -1)",1,Unconditional Cooperator (ALL-C),"mul(RecipientStanding, RecipientStanding)",RecipientStanding**2,"Novel Ass: (True, False, True, False)",10.0,7.0,0.0,0.0,10.0
2026-05-03_00-11,Local_VSCode,IR3_Config_3_R2,Indirect Reciprocity Mode 3 (Co-Evolution),2,1,10,0,0,10,1,0.5,0.0,0.0,10,100,0.5,0.5,0.2,3,1,genHalfAndHalf,1,3,17,2043,Config_3,2,"add(PartnerStanding, 10)",PartnerStanding + 10,Unconditional Cooperator (ALL-C),"mul(RecipientStanding, RecipientStanding)",RecipientStanding**2,"Novel Ass: (True, False, True, False)",10.0,9.05,0.0,0.0,10.0
2026-05-03_00-11,Local_VSCode,IR3_Config_3_R3,Indirect Reciprocity Mode 3 (Co-Evolution),2,1,10,0,0,10,1,0.5,0.0,0.0,10,100,0.5,0.5,0.2,3,1,genHalfAndHalf,1,3,17,2044,Config_3,3,"mul(1, 10)",10,Unconditional Cooperator (ALL-C),"mul(RecipientStanding, 0)",0,Unconditional Bad,10.0,8.0,0.0,0.0,10.0
2026-05-03_00-11,Local_VSCode,IR3_Config_3_R4,Indirect Reciprocity Mode 3 (Co-Evolution),2,1,10,0,0,10,1,0.5,0.0,0.0,10,100,0.5,0.5,0.2,3,1,genHalfAndHalf,1,3,17,2045,Config_3,4,"mul(1, 1)",1,Unconditional Cooperator (ALL-C),"mul(RecipientStanding, DonorAction)",DonorAction*RecipientStanding,Shunning,10.0,7.0,0.0,0.0,10.0
2026-05-03_00-11,Local_VSCode,IR3_Config_3_R5,Indirect Reciprocity Mode 3 (Co-Evolution),2,1,10,0,0,10,1,0.5,0.0,0.0,10,100,0.5,0.5,0.2,3,1,genHalfAndHalf,1,3,17,2046,Config_3,5,"sub(10, -1)",11,Unconditional Cooperator (ALL-C),"sub(10, 10)",0,Unconditional Bad,10.0,9.0,0.0,0.0,10.0
2026-05-03_00-11,Local_VSCode,IR3_Config_4_R1,Indirect Reciprocity Mode 3 (Co-Evolution),2,1,10,0,0,10,1,0.5,0.0,0.0,10,100,0.5,0.5,0.2,3,1,genHalfAndHalf,1,10,17,3042,Config_4,1,"sub(PartnerStanding, 0)",PartnerStanding,Strict Discriminator,"sub(10, DonorAction)",10 - DonorAction,Unconditional Good,10.0,7.14,0.0,0.0,10.0
2026-05-03_00-11,Local_VSCode,IR3_Config_4_R2,Indirect Reciprocity Mode 3 (Co-Evolution),2,1,10,0,0,10,1,0.5,0.0,0.0,10,100,0.5,0.5,0.2,3,1,genHalfAndHalf,1,10,17,3043,Config_4,2,"sub(PartnerStanding, -1)",PartnerStanding + 1,Unconditional Cooperator (ALL-C),"sub(-10, -10)",0,Unconditional Bad,10.0,10.0,0.0,0.0,10.0
2026-05-03_00-11,Local_VSCode,IR3_Config_4_R3,Indirect Reciprocity Mode 3 (Co-Evolution),2,1,10,0,0,10,1,0.5,0.0,0.0,10,100,0.5,0.5,0.2,3,1,genHalfAndHalf,1,10,17,3044,Config_4,3,"mul(PartnerStanding, 10)",10*PartnerStanding,Strict Discriminator,"mul(DonorAction, DonorAction)",DonorAction**2,Image Scoring,10.0,8.05,0.0,0.0,10.0
2026-05-03_00-11,Local_VSCode,IR3_Config_4_R4,Indirect Reciprocity Mode 3 (Co-Evolution),2,1,10,0,0,10,1,0.5,0.0,0.0,10,100,0.5,0.5,0.2,3,1,genHalfAndHalf,1,10,17,3045,Config_4,4,"add(10, 0)",10,Unconditional Cooperator (ALL-C),"mul(DonorAction, DonorAction)",DonorAction**2,Image Scoring,10.0,10.0,0.0,0.0,10.0
2026-05-03_00-11,Local_VSCode,IR3_Config_4_R5,Indirect Reciprocity Mode 3 (Co-Evolution),2,1,10,0,0,10,1,0.5,0.0,0.0,10,100,0.5,0.5,0.2,3,1,genHalfAndHalf,1,10,17,3046,Config_4,5,"mul(1, 10)",10,Unconditional Cooperator (ALL-C),"mul(DonorAction, RecipientStanding)",DonorAction*RecipientStanding,Shunning,10.0,10.0,0.0,0.0,10.0
2026-05-03_00-11,Local_VSCode,IR3_Config_5_R1,Indirect Reciprocity Mode 3 (Co-Evolution),2,1,10,0,0,10,1,0.5,0.0,0.0,100,100,0.1,0.5,0.2,3,1,genHalfAndHalf,1,3,17,4042,Config_5,1,"add(10, PartnerStanding)",PartnerStanding + 10,Unconditional Cooperator (ALL-C),"sub(10, DonorAction)",10 - DonorAction,Unconditional Good,10.0,9.4,0.0,0.0,10.0
2026-05-03_00-11,Local_VSCode,IR3_Config_5_R2,Indirect Reciprocity Mode 3 (Co-Evolution),2,1,10,0,0,10,1,0.5,0.0,0.0,100,100,0.1,0.5,0.2,3,1,genHalfAndHalf,1,3,17,4043,Config_5,2,"sub(10, PartnerStanding)",10 - PartnerStanding,Unconditional Cooperator (ALL-C),"add(RecipientStanding, RecipientStanding)",2*RecipientStanding,"Novel Ass: (True, False, True, False)",10.0,9.3,0.0,0.0,10.0
2026-05-03_00-11,Local_VSCode,IR3_Config_5_R3,Indirect Reciprocity Mode 3 (Co-Evolution),2,1,10,0,0,10,1,0.5,0.0,0.0,100,100,0.1,0.5,0.2,3,1,genHalfAndHalf,1,3,17,4044,Config_5,3,"sub(PartnerStanding, -1)",PartnerStanding + 1,Unconditional Cooperator (ALL-C),"sub(RecipientStanding, DonorAction)",-DonorAction + RecipientStanding,"Novel Ass: (False, False, True, False)",10.0,8.52,0.0,0.0,10.0
2026-05-03_00-11,Local_VSCode,IR3_Config_5_R4,Indirect Reciprocity Mode 3 (Co-Evolution),2,1,10,0,0,10,1,0.5,0.0,0.0,100,100,0.1,0.5,0.2,3,1,genHalfAndHalf,1,3,17,4045,Config_5,4,"sub(10, PartnerStanding)",10 - PartnerStanding,Unconditional Cooperator (ALL-C),"mul(0, -10)",0,Unconditional Bad,10.0,9.91,0.0,0.0,10.0
2026-05-03_00-12,Local_VSCode,IR3_Config_5_R5,Indirect Reciprocity Mode 3 (Co-Evolution),2,1,10,0,0,10,1,0.5,0.0,0.0,100,100,0.1,0.5,0.2,3,1,genHalfAndHalf,1,3,17,4046,Config_5,5,"sub(PartnerStanding, 0)",PartnerStanding,Strict Discriminator,"mul(DonorAction, DonorAction)",DonorAction**2,Image Scoring,10.0,9.45,0.0,0.0,10.0
2026-05-03_00-12,Local_VSCode,IR3_Config_6_R1,Indirect Reciprocity Mode 3 (Co-Evolution),2,1,10,0,0,10,1,0.5,0.0,0.0,100,100,0.1,0.5,0.2,3,1,genHalfAndHalf,1,10,17,5042,Config_6,1,"sub(10, -1)",11,Unconditional Cooperator (ALL-C),"sub(DonorAction, -1)",DonorAction + 1,Unconditional Good,10.0,9.3,0.0,0.0,10.0
2026-05-03_00-12,Local_VSCode,IR3_Config_6_R2,Indirect Reciprocity Mode 3 (Co-Evolution),2,1,10,0,0,10,1,0.5,0.0,0.0,100,100,0.1,0.5,0.2,3,1,genHalfAndHalf,1,10,17,5043,Config_6,2,"mul(10, 10)",100,Unconditional Cooperator (ALL-C),"sub(DonorAction, 10)",DonorAction - 10,Unconditional Bad,10.0,9.9,0.0,0.0,10.0
2026-05-03_00-12,Local_VSCode,IR3_Config_6_R3,Indirect Reciprocity Mode 3 (Co-Evolution),2,1,10,0,0,10,1,0.5,0.0,0.0,100,100,0.1,0.5,0.2,3,1,genHalfAndHalf,1,10,17,5044,Config_6,3,"add(10, -1)",9,Unconditional Cooperator (ALL-C),"sub(10, -1)",11,Unconditional Good,10.0,9.4,0.0,0.0,10.0
2026-05-03_00-13,Local_VSCode,IR3_Config_6_R4,Indirect Reciprocity Mode 3 (Co-Evolution),2,1,10,0,0,10,1,0.5,0.0,0.0,100,100,0.1,0.5,0.2,3,1,genHalfAndHalf,1,10,17,5045,Config_6,4,"mul(PartnerStanding, PartnerStanding)",PartnerStanding**2,Strict Discriminator,"add(RecipientStanding, DonorAction)",DonorAction + RecipientStanding,"Novel Ass: (True, True, True, False)",10.0,9.15,0.0,0.0,10.0
2026-05-03_00-13,Local_VSCode,IR3_Config_6_R5,Indirect Reciprocity Mode 3 (Co-Evolution),2,1,10,0,0,10,1,0.5,0.0,0.0,100,100,0.1,0.5,0.2,3,1,genHalfAndHalf,1,10,17,5046,Config_6,5,"add(10, PartnerStanding)",PartnerStanding + 10,Unconditional Cooperator (ALL-C),"add(DonorAction, DonorAction)",2*DonorAction,Image Scoring,10.0,9.81,0.0,0.0,10.0
2026-05-03_00-13,Local_VSCode,IR3_Config_7_R1,Indirect Reciprocity Mode 3 (Co-Evolution),2,1,10,0,0,10,1,0.5,0.0,0.0,100,100,0.5,0.5,0.2,3,1,genHalfAndHalf,1,3,17,6042,Config_7,1,"sub(PartnerStanding, -1)",PartnerStanding + 1,Unconditional Cooperator (ALL-C),"add(-10, RecipientStanding)",RecipientStanding - 10,Unconditional Bad,10.0,9.21,0.0,0.0,10.0
2026-05-03_00-13,Local_VSCode,IR3_Config_7_R2,Indirect Reciprocity Mode 3 (Co-Evolution),2,1,10,0,0,10,1,0.5,0.0,0.0,100,100,0.5,0.5,0.2,3,1,genHalfAndHalf,1,3,17,6043,Config_7,2,"mul(PartnerStanding, PartnerStanding)",PartnerStanding**2,Strict Discriminator,"add(DonorAction, RecipientStanding)",DonorAction + RecipientStanding,"Novel Ass: (True, True, True, False)",10.0,9.33,0.0,0.0,10.0
2026-05-03_00-13,Local_VSCode,IR3_Config_7_R3,Indirect Reciprocity Mode 3 (Co-Evolution),2,1,10,0,0,10,1,0.5,0.0,0.0,100,100,0.5,0.5,0.2,3,1,genHalfAndHalf,1,3,17,6044,Config_7,3,"mul(PartnerStanding, 1)",PartnerStanding,Strict Discriminator,"add(DonorAction, DonorAction)",2*DonorAction,Image Scoring,10.0,9.2,0.0,0.0,10.0
2026-05-03_00-14,Local_VSCode,IR3_Config_7_R4,Indirect Reciprocity Mode 3 (Co-Evolution),2,1,10,0,0,10,1,0.5,0.0,0.0,100,100,0.5,0.5,0.2,3,1,genHalfAndHalf,1,3,17,6045,Config_7,4,"mul(-1, -1)",1,Unconditional Cooperator (ALL-C),"mul(RecipientStanding, DonorAction)",DonorAction*RecipientStanding,Shunning,10.0,9.71,0.0,0.0,10.0
2026-05-03_00-14,Local_VSCode,IR3_Config_7_R5,Indirect Reciprocity Mode 3 (Co-Evolution),2,1,10,0,0,10,1,0.5,0.0,0.0,100,100,0.5,0.5,0.2,3,1,genHalfAndHalf,1,3,17,6046,Config_7,5,"sub(PartnerStanding, -1)",PartnerStanding + 1,Unconditional Cooperator (ALL-C),"mul(-10, -1)",10,Unconditional Good,10.0,7.71,0.0,0.0,10.0
2026-05-03_00-14,Local_VSCode,IR3_Config_8_R1,Indirect Reciprocity Mode 3 (Co-Evolution),2,1,10,0,0,10,1,0.5,0.0,0.0,100,100,0.5,0.5,0.2,3,1,genHalfAndHalf,1,10,17,7042,Config_8,1,"add(PartnerStanding, PartnerStanding)",2*PartnerStanding,Strict Discriminator,"add(10, RecipientStanding)",RecipientStanding + 10,Unconditional Good,10.0,9.22,0.0,0.0,10.0
2026-05-03_00-14,Local_VSCode,IR3_Config_8_R2,Indirect Reciprocity Mode 3 (Co-Evolution),2,1,10,0,0,10,1,0.5,0.0,0.0,100,100,0.5,0.5,0.2,3,1,genHalfAndHalf,1,10,17,7043,Config_8,2,"add(PartnerStanding, 10)",PartnerStanding + 10,Unconditional Cooperator (ALL-C),"add(-10, DonorAction)",DonorAction - 10,Unconditional Bad,10.0,9.11,0.0,0.0,10.0
2026-05-03_00-14,Local_VSCode,IR3_Config_8_R3,Indirect Reciprocity Mode 3 (Co-Evolution),2,1,10,0,0,10,1,0.5,0.0,0.0,100,100,0.5,0.5,0.2,3,1,genHalfAndHalf,1,10,17,7044,Config_8,3,"mul(PartnerStanding, PartnerStanding)",PartnerStanding**2,Strict Discriminator,"mul(DonorAction, 1)",DonorAction,Image Scoring,10.0,9.02,0.0,0.0,10.0
2026-05-03_00-15,Local_VSCode,IR3_Config_8_R4,Indirect Reciprocity Mode 3 (Co-Evolution),2,1,10,0,0,10,1,0.5,0.0,0.0,100,100,0.5,0.5,0.2,3,1,genHalfAndHalf,1,10,17,7045,Config_8,4,"sub(10, PartnerStanding)",10 - PartnerStanding,Unconditional Cooperator (ALL-C),"sub(DonorAction, DonorAction)",0,Unconditional Bad,10.0,8.82,0.0,0.0,10.0
2026-05-03_00-15,Local_VSCode,IR3_Config_8_R5,Indirect Reciprocity Mode 3 (Co-Evolution),2,1,10,0,0,10,1,0.5,0.0,0.0,100,100,0.5,0.5,0.2,3,1,genHalfAndHalf,1,10,17,7046,Config_8,5,"add(PartnerStanding, PartnerStanding)",2*PartnerStanding,Strict Discriminator,"mul(DonorAction, DonorAction)",DonorAction**2,Image Scoring,10.0,9.41,0.0,0.0,10.0
2026-05-03_00-15,Local_VSCode,IR3_Config_9_R1,Indirect Reciprocity Mode 3 (Co-Evolution),2,1,10,0,0,100,1,0.5,0.0,0.0,10,100,0.1,0.5,0.2,3,1,genHalfAndHalf,1,3,17,8042,Config_9,1,"mul(PartnerStanding, PartnerStanding)",PartnerStanding**2,Strict Discriminator,"add(10, DonorAction)",DonorAction + 10,Unconditional Good,100.0,100.0,0.0,0.0,100.0
2026-05-03_00-15,Local_VSCode,IR3_Config_9_R2,Indirect Reciprocity Mode 3 (Co-Evolution),2,1,10,0,0,100,1,0.5,0.0,0.0,10,100,0.1,0.5,0.2,3,1,genHalfAndHalf,1,3,17,8043,Config_9,2,"sub(10, PartnerStanding)",10 - PartnerStanding,Unconditional Cooperator (ALL-C),"add(RecipientStanding, 10)",RecipientStanding + 10,Unconditional Good,100.0,90.0,0.0,0.0,100.0
2026-05-03_00-15,Local_VSCode,IR3_Config_9_R3,Indirect Reciprocity Mode 3 (Co-Evolution),2,1,10,0,0,100,1,0.5,0.0,0.0,10,100,0.1,0.5,0.2,3,1,genHalfAndHalf,1,3,17,8044,Config_9,3,"mul(-10, -10)",100,Unconditional Cooperator (ALL-C),"mul(DonorAction, -10)",-10*DonorAction,Unconditional Bad,100.0,90.0,0.0,0.0,100.0
2026-05-03_00-15,Local_VSCode,IR3_Config_9_R4,Indirect Reciprocity Mode 3 (Co-Evolution),2,1,10,0,0,100,1,0.5,0.0,0.0,10,100,0.1,0.5,0.2,3,1,genHalfAndHalf,1,3,17,8045,Config_9,4,"mul(-1, -10)",10,Unconditional Cooperator (ALL-C),"mul(0, RecipientStanding)",0,Unconditional Bad,100.0,100.0,0.0,0.0,100.0
2026-05-03_00-15,Local_VSCode,IR3_Config_9_R5,Indirect Reciprocity Mode 3 (Co-Evolution),2,1,10,0,0,100,1,0.5,0.0,0.0,10,100,0.1,0.5,0.2,3,1,genHalfAndHalf,1,3,17,8046,Config_9,5,"add(PartnerStanding, PartnerStanding)",2*PartnerStanding,Strict Discriminator,"add(0, DonorAction)",DonorAction,Image Scoring,100.0,90.0,0.0,0.0,100.0
2026-05-03_00-15,Local_VSCode,IR3_Config_10_R1,Indirect Reciprocity Mode 3 (Co-Evolution),2,1,10,0,0,100,1,0.5,0.0,0.0,10,100,0.1,0.5,0.2,3,1,genHalfAndHalf,1,10,17,9042,Config_10,1,"add(10, -1)",9,Unconditional Cooperator (ALL-C),"add(-1, -1)",-2,Unconditional Bad,100.0,100.0,0.0,0.0,100.0
2026-05-03_00-15,Local_VSCode,IR3_Config_10_R2,Indirect Reciprocity Mode 3 (Co-Evolution),2,1,10,0,0,100,1,0.5,0.0,0.0,10,100,0.1,0.5,0.2,3,1,genHalfAndHalf,1,10,17,9043,Config_10,2,"add(PartnerStanding, 1)",PartnerStanding + 1,Unconditional Cooperator (ALL-C),"mul(RecipientStanding, 0)",0,Unconditional Bad,100.0,90.05,0.0,0.0,100.0
2026-05-03_00-15,Local_VSCode,IR3_Config_10_R3,Indirect Reciprocity Mode 3 (Co-Evolution),2,1,10,0,0,100,1,0.5,0.0,0.0,10,100,0.1,0.5,0.2,3,1,genHalfAndHalf,1,10,17,9044,Config_10,3,"sub(10, 1)",9,Unconditional Cooperator (ALL-C),"sub(-1, RecipientStanding)",-RecipientStanding - 1,Unconditional Bad,100.0,80.0,0.0,0.0,100.0
2026-05-03_00-15,Local_VSCode,IR3_Config_10_R4,Indirect Reciprocity Mode 3 (Co-Evolution),2,1,10,0,0,100,1,0.5,0.0,0.0,10,100,0.1,0.5,0.2,3,1,genHalfAndHalf,1,10,17,9045,Config_10,4,"sub(10, PartnerStanding)",10 - PartnerStanding,Unconditional Cooperator (ALL-C),"mul(DonorAction, -10)",-10*DonorAction,Unconditional Bad,100.0,100.0,0.0,0.0,100.0
2026-05-03_00-15,Local_VSCode,IR3_Config_10_R5,Indirect Reciprocity Mode 3 (Co-Evolution),2,1,10,0,0,100,1,0.5,0.0,0.0,10,100,0.1,0.5,0.2,3,1,genHalfAndHalf,1,10,17,9046,Config_10,5,"sub(1, -10)",11,Unconditional Cooperator (ALL-C),"add(-1, RecipientStanding)",RecipientStanding - 1,Unconditional Bad,100.0,90.04,0.0,0.0,100.0
2026-05-03_00-15,Local_VSCode,IR3_Config_11_R1,Indirect Reciprocity Mode 3 (Co-Evolution),2,1,10,0,0,100,1,0.5,0.0,0.0,10,100,0.5,0.5,0.2,3,1,genHalfAndHalf,1,3,17,10042,Config_11,1,"sub(1, 0)",1,Unconditional Cooperator (ALL-C),"add(-1, RecipientStanding)",RecipientStanding - 1,Unconditional Bad,100.0,69.9,0.0,0.0,100.0
2026-05-03_00-16,Local_VSCode,IR3_Config_11_R2,Indirect Reciprocity Mode 3 (Co-Evolution),2,1,10,0,0,100,1,0.5,0.0,0.0,10,100,0.5,0.5,0.2,3,1,genHalfAndHalf,1,3,17,10043,Config_11,2,"sub(PartnerStanding, 0)",PartnerStanding,Strict Discriminator,"mul(RecipientStanding, DonorAction)",DonorAction*RecipientStanding,Shunning,100.0,80.0,0.0,0.0,100.0
2026-05-03_00-16,Local_VSCode,IR3_Config_11_R3,Indirect Reciprocity Mode 3 (Co-Evolution),2,1,10,0,0,100,1,0.5,0.0,0.0,10,100,0.5,0.5,0.2,3,1,genHalfAndHalf,1,3,17,10044,Config_11,3,"sub(10, 0)",10,Unconditional Cooperator (ALL-C),"add(DonorAction, RecipientStanding)",DonorAction + RecipientStanding,"Novel Ass: (True, True, True, False)",100.0,80.0,0.0,0.0,100.0
2026-05-03_00-16,Local_VSCode,IR3_Config_11_R4,Indirect Reciprocity Mode 3 (Co-Evolution),2,1,10,0,0,100,1,0.5,0.0,0.0,10,100,0.5,0.5,0.2,3,1,genHalfAndHalf,1,3,17,10045,Config_11,4,"add(PartnerStanding, 10)",PartnerStanding + 10,Unconditional Cooperator (ALL-C),"mul(DonorAction, DonorAction)",DonorAction**2,Image Scoring,100.0,80.05,0.0,0.0,100.0
2026-05-03_00-16,Local_VSCode,IR3_Config_11_R5,Indirect Reciprocity Mode 3 (Co-Evolution),2,1,10,0,0,100,1,0.5,0.0,0.0,10,100,0.5,0.5,0.2,3,1,genHalfAndHalf,1,3,17,10046,Config_11,5,"add(10, -1)",9,Unconditional Cooperator (ALL-C),"add(-10, DonorAction)",DonorAction - 10,Unconditional Bad,100.0,80.0,0.0,0.0,100.0
2026-05-03_00-16,Local_VSCode,IR3_Config_12_R1,Indirect Reciprocity Mode 3 (Co-Evolution),2,1,10,0,0,100,1,0.5,0.0,0.0,10,100,0.5,0.5,0.2,3,1,genHalfAndHalf,1,10,17,11042,Config_12,1,"sub(10, 0)",10,Unconditional Cooperator (ALL-C),"add(DonorAction, 10)",DonorAction + 10,Unconditional Good,100.0,80.0,0.0,0.0,100.0
2026-05-03_00-16,Local_VSCode,IR3_Config_12_R2,Indirect Reciprocity Mode 3 (Co-Evolution),2,1,10,0,0,100,1,0.5,0.0,0.0,10,100,0.5,0.5,0.2,3,1,genHalfAndHalf,1,10,17,11043,Config_12,2,"sub(10, PartnerStanding)",10 - PartnerStanding,Unconditional Cooperator (ALL-C),"mul(-1, DonorAction)",-DonorAction,Unconditional Bad,100.0,80.06,0.0,0.0,100.0
2026-05-03_00-16,Local_VSCode,IR3_Config_12_R3,Indirect Reciprocity Mode 3 (Co-Evolution),2,1,10,0,0,100,1,0.5,0.0,0.0,10,100,0.5,0.5,0.2,3,1,genHalfAndHalf,1,10,17,11044,Config_12,3,"mul(PartnerStanding, PartnerStanding)",PartnerStanding**2,Strict Discriminator,"mul(1, 10)",10,Unconditional Good,100.0,80.11,0.0,0.0,100.0
2026-05-03_00-16,Local_VSCode,IR3_Config_12_R4,Indirect Reciprocity Mode 3 (Co-Evolution),2,1,10,0,0,100,1,0.5,0.0,0.0,10,100,0.5,0.5,0.2,3,1,genHalfAndHalf,1,10,17,11045,Config_12,4,"mul(10, 1)",10,Unconditional Cooperator (ALL-C),"sub(DonorAction, DonorAction)",0,Unconditional Bad,100.0,90.04,0.0,0.0,100.0
2026-05-03_00-16,Local_VSCode,IR3_Config_12_R5,Indirect Reciprocity Mode 3 (Co-Evolution),2,1,10,0,0,100,1,0.5,0.0,0.0,10,100,0.5,0.5,0.2,3,1,genHalfAndHalf,1,10,17,11046,Config_12,5,"mul(PartnerStanding, PartnerStanding)",PartnerStanding**2,Strict Discriminator,"add(DonorAction, 0)",DonorAction,Image Scoring,100.0,70.15,0.0,0.0,100.0
2026-05-03_00-17,Local_VSCode,IR3_Config_13_R1,Indirect Reciprocity Mode 3 (Co-Evolution),2,1,10,0,0,100,1,0.5,0.0,0.0,100,100,0.1,0.5,0.2,3,1,genHalfAndHalf,1,3,17,12042,Config_13,1,"add(PartnerStanding, PartnerStanding)",2*PartnerStanding,Strict Discriminator,"add(RecipientStanding, RecipientStanding)",2*RecipientStanding,"Novel Ass: (True, False, True, False)",100.0,91.02,0.0,0.0,100.0
2026-05-03_00-18,Local_VSCode,IR3_Config_13_R2,Indirect Reciprocity Mode 3 (Co-Evolution),2,1,10,0,0,100,1,0.5,0.0,0.0,100,100,0.1,0.5,0.2,3,1,genHalfAndHalf,1,3,17,12043,Config_13,2,"add(PartnerStanding, PartnerStanding)",2*PartnerStanding,Strict Discriminator,"add(RecipientStanding, DonorAction)",DonorAction + RecipientStanding,"Novel Ass: (True, True, True, False)",100.0,91.52,0.0,0.0,100.0
2026-05-03_00-19,Local_VSCode,IR3_Config_13_R3,Indirect Reciprocity Mode 3 (Co-Evolution),2,1,10,0,0,100,1,0.5,0.0,0.0,100,100,0.1,0.5,0.2,3,1,genHalfAndHalf,1,3,17,12044,Config_13,3,"add(10, PartnerStanding)",PartnerStanding + 10,Unconditional Cooperator (ALL-C),"mul(DonorAction, RecipientStanding)",DonorAction*RecipientStanding,Shunning,100.0,90.51,0.0,0.0,100.0
2026-05-03_00-21,Local_VSCode,IR3_Config_13_R4,Indirect Reciprocity Mode 3 (Co-Evolution),2,1,10,0,0,100,1,0.5,0.0,0.0,100,100,0.1,0.5,0.2,3,1,genHalfAndHalf,1,3,17,12045,Config_13,4,"sub(PartnerStanding, 0)",PartnerStanding,Strict Discriminator,"add(RecipientStanding, 0)",RecipientStanding,"Novel Ass: (True, False, True, False)",100.0,88.0,0.0,0.0,100.0
2026-05-03_00-22,Local_VSCode,IR3_Config_13_R5,Indirect Reciprocity Mode 3 (Co-Evolution),2,1,10,0,0,100,1,0.5,0.0,0.0,100,100,0.1,0.5,0.2,3,1,genHalfAndHalf,1,3,17,12046,Config_13,5,"sub(0, -1)",1,Unconditional Cooperator (ALL-C),"add(0, DonorAction)",DonorAction,Image Scoring,100.0,88.5,0.0,0.0,100.0
2026-05-03_00-23,Local_VSCode,IR3_Config_14_R1,Indirect Reciprocity Mode 3 (Co-Evolution),2,1,10,0,0,100,1,0.5,0.0,0.0,100,100,0.1,0.5,0.2,3,1,genHalfAndHalf,1,10,17,13042,Config_14,1,"add(10, PartnerStanding)",PartnerStanding + 10,Unconditional Cooperator (ALL-C),"add(DonorAction, RecipientStanding)",DonorAction + RecipientStanding,"Novel Ass: (True, True, True, False)",100.0,92.51,0.0,0.0,100.0
2026-05-03_00-25,Local_VSCode,IR3_Config_14_R2,Indirect Reciprocity Mode 3 (Co-Evolution),2,1,10,0,0,100,1,0.5,0.0,0.0,100,100,0.1,0.5,0.2,3,1,genHalfAndHalf,1,10,17,13043,Config_14,2,"mul(1, 10)",10,Unconditional Cooperator (ALL-C),"sub(RecipientStanding, DonorAction)",-DonorAction + RecipientStanding,"Novel Ass: (False, False, True, False)",100.0,92.0,0.0,0.0,100.0
2026-05-03_00-26,Local_VSCode,IR3_Config_14_R3,Indirect Reciprocity Mode 3 (Co-Evolution),2,1,10,0,0,100,1,0.5,0.0,0.0,100,100,0.1,0.5,0.2,3,1,genHalfAndHalf,1,10,17,13044,Config_14,3,"add(-1, 10)",9,Unconditional Cooperator (ALL-C),"add(RecipientStanding, DonorAction)",DonorAction + RecipientStanding,"Novel Ass: (True, True, True, False)",100.0,91.01,0.0,0.0,100.0
2026-05-03_00-28,Local_VSCode,IR3_Config_14_R4,Indirect Reciprocity Mode 3 (Co-Evolution),2,1,10,0,0,100,1,0.5,0.0,0.0,100,100,0.1,0.5,0.2,3,1,genHalfAndHalf,1,10,17,13045,Config_14,4,"sub(10, -10)",20,Unconditional Cooperator (ALL-C),"sub(DonorAction, RecipientStanding)",DonorAction - RecipientStanding,"Novel Ass: (False, True, False, False)",100.0,82.0,0.0,0.0,100.0
2026-05-03_00-29,Local_VSCode,IR3_Config_14_R5,Indirect Reciprocity Mode 3 (Co-Evolution),2,1,10,0,0,100,1,0.5,0.0,0.0,100,100,0.1,0.5,0.2,3,1,genHalfAndHalf,1,10,17,13046,Config_14,5,"mul(PartnerStanding, PartnerStanding)",PartnerStanding**2,Strict Discriminator,"add(RecipientStanding, DonorAction)",DonorAction + RecipientStanding,"Novel Ass: (True, True, True, False)",100.0,92.01,0.0,0.0,100.0
2026-05-03_00-30,Local_VSCode,IR3_Config_15_R1,Indirect Reciprocity Mode 3 (Co-Evolution),2,1,10,0,0,100,1,0.5,0.0,0.0,100,100,0.5,0.5,0.2,3,1,genHalfAndHalf,1,3,17,14042,Config_15,1,"add(PartnerStanding, PartnerStanding)",2*PartnerStanding,Strict Discriminator,"add(RecipientStanding, RecipientStanding)",2*RecipientStanding,"Novel Ass: (True, False, True, False)",100.0,93.52,0.0,0.0,100.0
2026-05-03_00-32,Local_VSCode,IR3_Config_15_R2,Indirect Reciprocity Mode 3 (Co-Evolution),2,1,10,0,0,100,1,0.5,0.0,0.0,100,100,0.5,0.5,0.2,3,1,genHalfAndHalf,1,3,17,14043,Config_15,2,"sub(10, 0)",10,Unconditional Cooperator (ALL-C),"add(DonorAction, RecipientStanding)",DonorAction + RecipientStanding,"Novel Ass: (True, True, True, False)",100.0,82.49,0.0,0.0,100.0
2026-05-03_00-33,Local_VSCode,IR3_Config_15_R3,Indirect Reciprocity Mode 3 (Co-Evolution),2,1,10,0,0,100,1,0.5,0.0,0.0,100,100,0.5,0.5,0.2,3,1,genHalfAndHalf,1,3,17,14044,Config_15,3,"mul(PartnerStanding, PartnerStanding)",PartnerStanding**2,Strict Discriminator,"mul(DonorAction, RecipientStanding)",DonorAction*RecipientStanding,Shunning,100.0,92.53,0.0,0.0,100.0
2026-05-03_00-35,Local_VSCode,IR3_Config_15_R4,Indirect Reciprocity Mode 3 (Co-Evolution),2,1,10,0,0,100,1,0.5,0.0,0.0,100,100,0.5,0.5,0.2,3,1,genHalfAndHalf,1,3,17,14045,Config_15,4,"mul(1, PartnerStanding)",PartnerStanding,Strict Discriminator,"mul(-1, -10)",10,Unconditional Good,100.0,92.02,0.0,0.0,100.0
2026-05-03_00-36,Local_VSCode,IR3_Config_15_R5,Indirect Reciprocity Mode 3 (Co-Evolution),2,1,10,0,0,100,1,0.5,0.0,0.0,100,100,0.5,0.5,0.2,3,1,genHalfAndHalf,1,3,17,14046,Config_15,5,"add(PartnerStanding, 1)",PartnerStanding + 1,Unconditional Cooperator (ALL-C),"mul(DonorAction, DonorAction)",DonorAction**2,Image Scoring,100.0,96.01,0.0,0.0,100.0
2026-05-03_00-37,Local_VSCode,IR3_Config_16_R1,Indirect Reciprocity Mode 3 (Co-Evolution),2,1,10,0,0,100,1,0.5,0.0,0.0,100,100,0.5,0.5,0.2,3,1,genHalfAndHalf,1,10,17,15042,Config_16,1,"add(PartnerStanding, 1)",PartnerStanding + 1,Unconditional Cooperator (ALL-C),"mul(RecipientStanding, RecipientStanding)",RecipientStanding**2,"Novel Ass: (True, False, True, False)",100.0,93.49,0.0,0.0,100.0
2026-05-03_00-39,Local_VSCode,IR3_Config_16_R2,Indirect Reciprocity Mode 3 (Co-Evolution),2,1,10,0,0,100,1,0.5,0.0,0.0,100,100,0.5,0.5,0.2,3,1,genHalfAndHalf,1,10,17,15043,Config_16,2,"add(PartnerStanding, 1)",PartnerStanding + 1,Unconditional Cooperator (ALL-C),"mul(0, DonorAction)",0,Unconditional Bad,100.0,93.5,0.0,0.0,100.0
2026-05-03_00-40,Local_VSCode,IR3_Config_16_R3,Indirect Reciprocity Mode 3 (Co-Evolution),2,1,10,0,0,100,1,0.5,0.0,0.0,100,100,0.5,0.5,0.2,3,1,genHalfAndHalf,1,10,17,15044,Config_16,3,"mul(1, PartnerStanding)",PartnerStanding,Strict Discriminator,"add(RecipientStanding, 1)",RecipientStanding + 1,Unconditional Good,100.0,89.02,0.0,0.0,100.0
2026-05-03_00-41,Local_VSCode,IR3_Config_16_R4,Indirect Reciprocity Mode 3 (Co-Evolution),2,1,10,0,0,100,1,0.5,0.0,0.0,100,100,0.5,0.5,0.2,3,1,genHalfAndHalf,1,10,17,15045,Config_16,4,"mul(PartnerStanding, PartnerStanding)",PartnerStanding**2,Strict Discriminator,"sub(DonorAction, -1)",DonorAction + 1,Unconditional Good,100.0,94.01,0.0,0.0,100.0
2026-05-03_00-43,Local_VSCode,IR3_Config_16_R5,Indirect Reciprocity Mode 3 (Co-Evolution),2,1,10,0,0,100,1,0.5,0.0,0.0,100,100,0.5,0.5,0.2,3,1,genHalfAndHalf,1,10,17,15046,Config_16,5,"add(PartnerStanding, 1)",PartnerStanding + 1,Unconditional Cooperator (ALL-C),"mul(DonorAction, -10)",-10*DonorAction,Unconditional Bad,100.0,95.01,0.0,0.0,100.0
2026-05-03_00-43,Local_VSCode,IR3_Config_17_R1,Indirect Reciprocity Mode 3 (Co-Evolution),2,1,10,0,10,10,1,0.5,0.0,0.0,10,100,0.1,0.5,0.2,3,1,genHalfAndHalf,1,3,17,16042,Config_17,1,"sub(mul(PartnerStanding, PartnerStanding), -10)",PartnerStanding**2 + 10,Unconditional Cooperator (ALL-C),"sub(RecipientStanding, RecipientStanding)",0,Unconditional Bad,1.07,0.14,0.0,8.93,4.76
2026-05-03_00-43,Local_VSCode,IR3_Config_17_R2,Indirect Reciprocity Mode 3 (Co-Evolution),2,1,10,0,10,10,1,0.5,0.0,0.0,10,100,0.1,0.5,0.2,3,1,genHalfAndHalf,1,3,17,16043,Config_17,2,"mul(PartnerStanding, mul(10, PartnerStanding))",10*PartnerStanding**2,Strict Discriminator,"mul(DonorAction, DonorAction)",DonorAction**2,Image Scoring,1.37,0.51,0.0,0.47,3.94
2026-05-03_00-43,Local_VSCode,IR3_Config_17_R3,Indirect Reciprocity Mode 3 (Co-Evolution),2,1,10,0,10,10,1,0.5,0.0,0.0,10,100,0.1,0.5,0.2,3,1,genHalfAndHalf,1,3,17,16044,Config_17,3,"add(PartnerStanding, PartnerStanding)",2*PartnerStanding,Strict Discriminator,"mul(DonorAction, DonorAction)",DonorAction**2,Image Scoring,1.57,0.97,0.0,0.27,4.36
2026-05-03_00-43,Local_VSCode,IR3_Config_17_R4,Indirect Reciprocity Mode 3 (Co-Evolution),2,1,10,0,10,10,1,0.5,0.0,0.0,10,100,0.1,0.5,0.2,3,1,genHalfAndHalf,1,3,17,16045,Config_17,4,"add(PartnerStanding, PartnerStanding)",2*PartnerStanding,Strict Discriminator,"sub(DonorAction, add(-1, RecipientStanding))",DonorAction - RecipientStanding + 1,Simple Standing,3.5,1.33,0.0,3.27,3.58
2026-05-03_00-43,Local_VSCode,IR3_Config_17_R5,Indirect Reciprocity Mode 3 (Co-Evolution),2,1,10,0,10,10,1,0.5,0.0,0.0,10,100,0.1,0.5,0.2,3,1,genHalfAndHalf,1,3,17,16046,Config_17,5,"mul(PartnerStanding, PartnerStanding)",PartnerStanding**2,Strict Discriminator,"mul(RecipientStanding, DonorAction)",DonorAction*RecipientStanding,Shunning,0.97,0.96,0.0,0.2,4.26
2026-05-03_00-43,Local_VSCode,IR3_Config_18_R1,Indirect Reciprocity Mode 3 (Co-Evolution),2,1,10,0,10,10,1,0.5,0.0,0.0,10,100,0.1,0.5,0.2,3,1,genHalfAndHalf,1,10,17,17042,Config_18,1,"mul(PartnerStanding, 1)",PartnerStanding,Strict Discriminator,"sub(mul(mul(DonorAction, -1), mul(10, -1)), mul(add(RecipientStanding, -1), add(1, 10)))",10*DonorAction - 11*RecipientStanding + 11,Simple Standing,3.47,1.49,0.0,3.07,3.86
2026-05-03_00-43,Local_VSCode,IR3_Config_18_R2,Indirect Reciprocity Mode 3 (Co-Evolution),2,1,10,0,10,10,1,0.5,0.0,0.0,10,100,0.1,0.5,0.2,3,1,genHalfAndHalf,1,10,17,17043,Config_18,2,"add(1, 0)",1,Unconditional Cooperator (ALL-C),"sub(DonorAction, DonorAction)",0,Unconditional Bad,0.8,-0.05,0.0,9.2,4.44
2026-05-03_00-43,Local_VSCode,IR3_Config_18_R3,Indirect Reciprocity Mode 3 (Co-Evolution),2,1,10,0,10,10,1,0.5,0.0,0.0,10,100,0.1,0.5,0.2,3,1,genHalfAndHalf,1,10,17,17044,Config_18,3,"add(PartnerStanding, 0)",PartnerStanding,Strict Discriminator,"mul(DonorAction, DonorAction)",DonorAction**2,Image Scoring,1.2,0.72,0.0,0.6,4.46
2026-05-03_00-43,Local_VSCode,IR3_Config_18_R4,Indirect Reciprocity Mode 3 (Co-Evolution),2,1,10,0,10,10,1,0.5,0.0,0.0,10,100,0.1,0.5,0.2,3,1,genHalfAndHalf,1,10,17,17045,Config_18,4,"mul(PartnerStanding, 1)",PartnerStanding,Strict Discriminator,"add(DonorAction, DonorAction)",2*DonorAction,Image Scoring,1.17,0.38,0.0,0.73,4.42
2026-05-03_00-43,Local_VSCode,IR3_Config_18_R5,Indirect Reciprocity Mode 3 (Co-Evolution),2,1,10,0,10,10,1,0.5,0.0,0.0,10,100,0.1,0.5,0.2,3,1,genHalfAndHalf,1,10,17,17046,Config_18,5,"add(mul(10, PartnerStanding), mul(0, PartnerStanding))",10*PartnerStanding,Strict Discriminator,"mul(RecipientStanding, DonorAction)",DonorAction*RecipientStanding,Shunning,1.23,0.67,0.0,0.2,4.0
2026-05-03_00-43,Local_VSCode,IR3_Config_19_R1,Indirect Reciprocity Mode 3 (Co-Evolution),2,1,10,0,10,10,1,0.5,0.0,0.0,10,100,0.5,0.5,0.2,3,1,genHalfAndHalf,1,3,17,18042,Config_19,1,"mul(PartnerStanding, PartnerStanding)",PartnerStanding**2,Strict Discriminator,"mul(RecipientStanding, RecipientStanding)",RecipientStanding**2,"Novel Ass: (True, False, True, False)",0.73,0.11,0.0,9.27,4.8
2026-05-03_00-43,Local_VSCode,IR3_Config_19_R2,Indirect Reciprocity Mode 3 (Co-Evolution),2,1,10,0,10,10,1,0.5,0.0,0.0,10,100,0.5,0.5,0.2,3,1,genHalfAndHalf,1,3,17,18043,Config_19,2,"mul(PartnerStanding, PartnerStanding)",PartnerStanding**2,Strict Discriminator,"add(DonorAction, DonorAction)",2*DonorAction,Image Scoring,1.1,0.57,0.0,0.27,3.88
2026-05-03_00-43,Local_VSCode,IR3_Config_19_R3,Indirect Reciprocity Mode 3 (Co-Evolution),2,1,10,0,10,10,1,0.5,0.0,0.0,10,100,0.5,0.5,0.2,3,1,genHalfAndHalf,1,3,17,18044,Config_19,3,"add(PartnerStanding, PartnerStanding)",2*PartnerStanding,Strict Discriminator,"mul(DonorAction, DonorAction)",DonorAction**2,Image Scoring,1.1,0.48,0.0,0.67,3.82
2026-05-03_00-44,Local_VSCode,IR3_Config_19_R4,Indirect Reciprocity Mode 3 (Co-Evolution),2,1,10,0,10,10,1,0.5,0.0,0.0,10,100,0.5,0.5,0.2,3,1,genHalfAndHalf,1,3,17,18045,Config_19,4,"add(PartnerStanding, PartnerStanding)",2*PartnerStanding,Strict Discriminator,"add(RecipientStanding, RecipientStanding)",2*RecipientStanding,"Novel Ass: (True, False, True, False)",0.8,0.15,0.0,9.2,3.92
2026-05-03_00-44,Local_VSCode,IR3_Config_19_R5,Indirect Reciprocity Mode 3 (Co-Evolution),2,1,10,0,10,10,1,0.5,0.0,0.0,10,100,0.5,0.5,0.2,3,1,genHalfAndHalf,1,3,17,18046,Config_19,5,"mul(PartnerStanding, PartnerStanding)",PartnerStanding**2,Strict Discriminator,"mul(RecipientStanding, DonorAction)",DonorAction*RecipientStanding,Shunning,1.23,0.46,0.0,0.67,4.28
2026-05-03_00-44,Local_VSCode,IR3_Config_20_R1,Indirect Reciprocity Mode 3 (Co-Evolution),2,1,10,0,10,10,1,0.5,0.0,0.0,10,100,0.5,0.5,0.2,3,1,genHalfAndHalf,1,10,17,19042,Config_20,1,"add(PartnerStanding, PartnerStanding)",2*PartnerStanding,Strict Discriminator,"add(DonorAction, DonorAction)",2*DonorAction,Image Scoring,1.03,0.25,0.0,0.6,4.7
2026-05-03_00-44,Local_VSCode,IR3_Config_20_R2,Indirect Reciprocity Mode 3 (Co-Evolution),2,1,10,0,10,10,1,0.5,0.0,0.0,10,100,0.5,0.5,0.2,3,1,genHalfAndHalf,1,10,17,19043,Config_20,2,"sub(PartnerStanding, -1)",PartnerStanding + 1,Unconditional Cooperator (ALL-C),"sub(1, 1)",0,Unconditional Bad,1.53,0.16,0.0,8.47,4.52
2026-05-03_00-44,Local_VSCode,IR3_Config_20_R3,Indirect Reciprocity Mode 3 (Co-Evolution),2,1,10,0,10,10,1,0.5,0.0,0.0,10,100,0.5,0.5,0.2,3,1,genHalfAndHalf,1,10,17,19044,Config_20,3,"add(10, 10)",20,Unconditional Cooperator (ALL-C),"sub(DonorAction, DonorAction)",0,Unconditional Bad,1.27,-0.13,0.0,8.73,4.66
2026-05-03_00-44,Local_VSCode,IR3_Config_20_R4,Indirect Reciprocity Mode 3 (Co-Evolution),2,1,10,0,10,10,1,0.5,0.0,0.0,10,100,0.5,0.5,0.2,3,1,genHalfAndHalf,1,10,17,19045,Config_20,4,"add(PartnerStanding, PartnerStanding)",2*PartnerStanding,Strict Discriminator,"mul(RecipientStanding, RecipientStanding)",RecipientStanding**2,"Novel Ass: (True, False, True, False)",0.6,0.26,0.0,9.4,4.7
2026-05-03_00-44,Local_VSCode,IR3_Config_20_R5,Indirect Reciprocity Mode 3 (Co-Evolution),2,1,10,0,10,10,1,0.5,0.0,0.0,10,100,0.5,0.5,0.2,3,1,genHalfAndHalf,1,10,17,19046,Config_20,5,"mul(PartnerStanding, PartnerStanding)",PartnerStanding**2,Strict Discriminator,"sub(1, RecipientStanding)",1 - RecipientStanding,"Novel Ass: (False, True, False, True)",1.03,0.3,0.0,3.73,4.38
2026-05-03_00-45,Local_VSCode,IR3_Config_21_R1,Indirect Reciprocity Mode 3 (Co-Evolution),2,1,10,0,10,10,1,0.5,0.0,0.0,100,100,0.1,0.5,0.2,3,1,genHalfAndHalf,1,3,17,20042,Config_21,1,"mul(PartnerStanding, PartnerStanding)",PartnerStanding**2,Strict Discriminator,"add(DonorAction, sub(1, RecipientStanding))",DonorAction - RecipientStanding + 1,Simple Standing,4.23,1.98,0.0,2.87,4.28
2026-05-03_00-45,Local_VSCode,IR3_Config_21_R2,Indirect Reciprocity Mode 3 (Co-Evolution),2,1,10,0,10,10,1,0.5,0.0,0.0,100,100,0.1,0.5,0.2,3,1,genHalfAndHalf,1,3,17,20043,Config_21,2,"add(PartnerStanding, PartnerStanding)",2*PartnerStanding,Strict Discriminator,"add(add(sub(RecipientStanding, 0), add(10, DonorAction)), add(add(DonorAction, -1), mul(RecipientStanding, -10)))",2*DonorAction - 9*RecipientStanding + 9,Simple Standing,4.2,1.72,0.0,2.53,4.38
2026-05-03_00-45,Local_VSCode,IR3_Config_21_R3,Indirect Reciprocity Mode 3 (Co-Evolution),2,1,10,0,10,10,1,0.5,0.0,0.0,100,100,0.1,0.5,0.2,3,1,genHalfAndHalf,1,3,17,20044,Config_21,3,"add(PartnerStanding, PartnerStanding)",2*PartnerStanding,Strict Discriminator,"add(DonorAction, sub(1, RecipientStanding))",DonorAction - RecipientStanding + 1,Simple Standing,4.23,2.39,0.0,2.2,3.66
2026-05-03_00-46,Local_VSCode,IR3_Config_21_R4,Indirect Reciprocity Mode 3 (Co-Evolution),2,1,10,0,10,10,1,0.5,0.0,0.0,100,100,0.1,0.5,0.2,3,1,genHalfAndHalf,1,3,17,20045,Config_21,4,"add(PartnerStanding, PartnerStanding)",2*PartnerStanding,Strict Discriminator,"sub(DonorAction, add(sub(RecipientStanding, DonorAction), add(RecipientStanding, -1)))",2*DonorAction - 2*RecipientStanding + 1,Simple Standing,4.4,2.31,0.0,2.4,4.7
2026-05-03_00-46,Local_VSCode,IR3_Config_21_R5,Indirect Reciprocity Mode 3 (Co-Evolution),2,1,10,0,10,10,1,0.5,0.0,0.0,100,100,0.1,0.5,0.2,3,1,genHalfAndHalf,1,3,17,20046,Config_21,5,"add(PartnerStanding, PartnerStanding)",2*PartnerStanding,Strict Discriminator,"sub(DonorAction, add(-1, RecipientStanding))",DonorAction - RecipientStanding + 1,Simple Standing,4.23,2.42,0.0,2.47,4.34
2026-05-03_00-46,Local_VSCode,IR3_Config_22_R1,Indirect Reciprocity Mode 3 (Co-Evolution),2,1,10,0,10,10,1,0.5,0.0,0.0,100,100,0.1,0.5,0.2,3,1,genHalfAndHalf,1,10,17,21042,Config_22,1,"mul(PartnerStanding, PartnerStanding)",PartnerStanding**2,Strict Discriminator,"add(sub(DonorAction, RecipientStanding), 1)",DonorAction - RecipientStanding + 1,Simple Standing,3.97,2.14,0.0,2.73,4.66
2026-05-03_00-47,Local_VSCode,IR3_Config_22_R2,Indirect Reciprocity Mode 3 (Co-Evolution),2,1,10,0,10,10,1,0.5,0.0,0.0,100,100,0.1,0.5,0.2,3,1,genHalfAndHalf,1,10,17,21043,Config_22,2,"mul(PartnerStanding, PartnerStanding)",PartnerStanding**2,Strict Discriminator,"mul(DonorAction, RecipientStanding)",DonorAction*RecipientStanding,Shunning,1.63,0.6,0.0,0.53,4.58
2026-05-03_00-47,Local_VSCode,IR3_Config_22_R3,Indirect Reciprocity Mode 3 (Co-Evolution),2,1,10,0,10,10,1,0.5,0.0,0.0,100,100,0.1,0.5,0.2,3,1,genHalfAndHalf,1,10,17,21044,Config_22,3,"mul(PartnerStanding, PartnerStanding)",PartnerStanding**2,Strict Discriminator,"add(sub(DonorAction, RecipientStanding), add(1, DonorAction))",2*DonorAction - RecipientStanding + 1,Simple Standing,4.5,2.42,0.0,2.87,4.48
2026-05-03_00-48,Local_VSCode,IR3_Config_22_R4,Indirect Reciprocity Mode 3 (Co-Evolution),2,1,10,0,10,10,1,0.5,0.0,0.0,100,100,0.1,0.5,0.2,3,1,genHalfAndHalf,1,10,17,21045,Config_22,4,"add(PartnerStanding, PartnerStanding)",2*PartnerStanding,Strict Discriminator,"sub(DonorAction, sub(RecipientStanding, 1))",DonorAction - RecipientStanding + 1,Simple Standing,4.27,1.96,0.0,2.47,3.8
2026-05-03_00-48,Local_VSCode,IR3_Config_22_R5,Indirect Reciprocity Mode 3 (Co-Evolution),2,1,10,0,10,10,1,0.5,0.0,0.0,100,100,0.1,0.5,0.2,3,1,genHalfAndHalf,1,10,17,21046,Config_22,5,"mul(PartnerStanding, PartnerStanding)",PartnerStanding**2,Strict Discriminator,"add(add(DonorAction, sub(DonorAction, -1)), mul(-1, RecipientStanding))",2*DonorAction - RecipientStanding + 1,Simple Standing,4.13,2.42,0.0,2.53,3.88
2026-05-03_00-48,Local_VSCode,IR3_Config_23_R1,Indirect Reciprocity Mode 3 (Co-Evolution),2,1,10,0,10,10,1,0.5,0.0,0.0,100,100,0.5,0.5,0.2,3,1,genHalfAndHalf,1,3,17,22042,Config_23,1,"mul(PartnerStanding, PartnerStanding)",PartnerStanding**2,Strict Discriminator,"add(DonorAction, sub(1, RecipientStanding))",DonorAction - RecipientStanding + 1,Simple Standing,4.23,2.48,0.0,2.07,4.84
2026-05-03_00-48,Local_VSCode,IR3_Config_23_R2,Indirect Reciprocity Mode 3 (Co-Evolution),2,1,10,0,10,10,1,0.5,0.0,0.0,100,100,0.5,0.5,0.2,3,1,genHalfAndHalf,1,3,17,22043,Config_23,2,"mul(PartnerStanding, PartnerStanding)",PartnerStanding**2,Strict Discriminator,"mul(DonorAction, DonorAction)",DonorAction**2,Image Scoring,1.83,0.75,0.0,0.27,4.24
2026-05-03_00-49,Local_VSCode,IR3_Config_23_R3,Indirect Reciprocity Mode 3 (Co-Evolution),2,1,10,0,10,10,1,0.5,0.0,0.0,100,100,0.5,0.5,0.2,3,1,genHalfAndHalf,1,3,17,22044,Config_23,3,"mul(PartnerStanding, PartnerStanding)",PartnerStanding**2,Strict Discriminator,"mul(RecipientStanding, DonorAction)",DonorAction*RecipientStanding,Shunning,1.73,0.67,0.0,0.53,4.78
2026-05-03_00-49,Local_VSCode,IR3_Config_23_R4,Indirect Reciprocity Mode 3 (Co-Evolution),2,1,10,0,10,10,1,0.5,0.0,0.0,100,100,0.5,0.5,0.2,3,1,genHalfAndHalf,1,3,17,22045,Config_23,4,"mul(PartnerStanding, PartnerStanding)",PartnerStanding**2,Strict Discriminator,"mul(DonorAction, 10)",10*DonorAction,Image Scoring,1.57,0.61,0.0,0.4,4.26
2026-05-03_00-49,Local_VSCode,IR3_Config_23_R5,Indirect Reciprocity Mode 3 (Co-Evolution),2,1,10,0,10,10,1,0.5,0.0,0.0,100,100,0.5,0.5,0.2,3,1,genHalfAndHalf,1,3,17,22046,Config_23,5,"add(PartnerStanding, PartnerStanding)",2*PartnerStanding,Strict Discriminator,"mul(DonorAction, DonorAction)",DonorAction**2,Image Scoring,1.53,0.69,0.0,0.07,4.2
2026-05-03_00-50,Local_VSCode,IR3_Config_24_R1,Indirect Reciprocity Mode 3 (Co-Evolution),2,1,10,0,10,10,1,0.5,0.0,0.0,100,100,0.5,0.5,0.2,3,1,genHalfAndHalf,1,10,17,23042,Config_24,1,"mul(PartnerStanding, PartnerStanding)",PartnerStanding**2,Strict Discriminator,"mul(DonorAction, DonorAction)",DonorAction**2,Image Scoring,1.47,0.66,0.0,0.6,4.4
2026-05-03_00-50,Local_VSCode,IR3_Config_24_R2,Indirect Reciprocity Mode 3 (Co-Evolution),2,1,10,0,10,10,1,0.5,0.0,0.0,100,100,0.5,0.5,0.2,3,1,genHalfAndHalf,1,10,17,23043,Config_24,2,"mul(-10, -10)",100,Unconditional Cooperator (ALL-C),"add(RecipientStanding, RecipientStanding)",2*RecipientStanding,"Novel Ass: (True, False, True, False)",1.27,-0.2,0.0,8.73,4.1
2026-05-03_00-51,Local_VSCode,IR3_Config_24_R3,Indirect Reciprocity Mode 3 (Co-Evolution),2,1,10,0,10,10,1,0.5,0.0,0.0,100,100,0.5,0.5,0.2,3,1,genHalfAndHalf,1,10,17,23044,Config_24,3,"add(PartnerStanding, PartnerStanding)",2*PartnerStanding,Strict Discriminator,"mul(DonorAction, RecipientStanding)",DonorAction*RecipientStanding,Shunning,1.63,0.68,0.0,0.33,4.5
2026-05-03_00-51,Local_VSCode,IR3_Config_24_R4,Indirect Reciprocity Mode 3 (Co-Evolution),2,1,10,0,10,10,1,0.5,0.0,0.0,100,100,0.5,0.5,0.2,3,1,genHalfAndHalf,1,10,17,23045,Config_24,4,"sub(PartnerStanding, 0)",PartnerStanding,Strict Discriminator,"mul(DonorAction, DonorAction)",DonorAction**2,Image Scoring,1.67,0.7,0.0,0.47,4.14
2026-05-03_00-51,Local_VSCode,IR3_Config_24_R5,Indirect Reciprocity Mode 3 (Co-Evolution),2,1,10,0,10,10,1,0.5,0.0,0.0,100,100,0.5,0.5,0.2,3,1,genHalfAndHalf,1,10,17,23046,Config_24,5,"mul(PartnerStanding, PartnerStanding)",PartnerStanding**2,Strict Discriminator,"mul(DonorAction, 1)",DonorAction,Image Scoring,1.57,0.73,0.0,0.53,4.48
2026-05-03_00-52,Local_VSCode,IR3_Config_25_R1,Indirect Reciprocity Mode 3 (Co-Evolution),2,1,10,0,10,100,1,0.5,0.0,0.0,10,100,0.1,0.5,0.2,3,1,genHalfAndHalf,1,3,17,24042,Config_25,1,"add(PartnerStanding, PartnerStanding)",2*PartnerStanding,Strict Discriminator,"add(DonorAction, sub(1, RecipientStanding))",DonorAction - RecipientStanding + 1,Simple Standing,33.33,14.6,0.0,32.67,46.76
2026-05-03_00-52,Local_VSCode,IR3_Config_25_R2,Indirect Reciprocity Mode 3 (Co-Evolution),2,1,10,0,10,100,1,0.5,0.0,0.0,10,100,0.1,0.5,0.2,3,1,genHalfAndHalf,1,3,17,24043,Config_25,2,"mul(PartnerStanding, PartnerStanding)",PartnerStanding**2,Strict Discriminator,"add(0, add(sub(DonorAction, RecipientStanding), add(1, mul(DonorAction, DonorAction))))",DonorAction**2 + DonorAction - RecipientStanding + 1,Simple Standing,33.1,28.75,0.0,32.33,47.4
2026-05-03_00-52,Local_VSCode,IR3_Config_25_R3,Indirect Reciprocity Mode 3 (Co-Evolution),2,1,10,0,10,100,1,0.5,0.0,0.0,10,100,0.1,0.5,0.2,3,1,genHalfAndHalf,1,3,17,24044,Config_25,3,"add(PartnerStanding, 0)",PartnerStanding,Strict Discriminator,"add(DonorAction, DonorAction)",2*DonorAction,Image Scoring,1.07,0.76,0.0,0.27,47.56
2026-05-03_00-52,Local_VSCode,IR3_Config_25_R4,Indirect Reciprocity Mode 3 (Co-Evolution),2,1,10,0,10,100,1,0.5,0.0,0.0,10,100,0.1,0.5,0.2,3,1,genHalfAndHalf,1,3,17,24045,Config_25,4,"mul(PartnerStanding, PartnerStanding)",PartnerStanding**2,Strict Discriminator,"mul(DonorAction, DonorAction)",DonorAction**2,Image Scoring,1.2,-0.09,0.0,0.47,46.3
2026-05-03_00-52,Local_VSCode,IR3_Config_25_R5,Indirect Reciprocity Mode 3 (Co-Evolution),2,1,10,0,10,100,1,0.5,0.0,0.0,10,100,0.1,0.5,0.2,3,1,genHalfAndHalf,1,3,17,24046,Config_25,5,"add(mul(mul(PartnerStanding, PartnerStanding), add(PartnerStanding, 10)), mul(mul(PartnerStanding, PartnerStanding), sub(0, PartnerStanding)))",10*PartnerStanding**2,Strict Discriminator,"add(add(sub(DonorAction, DonorAction), add(DonorAction, DonorAction)), add(mul(-1, RecipientStanding), sub(1, 0)))",2*DonorAction - RecipientStanding + 1,Simple Standing,33.77,20.79,0.0,30.4,46.6
2026-05-03_00-52,Local_VSCode,IR3_Config_26_R1,Indirect Reciprocity Mode 3 (Co-Evolution),2,1,10,0,10,100,1,0.5,0.0,0.0,10,100,0.1,0.5,0.2,3,1,genHalfAndHalf,1,10,17,25042,Config_26,1,"add(PartnerStanding, sub(add(PartnerStanding, PartnerStanding), sub(1, PartnerStanding)))",4*PartnerStanding - 1,Strict Discriminator,"sub(DonorAction, sub(RecipientStanding, 1))",DonorAction - RecipientStanding + 1,Simple Standing,34.57,28.1,0.0,30.0,46.5
2026-05-03_00-52,Local_VSCode,IR3_Config_26_R2,Indirect Reciprocity Mode 3 (Co-Evolution),2,1,10,0,10,100,1,0.5,0.0,0.0,10,100,0.1,0.5,0.2,3,1,genHalfAndHalf,1,10,17,25043,Config_26,2,"mul(PartnerStanding, PartnerStanding)",PartnerStanding**2,Strict Discriminator,"add(DonorAction, add(add(sub(1, RecipientStanding), sub(RecipientStanding, RecipientStanding)), sub(RecipientStanding, RecipientStanding)))",DonorAction - RecipientStanding + 1,Simple Standing,33.6,28.67,0.0,31.87,46.06
2026-05-03_00-52,Local_VSCode,IR3_Config_26_R3,Indirect Reciprocity Mode 3 (Co-Evolution),2,1,10,0,10,100,1,0.5,0.0,0.0,10,100,0.1,0.5,0.2,3,1,genHalfAndHalf,1,10,17,25044,Config_26,3,"mul(PartnerStanding, PartnerStanding)",PartnerStanding**2,Strict Discriminator,"mul(DonorAction, DonorAction)",DonorAction**2,Image Scoring,1.23,0.97,0.0,0.47,47.16
2026-05-03_00-53,Local_VSCode,IR3_Config_26_R4,Indirect Reciprocity Mode 3 (Co-Evolution),2,1,10,0,10,100,1,0.5,0.0,0.0,10,100,0.1,0.5,0.2,3,1,genHalfAndHalf,1,10,17,25045,Config_26,4,"sub(PartnerStanding, sub(PartnerStanding, PartnerStanding))",PartnerStanding,Strict Discriminator,"sub(DonorAction, 0)",DonorAction,Image Scoring,0.7,0.55,0.0,0.27,47.84
2026-05-03_00-53,Local_VSCode,IR3_Config_26_R5,Indirect Reciprocity Mode 3 (Co-Evolution),2,1,10,0,10,100,1,0.5,0.0,0.0,10,100,0.1,0.5,0.2,3,1,genHalfAndHalf,1,10,17,25046,Config_26,5,"mul(PartnerStanding, PartnerStanding)",PartnerStanding**2,Strict Discriminator,"mul(DonorAction, add(10, 0))",10*DonorAction,Image Scoring,1.13,0.72,0.0,0.27,47.64
2026-05-03_00-53,Local_VSCode,IR3_Config_27_R1,Indirect Reciprocity Mode 3 (Co-Evolution),2,1,10,0,10,100,1,0.5,0.0,0.0,10,100,0.5,0.5,0.2,3,1,genHalfAndHalf,1,3,17,26042,Config_27,1,"mul(PartnerStanding, PartnerStanding)",PartnerStanding**2,Strict Discriminator,"mul(DonorAction, DonorAction)",DonorAction**2,Image Scoring,1.27,0.82,0.0,0.2,46.98
2026-05-03_00-53,Local_VSCode,IR3_Config_27_R2,Indirect Reciprocity Mode 3 (Co-Evolution),2,1,10,0,10,100,1,0.5,0.0,0.0,10,100,0.5,0.5,0.2,3,1,genHalfAndHalf,1,3,17,26043,Config_27,2,"sub(1, PartnerStanding)",1 - PartnerStanding,Anti-Discriminator,"add(10, RecipientStanding)",RecipientStanding + 10,Unconditional Good,0.0,-4.46,0.0,0.0,47.36
2026-05-03_00-53,Local_VSCode,IR3_Config_27_R3,Indirect Reciprocity Mode 3 (Co-Evolution),2,1,10,0,10,100,1,0.5,0.0,0.0,10,100,0.5,0.5,0.2,3,1,genHalfAndHalf,1,3,17,26044,Config_27,3,"sub(1, PartnerStanding)",1 - PartnerStanding,Anti-Discriminator,"add(1, RecipientStanding)",RecipientStanding + 1,Unconditional Good,0.0,-0.63,0.0,0.0,47.62
2026-05-03_00-53,Local_VSCode,IR3_Config_27_R4,Indirect Reciprocity Mode 3 (Co-Evolution),2,1,10,0,10,100,1,0.5,0.0,0.0,10,100,0.5,0.5,0.2,3,1,genHalfAndHalf,1,3,17,26045,Config_27,4,"mul(PartnerStanding, PartnerStanding)",PartnerStanding**2,Strict Discriminator,"mul(DonorAction, DonorAction)",DonorAction**2,Image Scoring,1.23,0.53,0.0,0.27,46.6
2026-05-03_00-53,Local_VSCode,IR3_Config_27_R5,Indirect Reciprocity Mode 3 (Co-Evolution),2,1,10,0,10,100,1,0.5,0.0,0.0,10,100,0.5,0.5,0.2,3,1,genHalfAndHalf,1,3,17,26046,Config_27,5,"add(PartnerStanding, PartnerStanding)",2*PartnerStanding,Strict Discriminator,"add(DonorAction, sub(1, RecipientStanding))",DonorAction - RecipientStanding + 1,Simple Standing,33.7,24.21,0.0,31.13,47.26
2026-05-03_00-53,Local_VSCode,IR3_Config_28_R1,Indirect Reciprocity Mode 3 (Co-Evolution),2,1,10,0,10,100,1,0.5,0.0,0.0,10,100,0.5,0.5,0.2,3,1,genHalfAndHalf,1,10,17,27042,Config_28,1,"add(0, PartnerStanding)",PartnerStanding,Strict Discriminator,"mul(DonorAction, DonorAction)",DonorAction**2,Image Scoring,1.17,0.66,0.0,0.27,46.54
2026-05-03_00-54,Local_VSCode,IR3_Config_28_R2,Indirect Reciprocity Mode 3 (Co-Evolution),2,1,10,0,10,100,1,0.5,0.0,0.0,10,100,0.5,0.5,0.2,3,1,genHalfAndHalf,1,10,17,27043,Config_28,2,"mul(PartnerStanding, PartnerStanding)",PartnerStanding**2,Strict Discriminator,"sub(DonorAction, add(RecipientStanding, -1))",DonorAction - RecipientStanding + 1,Simple Standing,34.1,21.52,0.0,31.07,47.9
2026-05-03_00-54,Local_VSCode,IR3_Config_28_R3,Indirect Reciprocity Mode 3 (Co-Evolution),2,1,10,0,10,100,1,0.5,0.0,0.0,10,100,0.5,0.5,0.2,3,1,genHalfAndHalf,1,10,17,27044,Config_28,3,"add(PartnerStanding, PartnerStanding)",2*PartnerStanding,Strict Discriminator,"add(DonorAction, DonorAction)",2*DonorAction,Image Scoring,0.97,0.15,0.0,0.6,46.56
2026-05-03_00-54,Local_VSCode,IR3_Config_28_R4,Indirect Reciprocity Mode 3 (Co-Evolution),2,1,10,0,10,100,1,0.5,0.0,0.0,10,100,0.5,0.5,0.2,3,1,genHalfAndHalf,1,10,17,27045,Config_28,4,"add(PartnerStanding, PartnerStanding)",2*PartnerStanding,Strict Discriminator,"sub(1, sub(RecipientStanding, DonorAction))",DonorAction - RecipientStanding + 1,Simple Standing,32.7,15.07,0.0,32.13,47.6
2026-05-03_00-54,Local_VSCode,IR3_Config_28_R5,Indirect Reciprocity Mode 3 (Co-Evolution),2,1,10,0,10,100,1,0.5,0.0,0.0,10,100,0.5,0.5,0.2,3,1,genHalfAndHalf,1,10,17,27046,Config_28,5,"add(PartnerStanding, PartnerStanding)",2*PartnerStanding,Strict Discriminator,"add(mul(sub(sub(10, DonorAction), sub(RecipientStanding, DonorAction)), add(sub(DonorAction, RecipientStanding), sub(1, DonorAction))), DonorAction)",DonorAction + (RecipientStanding - 10)*(RecipientStanding - 1),Simple Standing,33.0,25.84,0.0,31.6,47.02
2026-05-03_00-55,Local_VSCode,IR3_Config_29_R1,Indirect Reciprocity Mode 3 (Co-Evolution),2,1,10,0,10,100,1,0.5,0.0,0.0,100,100,0.1,0.5,0.2,3,1,genHalfAndHalf,1,3,17,28042,Config_29,1,"mul(add(mul(PartnerStanding, PartnerStanding), mul(-10, -1)), PartnerStanding)",PartnerStanding*(PartnerStanding**2 + 10),Strict Discriminator,"sub(DonorAction, add(sub(-1, DonorAction), add(RecipientStanding, RecipientStanding)))",2*DonorAction - 2*RecipientStanding + 1,Simple Standing,36.37,23.98,0.0,28.13,45.82
2026-05-03_00-57,Local_VSCode,IR3_Config_29_R2,Indirect Reciprocity Mode 3 (Co-Evolution),2,1,10,0,10,100,1,0.5,0.0,0.0,100,100,0.1,0.5,0.2,3,1,genHalfAndHalf,1,3,17,28043,Config_29,2,"add(PartnerStanding, PartnerStanding)",2*PartnerStanding,Strict Discriminator,"add(1, sub(DonorAction, RecipientStanding))",DonorAction - RecipientStanding + 1,Simple Standing,34.63,20.16,0.0,30.33,45.76
2026-05-03_00-58,Local_VSCode,IR3_Config_29_R3,Indirect Reciprocity Mode 3 (Co-Evolution),2,1,10,0,10,100,1,0.5,0.0,0.0,100,100,0.1,0.5,0.2,3,1,genHalfAndHalf,1,3,17,28044,Config_29,3,"mul(PartnerStanding, PartnerStanding)",PartnerStanding**2,Strict Discriminator,"mul(DonorAction, DonorAction)",DonorAction**2,Image Scoring,1.53,-0.23,0.0,0.27,45.96
2026-05-03_01-01,Local_VSCode,IR3_Config_29_R4,Indirect Reciprocity Mode 3 (Co-Evolution),2,1,10,0,10,100,1,0.5,0.0,0.0,100,100,0.1,0.5,0.2,3,1,genHalfAndHalf,1,3,17,28045,Config_29,4,"mul(PartnerStanding, PartnerStanding)",PartnerStanding**2,Strict Discriminator,"add(sub(DonorAction, RecipientStanding), 1)",DonorAction - RecipientStanding + 1,Simple Standing,34.6,19.5,0.0,29.13,47.26
2026-05-03_01-04,Local_VSCode,IR3_Config_29_R5,Indirect Reciprocity Mode 3 (Co-Evolution),2,1,10,0,10,100,1,0.5,0.0,0.0,100,100,0.1,0.5,0.2,3,1,genHalfAndHalf,1,3,17,28046,Config_29,5,"add(PartnerStanding, PartnerStanding)",2*PartnerStanding,Strict Discriminator,"add(sub(sub(DonorAction, RecipientStanding), RecipientStanding), add(DonorAction, sub(DonorAction, -1)))",3*DonorAction - 2*RecipientStanding + 1,Simple Standing,34.03,21.03,0.0,30.73,47.82
2026-05-03_01-07,Local_VSCode,IR3_Config_30_R1,Indirect Reciprocity Mode 3 (Co-Evolution),2,1,10,0,10,100,1,0.5,0.0,0.0,100,100,0.1,0.5,0.2,3,1,genHalfAndHalf,1,10,17,29042,Config_30,1,"mul(10, PartnerStanding)",10*PartnerStanding,Strict Discriminator,"add(add(sub(10, RecipientStanding), DonorAction), add(add(1, DonorAction), -10))",2*DonorAction - RecipientStanding + 1,Simple Standing,34.3,19.89,0.0,31.33,48.2
2026-05-03_01-10,Local_VSCode,IR3_Config_30_R2,Indirect Reciprocity Mode 3 (Co-Evolution),2,1,10,0,10,100,1,0.5,0.0,0.0,100,100,0.1,0.5,0.2,3,1,genHalfAndHalf,1,10,17,29043,Config_30,2,"sub(PartnerStanding, 0)",PartnerStanding,Strict Discriminator,"sub(add(1, DonorAction), RecipientStanding)",DonorAction - RecipientStanding + 1,Simple Standing,35.13,16.15,0.0,28.4,46.26
2026-05-03_01-13,Local_VSCode,IR3_Config_30_R3,Indirect Reciprocity Mode 3 (Co-Evolution),2,1,10,0,10,100,1,0.5,0.0,0.0,100,100,0.1,0.5,0.2,3,1,genHalfAndHalf,1,10,17,29044,Config_30,3,"add(PartnerStanding, mul(PartnerStanding, PartnerStanding))",PartnerStanding*(PartnerStanding + 1),Strict Discriminator,"sub(DonorAction, add(-1, RecipientStanding))",DonorAction - RecipientStanding + 1,Simple Standing,36.3,21.07,0.0,30.2,47.22
2026-05-03_01-16,Local_VSCode,IR3_Config_30_R4,Indirect Reciprocity Mode 3 (Co-Evolution),2,1,10,0,10,100,1,0.5,0.0,0.0,100,100,0.1,0.5,0.2,3,1,genHalfAndHalf,1,10,17,29045,Config_30,4,"mul(PartnerStanding, PartnerStanding)",PartnerStanding**2,Strict Discriminator,"mul(10, add(sub(1, RecipientStanding), DonorAction))",10*DonorAction - 10*RecipientStanding + 10,Simple Standing,34.57,20.7,0.0,30.2,46.7
2026-05-03_01-18,Local_VSCode,IR3_Config_30_R5,Indirect Reciprocity Mode 3 (Co-Evolution),2,1,10,0,10,100,1,0.5,0.0,0.0,100,100,0.1,0.5,0.2,3,1,genHalfAndHalf,1,10,17,29046,Config_30,5,"mul(PartnerStanding, PartnerStanding)",PartnerStanding**2,Strict Discriminator,"mul(add(add(1, 0), sub(DonorAction, RecipientStanding)), add(0, sub(10, 0)))",10*DonorAction - 10*RecipientStanding + 10,Simple Standing,34.73,21.89,0.0,31.13,47.02
2026-05-03_01-21,Local_VSCode,IR3_Config_31_R1,Indirect Reciprocity Mode 3 (Co-Evolution),2,1,10,0,10,100,1,0.5,0.0,0.0,100,100,0.5,0.5,0.2,3,1,genHalfAndHalf,1,3,17,30042,Config_31,1,"add(PartnerStanding, PartnerStanding)",2*PartnerStanding,Strict Discriminator,"sub(DonorAction, add(-1, RecipientStanding))",DonorAction - RecipientStanding + 1,Simple Standing,34.13,21.69,0.0,31.53,47.1
2026-05-03_01-23,Local_VSCode,IR3_Config_31_R2,Indirect Reciprocity Mode 3 (Co-Evolution),2,1,10,0,10,100,1,0.5,0.0,0.0,100,100,0.5,0.5,0.2,3,1,genHalfAndHalf,1,3,17,30043,Config_31,2,"mul(PartnerStanding, PartnerStanding)",PartnerStanding**2,Strict Discriminator,"sub(add(1, DonorAction), RecipientStanding)",DonorAction - RecipientStanding + 1,Simple Standing,34.27,20.81,0.0,29.2,47.16
2026-05-03_01-26,Local_VSCode,IR3_Config_31_R3,Indirect Reciprocity Mode 3 (Co-Evolution),2,1,10,0,10,100,1,0.5,0.0,0.0,100,100,0.5,0.5,0.2,3,1,genHalfAndHalf,1,3,17,30044,Config_31,3,"add(PartnerStanding, PartnerStanding)",2*PartnerStanding,Strict Discriminator,"mul(10, sub(sub(DonorAction, -1), RecipientStanding))",10*DonorAction - 10*RecipientStanding + 10,Simple Standing,34.93,18.54,0.0,28.8,46.14
2026-05-03_01-29,Local_VSCode,IR3_Config_31_R4,Indirect Reciprocity Mode 3 (Co-Evolution),2,1,10,0,10,100,1,0.5,0.0,0.0,100,100,0.5,0.5,0.2,3,1,genHalfAndHalf,1,3,17,30045,Config_31,4,"mul(PartnerStanding, PartnerStanding)",PartnerStanding**2,Strict Discriminator,"sub(DonorAction, add(-1, RecipientStanding))",DonorAction - RecipientStanding + 1,Simple Standing,35.1,22.78,0.0,29.67,46.86
2026-05-03_01-31,Local_VSCode,IR3_Config_31_R5,Indirect Reciprocity Mode 3 (Co-Evolution),2,1,10,0,10,100,1,0.5,0.0,0.0,100,100,0.5,0.5,0.2,3,1,genHalfAndHalf,1,3,17,30046,Config_31,5,"mul(PartnerStanding, PartnerStanding)",PartnerStanding**2,Strict Discriminator,"add(sub(DonorAction, RecipientStanding), 1)",DonorAction - RecipientStanding + 1,Simple Standing,33.8,18.41,0.0,30.13,47.84
2026-05-03_01-34,Local_VSCode,IR3_Config_32_R1,Indirect Reciprocity Mode 3 (Co-Evolution),2,1,10,0,10,100,1,0.5,0.0,0.0,100,100,0.5,0.5,0.2,3,1,genHalfAndHalf,1,10,17,31042,Config_32,1,"mul(PartnerStanding, PartnerStanding)",PartnerStanding**2,Strict Discriminator,"sub(DonorAction, sub(RecipientStanding, 1))",DonorAction - RecipientStanding + 1,Simple Standing,33.8,20.74,0.0,31.27,46.94
2026-05-03_01-37,Local_VSCode,IR3_Config_32_R2,Indirect Reciprocity Mode 3 (Co-Evolution),2,1,10,0,10,100,1,0.5,0.0,0.0,100,100,0.5,0.5,0.2,3,1,genHalfAndHalf,1,10,17,31043,Config_32,2,"mul(PartnerStanding, PartnerStanding)",PartnerStanding**2,Strict Discriminator,"add(DonorAction, sub(1, RecipientStanding))",DonorAction - RecipientStanding + 1,Simple Standing,35.97,19.5,0.0,29.07,47.24
2026-05-03_01-39,Local_VSCode,IR3_Config_32_R3,Indirect Reciprocity Mode 3 (Co-Evolution),2,1,10,0,10,100,1,0.5,0.0,0.0,100,100,0.5,0.5,0.2,3,1,genHalfAndHalf,1,10,17,31044,Config_32,3,"add(PartnerStanding, PartnerStanding)",2*PartnerStanding,Strict Discriminator,"mul(DonorAction, DonorAction)",DonorAction**2,Image Scoring,1.47,0.52,0.0,0.47,47.4
2026-05-03_01-42,Local_VSCode,IR3_Config_32_R4,Indirect Reciprocity Mode 3 (Co-Evolution),2,1,10,0,10,100,1,0.5,0.0,0.0,100,100,0.5,0.5,0.2,3,1,genHalfAndHalf,1,10,17,31045,Config_32,4,"add(PartnerStanding, PartnerStanding)",2*PartnerStanding,Strict Discriminator,"sub(add(DonorAction, 1), RecipientStanding)",DonorAction - RecipientStanding + 1,Simple Standing,33.73,20.57,0.0,32.33,47.16
2026-05-03_01-45,Local_VSCode,IR3_Config_32_R5,Indirect Reciprocity Mode 3 (Co-Evolution),2,1,10,0,10,100,1,0.5,0.0,0.0,100,100,0.5,0.5,0.2,3,1,genHalfAndHalf,1,10,17,31046,Config_32,5,"mul(PartnerStanding, PartnerStanding)",PartnerStanding**2,Strict Discriminator,"mul(DonorAction, DonorAction)",DonorAction**2,Image Scoring,1.6,0.52,0.0,0.73,46.34
2026-05-03_01-45,Local_VSCode,IR3_Config_33_R1,Indirect Reciprocity Mode 3 (Co-Evolution),2,1,10,10,0,10,1,0.5,0.0,0.0,10,100,0.1,0.5,0.2,3,1,genHalfAndHalf,1,3,17,32042,Config_33,1,"sub(mul(-10, PartnerStanding), -10)",10 - 10*PartnerStanding,Anti-Discriminator,"add(DonorAction, DonorAction)",2*DonorAction,Image Scoring,14.87,12.75,-1.4,0.0,9.08
2026-05-03_01-45,Local_VSCode,IR3_Config_33_R2,Indirect Reciprocity Mode 3 (Co-Evolution),2,1,10,10,0,10,1,0.5,0.0,0.0,10,100,0.1,0.5,0.2,3,1,genHalfAndHalf,1,3,17,32043,Config_33,2,"mul(-10, -10)",100,Unconditional Cooperator (ALL-C),"sub(mul(RecipientStanding, mul(DonorAction, DonorAction)), 10)",DonorAction**2*RecipientStanding - 10,Unconditional Bad,11.93,10.49,8.07,0.0,10.08
2026-05-03_01-45,Local_VSCode,IR3_Config_33_R3,Indirect Reciprocity Mode 3 (Co-Evolution),2,1,10,10,0,10,1,0.5,0.0,0.0,10,100,0.1,0.5,0.2,3,1,genHalfAndHalf,1,3,17,32044,Config_33,3,"mul(sub(PartnerStanding, PartnerStanding), add(0, PartnerStanding))",0,Unconditional Defector (ALL-D),"sub(RecipientStanding, RecipientStanding)",0,Unconditional Bad,12.67,11.73,-2.67,0.0,10.44
2026-05-03_01-45,Local_VSCode,IR3_Config_33_R4,Indirect Reciprocity Mode 3 (Co-Evolution),2,1,10,10,0,10,1,0.5,0.0,0.0,10,100,0.1,0.5,0.2,3,1,genHalfAndHalf,1,3,17,32045,Config_33,4,"sub(-10, -10)",0,Unconditional Defector (ALL-D),"sub(RecipientStanding, RecipientStanding)",0,Unconditional Bad,12.2,11.11,-2.2,0.0,10.84
2026-05-03_01-45,Local_VSCode,IR3_Config_33_R5,Indirect Reciprocity Mode 3 (Co-Evolution),2,1,10,10,0,10,1,0.5,0.0,0.0,10,100,0.1,0.5,0.2,3,1,genHalfAndHalf,1,3,17,32046,Config_33,5,"add(PartnerStanding, PartnerStanding)",2*PartnerStanding,Strict Discriminator,"mul(add(DonorAction, -1), add(-1, -1))",2 - 2*DonorAction,"Novel Ass: (False, False, True, True)",14.63,12.88,-1.33,0.0,10.12
2026-05-03_01-45,Local_VSCode,IR3_Config_34_R1,Indirect Reciprocity Mode 3 (Co-Evolution),2,1,10,10,0,10,1,0.5,0.0,0.0,10,100,0.1,0.5,0.2,3,1,genHalfAndHalf,1,10,17,33042,Config_34,1,"sub(PartnerStanding, PartnerStanding)",0,Unconditional Defector (ALL-D),"mul(RecipientStanding, -10)",-10*RecipientStanding,Unconditional Bad,11.73,10.93,-1.73,0.0,9.24
2026-05-03_01-45,Local_VSCode,IR3_Config_34_R2,Indirect Reciprocity Mode 3 (Co-Evolution),2,1,10,10,0,10,1,0.5,0.0,0.0,10,100,0.1,0.5,0.2,3,1,genHalfAndHalf,1,10,17,33043,Config_34,2,"add(PartnerStanding, sub(PartnerStanding, PartnerStanding))",PartnerStanding,Strict Discriminator,"add(sub(sub(1, DonorAction), DonorAction), DonorAction)",1 - DonorAction,"Novel Ass: (False, False, True, True)",15.37,11.29,-1.6,0.0,9.52
2026-05-03_01-45,Local_VSCode,IR3_Config_34_R3,Indirect Reciprocity Mode 3 (Co-Evolution),2,1,10,10,0,10,1,0.5,0.0,0.0,10,100,0.1,0.5,0.2,3,1,genHalfAndHalf,1,10,17,33044,Config_34,3,"sub(1, PartnerStanding)",1 - PartnerStanding,Anti-Discriminator,"sub(add(DonorAction, DonorAction), DonorAction)",DonorAction,Image Scoring,15.0,12.73,-1.6,0.0,9.76
2026-05-03_01-45,Local_VSCode,IR3_Config_34_R4,Indirect Reciprocity Mode 3 (Co-Evolution),2,1,10,10,0,10,1,0.5,0.0,0.0,10,100,0.1,0.5,0.2,3,1,genHalfAndHalf,1,10,17,33045,Config_34,4,"sub(0, 0)",0,Unconditional Defector (ALL-D),"sub(mul(RecipientStanding, 10), -1)",10*RecipientStanding + 1,Unconditional Good,12.0,10.45,-2.0,0.0,10.56
2026-05-03_01-45,Local_VSCode,IR3_Config_34_R5,Indirect Reciprocity Mode 3 (Co-Evolution),2,1,10,10,0,10,1,0.5,0.0,0.0,10,100,0.1,0.5,0.2,3,1,genHalfAndHalf,1,10,17,33046,Config_34,5,"sub(PartnerStanding, PartnerStanding)",0,Unconditional Defector (ALL-D),"mul(RecipientStanding, DonorAction)",DonorAction*RecipientStanding,Shunning,11.8,10.53,-1.8,0.0,10.0
2026-05-03_01-45,Local_VSCode,IR3_Config_35_R1,Indirect Reciprocity Mode 3 (Co-Evolution),2,1,10,10,0,10,1,0.5,0.0,0.0,10,100,0.5,0.5,0.2,3,1,genHalfAndHalf,1,3,17,34042,Config_35,1,"mul(-1, -1)",1,Unconditional Cooperator (ALL-C),"sub(DonorAction, DonorAction)",0,Unconditional Bad,12.2,10.87,7.8,0.0,10.04
2026-05-03_01-46,Local_VSCode,IR3_Config_35_R2,Indirect Reciprocity Mode 3 (Co-Evolution),2,1,10,10,0,10,1,0.5,0.0,0.0,10,100,0.5,0.5,0.2,3,1,genHalfAndHalf,1,3,17,34043,Config_35,2,"mul(-1, sub(-1, mul(PartnerStanding, -1)))",1 - PartnerStanding,Anti-Discriminator,"add(DonorAction, DonorAction)",2*DonorAction,Image Scoring,15.2,14.1,-2.07,0.0,10.24
2026-05-03_01-46,Local_VSCode,IR3_Config_35_R3,Indirect Reciprocity Mode 3 (Co-Evolution),2,1,10,10,0,10,1,0.5,0.0,0.0,10,100,0.5,0.5,0.2,3,1,genHalfAndHalf,1,3,17,34044,Config_35,3,"sub(1, PartnerStanding)",1 - PartnerStanding,Anti-Discriminator,"add(DonorAction, DonorAction)",2*DonorAction,Image Scoring,14.67,12.79,-1.53,0.0,11.24
2026-05-03_01-46,Local_VSCode,IR3_Config_35_R4,Indirect Reciprocity Mode 3 (Co-Evolution),2,1,10,10,0,10,1,0.5,0.0,0.0,10,100,0.5,0.5,0.2,3,1,genHalfAndHalf,1,3,17,34045,Config_35,4,"sub(1, PartnerStanding)",1 - PartnerStanding,Anti-Discriminator,"add(DonorAction, DonorAction)",2*DonorAction,Image Scoring,15.03,12.9,-1.87,0.0,8.44
2026-05-03_01-46,Local_VSCode,IR3_Config_35_R5,Indirect Reciprocity Mode 3 (Co-Evolution),2,1,10,10,0,10,1,0.5,0.0,0.0,10,100,0.5,0.5,0.2,3,1,genHalfAndHalf,1,3,17,34046,Config_35,5,"mul(10, 10)",100,Unconditional Cooperator (ALL-C),"sub(DonorAction, DonorAction)",0,Unconditional Bad,11.93,10.48,8.07,0.0,10.76
2026-05-03_01-46,Local_VSCode,IR3_Config_36_R1,Indirect Reciprocity Mode 3 (Co-Evolution),2,1,10,10,0,10,1,0.5,0.0,0.0,10,100,0.5,0.5,0.2,3,1,genHalfAndHalf,1,10,17,35042,Config_36,1,"mul(10, 10)",100,Unconditional Cooperator (ALL-C),"sub(DonorAction, RecipientStanding)",DonorAction - RecipientStanding,"Novel Ass: (False, True, False, False)",12.4,10.64,7.6,0.0,10.52
2026-05-03_01-46,Local_VSCode,IR3_Config_36_R2,Indirect Reciprocity Mode 3 (Co-Evolution),2,1,10,10,0,10,1,0.5,0.0,0.0,10,100,0.5,0.5,0.2,3,1,genHalfAndHalf,1,10,17,35043,Config_36,2,"add(PartnerStanding, PartnerStanding)",2*PartnerStanding,Strict Discriminator,"sub(1, DonorAction)",1 - DonorAction,"Novel Ass: (False, False, True, True)",14.4,12.91,-0.87,0.0,9.68
2026-05-03_01-46,Local_VSCode,IR3_Config_36_R3,Indirect Reciprocity Mode 3 (Co-Evolution),2,1,10,10,0,10,1,0.5,0.0,0.0,10,100,0.5,0.5,0.2,3,1,genHalfAndHalf,1,10,17,35044,Config_36,3,"mul(1, PartnerStanding)",PartnerStanding,Strict Discriminator,"sub(DonorAction, DonorAction)",0,Unconditional Bad,11.67,11.46,-1.13,0.0,9.88
2026-05-03_01-46,Local_VSCode,IR3_Config_36_R4,Indirect Reciprocity Mode 3 (Co-Evolution),2,1,10,10,0,10,1,0.5,0.0,0.0,10,100,0.5,0.5,0.2,3,1,genHalfAndHalf,1,10,17,35045,Config_36,4,"add(0, PartnerStanding)",PartnerStanding,Strict Discriminator,"sub(10, 10)",0,Unconditional Bad,12.03,11.76,-1.53,0.0,9.8
2026-05-03_01-46,Local_VSCode,IR3_Config_36_R5,Indirect Reciprocity Mode 3 (Co-Evolution),2,1,10,10,0,10,1,0.5,0.0,0.0,10,100,0.5,0.5,0.2,3,1,genHalfAndHalf,1,10,17,35046,Config_36,5,"add(-10, -10)",-20,Unconditional Defector (ALL-D),"mul(-10, -10)",100,Unconditional Good,11.87,11.29,-1.87,0.0,10.0
2026-05-03_01-47,Local_VSCode,IR3_Config_37_R1,Indirect Reciprocity Mode 3 (Co-Evolution),2,1,10,10,0,10,1,0.5,0.0,0.0,100,100,0.1,0.5,0.2,3,1,genHalfAndHalf,1,3,17,36042,Config_37,1,"add(PartnerStanding, PartnerStanding)",2*PartnerStanding,Strict Discriminator,"add(RecipientStanding, sub(1, add(RecipientStanding, DonorAction)))",1 - DonorAction,"Novel Ass: (False, False, True, True)",15.0,12.55,-1.2,0.0,9.8
2026-05-03_01-47,Local_VSCode,IR3_Config_37_R2,Indirect Reciprocity Mode 3 (Co-Evolution),2,1,10,10,0,10,1,0.5,0.0,0.0,100,100,0.1,0.5,0.2,3,1,genHalfAndHalf,1,3,17,36043,Config_37,2,"mul(PartnerStanding, PartnerStanding)",PartnerStanding**2,Strict Discriminator,"sub(sub(sub(0, DonorAction), RecipientStanding), -1)",-DonorAction - RecipientStanding + 1,"Novel Ass: (False, False, False, True)",15.27,12.63,-1.93,0.0,10.32
2026-05-03_01-47,Local_VSCode,IR3_Config_37_R3,Indirect Reciprocity Mode 3 (Co-Evolution),2,1,10,10,0,10,1,0.5,0.0,0.0,100,100,0.1,0.5,0.2,3,1,genHalfAndHalf,1,3,17,36044,Config_37,3,"sub(PartnerStanding, PartnerStanding)",0,Unconditional Defector (ALL-D),"sub(DonorAction, RecipientStanding)",DonorAction - RecipientStanding,"Novel Ass: (False, True, False, False)",12.53,11.12,-2.53,0.0,10.08
2026-05-03_01-48,Local_VSCode,IR3_Config_37_R4,Indirect Reciprocity Mode 3 (Co-Evolution),2,1,10,10,0,10,1,0.5,0.0,0.0,100,100,0.1,0.5,0.2,3,1,genHalfAndHalf,1,3,17,36045,Config_37,4,"add(0, sub(mul(PartnerStanding, 0), sub(PartnerStanding, 1)))",1 - PartnerStanding,Anti-Discriminator,"mul(DonorAction, 10)",10*DonorAction,Image Scoring,15.47,12.91,-2.4,0.0,9.52
2026-05-03_01-48,Local_VSCode,IR3_Config_37_R5,Indirect Reciprocity Mode 3 (Co-Evolution),2,1,10,10,0,10,1,0.5,0.0,0.0,100,100,0.1,0.5,0.2,3,1,genHalfAndHalf,1,3,17,36046,Config_37,5,"mul(PartnerStanding, PartnerStanding)",PartnerStanding**2,Strict Discriminator,"sub(1, DonorAction)",1 - DonorAction,"Novel Ass: (False, False, True, True)",15.83,13.03,-2.27,0.0,8.72
2026-05-03_01-49,Local_VSCode,IR3_Config_38_R1,Indirect Reciprocity Mode 3 (Co-Evolution),2,1,10,10,0,10,1,0.5,0.0,0.0,100,100,0.1,0.5,0.2,3,1,genHalfAndHalf,1,10,17,37042,Config_38,1,"add(sub(1, PartnerStanding), mul(sub(1, PartnerStanding), 0))",1 - PartnerStanding,Anti-Discriminator,"sub(DonorAction, 0)",DonorAction,Image Scoring,15.8,12.49,-2.6,0.0,10.32
2026-05-03_01-49,Local_VSCode,IR3_Config_38_R2,Indirect Reciprocity Mode 3 (Co-Evolution),2,1,10,10,0,10,1,0.5,0.0,0.0,100,100,0.1,0.5,0.2,3,1,genHalfAndHalf,1,10,17,37043,Config_38,2,"sub(1, PartnerStanding)",1 - PartnerStanding,Anti-Discriminator,"mul(DonorAction, DonorAction)",DonorAction**2,Image Scoring,15.47,12.72,-2.07,0.0,10.68
2026-05-03_01-50,Local_VSCode,IR3_Config_38_R3,Indirect Reciprocity Mode 3 (Co-Evolution),2,1,10,10,0,10,1,0.5,0.0,0.0,100,100,0.1,0.5,0.2,3,1,genHalfAndHalf,1,10,17,37044,Config_38,3,"add(sub(1, PartnerStanding), sub(sub(1, PartnerStanding), PartnerStanding))",2 - 3*PartnerStanding,Anti-Discriminator,"mul(DonorAction, 1)",DonorAction,Image Scoring,15.7,13.08,-2.47,0.0,9.48
2026-05-03_01-50,Local_VSCode,IR3_Config_38_R4,Indirect Reciprocity Mode 3 (Co-Evolution),2,1,10,10,0,10,1,0.5,0.0,0.0,100,100,0.1,0.5,0.2,3,1,genHalfAndHalf,1,10,17,37045,Config_38,4,"sub(1, PartnerStanding)",1 - PartnerStanding,Anti-Discriminator,"add(mul(RecipientStanding, 0), mul(DonorAction, DonorAction))",DonorAction**2,Image Scoring,16.1,13.06,-2.8,0.0,9.16
2026-05-03_01-51,Local_VSCode,IR3_Config_38_R5,Indirect Reciprocity Mode 3 (Co-Evolution),2,1,10,10,0,10,1,0.5,0.0,0.0,100,100,0.1,0.5,0.2,3,1,genHalfAndHalf,1,10,17,37046,Config_38,5,"add(PartnerStanding, PartnerStanding)",2*PartnerStanding,Strict Discriminator,"sub(1, DonorAction)",1 - DonorAction,"Novel Ass: (False, False, True, True)",15.27,13.09,-1.87,0.0,8.76
2026-05-03_01-51,Local_VSCode,IR3_Config_39_R1,Indirect Reciprocity Mode 3 (Co-Evolution),2,1,10,10,0,10,1,0.5,0.0,0.0,100,100,0.5,0.5,0.2,3,1,genHalfAndHalf,1,3,17,38042,Config_39,1,"mul(PartnerStanding, PartnerStanding)",PartnerStanding**2,Strict Discriminator,"sub(1, DonorAction)",1 - DonorAction,"Novel Ass: (False, False, True, True)",15.37,13.04,-2.0,0.0,10.04
2026-05-03_01-51,Local_VSCode,IR3_Config_39_R2,Indirect Reciprocity Mode 3 (Co-Evolution),2,1,10,10,0,10,1,0.5,0.0,0.0,100,100,0.5,0.5,0.2,3,1,genHalfAndHalf,1,3,17,38043,Config_39,2,"sub(1, PartnerStanding)",1 - PartnerStanding,Anti-Discriminator,"add(DonorAction, DonorAction)",2*DonorAction,Image Scoring,15.7,13.01,-2.2,0.0,10.24
2026-05-03_01-52,Local_VSCode,IR3_Config_39_R3,Indirect Reciprocity Mode 3 (Co-Evolution),2,1,10,10,0,10,1,0.5,0.0,0.0,100,100,0.5,0.5,0.2,3,1,genHalfAndHalf,1,3,17,38044,Config_39,3,"add(0, PartnerStanding)",PartnerStanding,Strict Discriminator,"sub(1, DonorAction)",1 - DonorAction,"Novel Ass: (False, False, True, True)",15.2,13.36,-1.53,0.0,8.84
2026-05-03_01-52,Local_VSCode,IR3_Config_39_R4,Indirect Reciprocity Mode 3 (Co-Evolution),2,1,10,10,0,10,1,0.5,0.0,0.0,100,100,0.5,0.5,0.2,3,1,genHalfAndHalf,1,3,17,38045,Config_39,4,"add(10, 10)",20,Unconditional Cooperator (ALL-C),"mul(10, 10)",100,Unconditional Good,13.13,10.87,6.87,0.0,9.68
2026-05-03_01-52,Local_VSCode,IR3_Config_39_R5,Indirect Reciprocity Mode 3 (Co-Evolution),2,1,10,10,0,10,1,0.5,0.0,0.0,100,100,0.5,0.5,0.2,3,1,genHalfAndHalf,1,3,17,38046,Config_39,5,"mul(PartnerStanding, PartnerStanding)",PartnerStanding**2,Strict Discriminator,"sub(1, DonorAction)",1 - DonorAction,"Novel Ass: (False, False, True, True)",15.3,12.83,-1.33,0.0,10.24
2026-05-03_01-52,Local_VSCode,IR3_Config_40_R1,Indirect Reciprocity Mode 3 (Co-Evolution),2,1,10,10,0,10,1,0.5,0.0,0.0,100,100,0.5,0.5,0.2,3,1,genHalfAndHalf,1,10,17,39042,Config_40,1,"sub(1, PartnerStanding)",1 - PartnerStanding,Anti-Discriminator,"add(DonorAction, DonorAction)",2*DonorAction,Image Scoring,15.17,12.83,-1.53,0.0,10.72
2026-05-03_01-53,Local_VSCode,IR3_Config_40_R2,Indirect Reciprocity Mode 3 (Co-Evolution),2,1,10,10,0,10,1,0.5,0.0,0.0,100,100,0.5,0.5,0.2,3,1,genHalfAndHalf,1,10,17,39043,Config_40,2,"mul(PartnerStanding, PartnerStanding)",PartnerStanding**2,Strict Discriminator,"sub(1, DonorAction)",1 - DonorAction,"Novel Ass: (False, False, True, True)",15.3,12.77,-1.27,0.0,9.8
2026-05-03_01-53,Local_VSCode,IR3_Config_40_R3,Indirect Reciprocity Mode 3 (Co-Evolution),2,1,10,10,0,10,1,0.5,0.0,0.0,100,100,0.5,0.5,0.2,3,1,genHalfAndHalf,1,10,17,39044,Config_40,3,"add(PartnerStanding, PartnerStanding)",2*PartnerStanding,Strict Discriminator,"sub(1, DonorAction)",1 - DonorAction,"Novel Ass: (False, False, True, True)",15.47,12.93,-1.87,0.0,9.24
2026-05-03_01-53,Local_VSCode,IR3_Config_40_R4,Indirect Reciprocity Mode 3 (Co-Evolution),2,1,10,10,0,10,1,0.5,0.0,0.0,100,100,0.5,0.5,0.2,3,1,genHalfAndHalf,1,10,17,39045,Config_40,4,"sub(1, 1)",0,Unconditional Defector (ALL-D),"sub(-1, -1)",0,Unconditional Bad,12.27,11.17,-2.27,0.0,9.4
2026-05-03_01-53,Local_VSCode,IR3_Config_40_R5,Indirect Reciprocity Mode 3 (Co-Evolution),2,1,10,10,0,10,1,0.5,0.0,0.0,100,100,0.5,0.5,0.2,3,1,genHalfAndHalf,1,10,17,39046,Config_40,5,"add(PartnerStanding, PartnerStanding)",2*PartnerStanding,Strict Discriminator,"sub(1, DonorAction)",1 - DonorAction,"Novel Ass: (False, False, True, True)",15.33,13.13,-1.87,0.0,9.84
2026-05-03_01-53,Local_VSCode,IR3_Config_41_R1,Indirect Reciprocity Mode 3 (Co-Evolution),2,1,10,10,0,100,1,0.5,0.0,0.0,10,100,0.1,0.5,0.2,3,1,genHalfAndHalf,1,3,17,40042,Config_41,1,"add(-1, PartnerStanding)",PartnerStanding - 1,Unconditional Defector (ALL-D),"add(10, sub(DonorAction, RecipientStanding))",DonorAction - RecipientStanding + 10,Unconditional Good,110.87,106.3,-10.87,0.0,102.64
2026-05-03_01-54,Local_VSCode,IR3_Config_41_R2,Indirect Reciprocity Mode 3 (Co-Evolution),2,1,10,10,0,100,1,0.5,0.0,0.0,10,100,0.1,0.5,0.2,3,1,genHalfAndHalf,1,3,17,40043,Config_41,2,"mul(PartnerStanding, add(sub(mul(PartnerStanding, PartnerStanding), sub(-1, -10)), add(mul(PartnerStanding, PartnerStanding), add(-1, 1))))",PartnerStanding*(2*PartnerStanding**2 - 9),Unconditional Defector (ALL-D),"add(DonorAction, sub(10, DonorAction))",10,Unconditional Good,112.4,105.38,-12.4,0.0,100.32
2026-05-03_01-54,Local_VSCode,IR3_Config_41_R3,Indirect Reciprocity Mode 3 (Co-Evolution),2,1,10,10,0,100,1,0.5,0.0,0.0,10,100,0.1,0.5,0.2,3,1,genHalfAndHalf,1,3,17,40044,Config_41,3,"sub(sub(1, PartnerStanding), mul(-10, 0))",1 - PartnerStanding,Anti-Discriminator,"sub(DonorAction, sub(RecipientStanding, DonorAction))",2*DonorAction - RecipientStanding,Image Scoring,141.73,136.35,-8.6,0.0,96.76
2026-05-03_01-54,Local_VSCode,IR3_Config_41_R4,Indirect Reciprocity Mode 3 (Co-Evolution),2,1,10,10,0,100,1,0.5,0.0,0.0,10,100,0.1,0.5,0.2,3,1,genHalfAndHalf,1,3,17,40045,Config_41,4,"mul(mul(sub(-1, PartnerStanding), 10), mul(mul(mul(mul(-1, -1), add(sub(1, 10), PartnerStanding)), -1), add(-1, PartnerStanding)))",10*(PartnerStanding - 9)*(PartnerStanding - 1)*(PartnerStanding + 1),Anti-Discriminator,"mul(DonorAction, DonorAction)",DonorAction**2,Image Scoring,140.87,125.83,-8.33,0.0,101.04
2026-05-03_01-54,Local_VSCode,IR3_Config_41_R5,Indirect Reciprocity Mode 3 (Co-Evolution),2,1,10,10,0,100,1,0.5,0.0,0.0,10,100,0.1,0.5,0.2,3,1,genHalfAndHalf,1,3,17,40046,Config_41,5,"mul(sub(1, 10), 1)",-9,Unconditional Defector (ALL-D),"sub(RecipientStanding, RecipientStanding)",0,Unconditional Bad,110.6,106.22,-10.6,0.0,100.52
2026-05-03_01-54,Local_VSCode,IR3_Config_42_R1,Indirect Reciprocity Mode 3 (Co-Evolution),2,1,10,10,0,100,1,0.5,0.0,0.0,10,100,0.1,0.5,0.2,3,1,genHalfAndHalf,1,10,17,41042,Config_42,1,"mul(PartnerStanding, add(mul(-10, PartnerStanding), -10))",-10*PartnerStanding*(PartnerStanding + 1),Unconditional Defector (ALL-D),"sub(RecipientStanding, RecipientStanding)",0,Unconditional Bad,110.27,107.3,-10.27,0.0,104.84
2026-05-03_01-54,Local_VSCode,IR3_Config_42_R2,Indirect Reciprocity Mode 3 (Co-Evolution),2,1,10,10,0,100,1,0.5,0.0,0.0,10,100,0.1,0.5,0.2,3,1,genHalfAndHalf,1,10,17,41043,Config_42,2,"mul(0, 0)",0,Unconditional Defector (ALL-D),"add(RecipientStanding, RecipientStanding)",2*RecipientStanding,"Novel Ass: (True, False, True, False)",110.87,106.33,-10.87,0.0,103.44
2026-05-03_01-54,Local_VSCode,IR3_Config_42_R3,Indirect Reciprocity Mode 3 (Co-Evolution),2,1,10,10,0,100,1,0.5,0.0,0.0,10,100,0.1,0.5,0.2,3,1,genHalfAndHalf,1,10,17,41044,Config_42,3,"mul(mul(sub(-1, 0), add(PartnerStanding, 0)), sub(mul(-10, PartnerStanding), 0))",10*PartnerStanding**2,Strict Discriminator,"sub(1, add(DonorAction, DonorAction))",1 - 2*DonorAction,"Novel Ass: (False, False, True, True)",140.9,124.96,-8.53,0.0,101.52
2026-05-03_01-54,Local_VSCode,IR3_Config_42_R4,Indirect Reciprocity Mode 3 (Co-Evolution),2,1,10,10,0,100,1,0.5,0.0,0.0,10,100,0.1,0.5,0.2,3,1,genHalfAndHalf,1,10,17,41045,Config_42,4,"mul(-1, add(mul(add(1, 10), add(PartnerStanding, -1)), mul(mul(PartnerStanding, 10), mul(0, PartnerStanding))))",11 - 11*PartnerStanding,Anti-Discriminator,"mul(DonorAction, add(DonorAction, DonorAction))",2*DonorAction**2,Image Scoring,142.07,130.9,-9.67,0.0,100.56
2026-05-03_01-55,Local_VSCode,IR3_Config_42_R5,Indirect Reciprocity Mode 3 (Co-Evolution),2,1,10,10,0,100,1,0.5,0.0,0.0,10,100,0.1,0.5,0.2,3,1,genHalfAndHalf,1,10,17,41046,Config_42,5,"mul(sub(1, PartnerStanding), sub(1, PartnerStanding))",(PartnerStanding - 1)**2,Anti-Discriminator,"mul(DonorAction, DonorAction)",DonorAction**2,Image Scoring,140.1,128.04,-8.53,0.0,103.04
2026-05-03_01-55,Local_VSCode,IR3_Config_43_R1,Indirect Reciprocity Mode 3 (Co-Evolution),2,1,10,10,0,100,1,0.5,0.0,0.0,10,100,0.5,0.5,0.2,3,1,genHalfAndHalf,1,3,17,42042,Config_43,1,"mul(-1, PartnerStanding)",-PartnerStanding,Unconditional Defector (ALL-D),"sub(RecipientStanding, DonorAction)",-DonorAction + RecipientStanding,"Novel Ass: (False, False, True, False)",109.13,105.93,-9.13,0.0,100.04
2026-05-03_01-55,Local_VSCode,IR3_Config_43_R2,Indirect Reciprocity Mode 3 (Co-Evolution),2,1,10,10,0,100,1,0.5,0.0,0.0,10,100,0.5,0.5,0.2,3,1,genHalfAndHalf,1,3,17,42043,Config_43,2,"add(PartnerStanding, -1)",PartnerStanding - 1,Unconditional Defector (ALL-D),"sub(DonorAction, mul(DonorAction, RecipientStanding))",DonorAction*(1 - RecipientStanding),"Novel Ass: (False, True, False, False)",112.13,107.23,-12.13,0.0,100.72
2026-05-03_01-55,Local_VSCode,IR3_Config_43_R3,Indirect Reciprocity Mode 3 (Co-Evolution),2,1,10,10,0,100,1,0.5,0.0,0.0,10,100,0.5,0.5,0.2,3,1,genHalfAndHalf,1,3,17,42044,Config_43,3,"sub(-10, -10)",0,Unconditional Defector (ALL-D),"mul(-1, -1)",1,Unconditional Good,108.73,107.11,-8.73,0.0,101.52
2026-05-03_01-55,Local_VSCode,IR3_Config_43_R4,Indirect Reciprocity Mode 3 (Co-Evolution),2,1,10,10,0,100,1,0.5,0.0,0.0,10,100,0.5,0.5,0.2,3,1,genHalfAndHalf,1,3,17,42045,Config_43,4,"mul(PartnerStanding, -10)",-10*PartnerStanding,Unconditional Defector (ALL-D),"add(0, 0)",0,Unconditional Bad,111.27,106.13,-11.27,0.0,95.96
2026-05-03_01-55,Local_VSCode,IR3_Config_43_R5,Indirect Reciprocity Mode 3 (Co-Evolution),2,1,10,10,0,100,1,0.5,0.0,0.0,10,100,0.5,0.5,0.2,3,1,genHalfAndHalf,1,3,17,42046,Config_43,5,"add(PartnerStanding, PartnerStanding)",2*PartnerStanding,Strict Discriminator,"add(0, 0)",0,Unconditional Bad,110.1,106.35,-9.47,0.0,103.64
2026-05-03_01-55,Local_VSCode,IR3_Config_44_R1,Indirect Reciprocity Mode 3 (Co-Evolution),2,1,10,10,0,100,1,0.5,0.0,0.0,10,100,0.5,0.5,0.2,3,1,genHalfAndHalf,1,10,17,43042,Config_44,1,"mul(0, 0)",0,Unconditional Defector (ALL-D),"sub(DonorAction, DonorAction)",0,Unconditional Bad,109.6,108.05,-9.6,0.0,102.64
2026-05-03_01-55,Local_VSCode,IR3_Config_44_R2,Indirect Reciprocity Mode 3 (Co-Evolution),2,1,10,10,0,100,1,0.5,0.0,0.0,10,100,0.5,0.5,0.2,3,1,genHalfAndHalf,1,10,17,43043,Config_44,2,"mul(-10, PartnerStanding)",-10*PartnerStanding,Unconditional Defector (ALL-D),"mul(RecipientStanding, RecipientStanding)",RecipientStanding**2,"Novel Ass: (True, False, True, False)",110.13,105.81,-10.13,0.0,98.84
2026-05-03_01-56,Local_VSCode,IR3_Config_44_R3,Indirect Reciprocity Mode 3 (Co-Evolution),2,1,10,10,0,100,1,0.5,0.0,0.0,10,100,0.5,0.5,0.2,3,1,genHalfAndHalf,1,10,17,43044,Config_44,3,"sub(-10, -10)",0,Unconditional Defector (ALL-D),"sub(DonorAction, DonorAction)",0,Unconditional Bad,110.27,108.63,-10.27,0.0,101.16
2026-05-03_01-56,Local_VSCode,IR3_Config_44_R4,Indirect Reciprocity Mode 3 (Co-Evolution),2,1,10,10,0,100,1,0.5,0.0,0.0,10,100,0.5,0.5,0.2,3,1,genHalfAndHalf,1,10,17,43045,Config_44,4,"sub(PartnerStanding, PartnerStanding)",0,Unconditional Defector (ALL-D),"add(RecipientStanding, RecipientStanding)",2*RecipientStanding,"Novel Ass: (True, False, True, False)",109.53,106.05,-9.53,0.0,100.92
2026-05-03_01-56,Local_VSCode,IR3_Config_44_R5,Indirect Reciprocity Mode 3 (Co-Evolution),2,1,10,10,0,100,1,0.5,0.0,0.0,10,100,0.5,0.5,0.2,3,1,genHalfAndHalf,1,10,17,43046,Config_44,5,"add(-10, -10)",-20,Unconditional Defector (ALL-D),"sub(0, 0)",0,Unconditional Bad,109.67,105.74,-9.67,0.0,100.6
2026-05-03_01-57,Local_VSCode,IR3_Config_45_R1,Indirect Reciprocity Mode 3 (Co-Evolution),2,1,10,10,0,100,1,0.5,0.0,0.0,100,100,0.1,0.5,0.2,3,1,genHalfAndHalf,1,3,17,44042,Config_45,1,"mul(PartnerStanding, PartnerStanding)",PartnerStanding**2,Strict Discriminator,"add(sub(sub(1, RecipientStanding), RecipientStanding), sub(RecipientStanding, DonorAction))",-DonorAction - RecipientStanding + 1,"Novel Ass: (False, False, False, True)",143.63,132.68,-10.8,0.0,98.44
2026-05-03_01-59,Local_VSCode,IR3_Config_45_R2,Indirect Reciprocity Mode 3 (Co-Evolution),2,1,10,10,0,100,1,0.5,0.0,0.0,100,100,0.1,0.5,0.2,3,1,genHalfAndHalf,1,3,17,44043,Config_45,2,"sub(1, PartnerStanding)",1 - PartnerStanding,Anti-Discriminator,"add(sub(DonorAction, 1), 1)",DonorAction,Image Scoring,143.53,122.5,-10.93,0.0,98.72
2026-05-03_02-00,Local_VSCode,IR3_Config_45_R3,Indirect Reciprocity Mode 3 (Co-Evolution),2,1,10,10,0,100,1,0.5,0.0,0.0,100,100,0.1,0.5,0.2,3,1,genHalfAndHalf,1,3,17,44044,Config_45,3,"mul(10, PartnerStanding)",10*PartnerStanding,Strict Discriminator,"add(sub(1, DonorAction), sub(sub(DonorAction, DonorAction), DonorAction))",1 - 2*DonorAction,"Novel Ass: (False, False, True, True)",143.6,125.6,-10.27,0.0,101.72
2026-05-03_02-02,Local_VSCode,IR3_Config_45_R4,Indirect Reciprocity Mode 3 (Co-Evolution),2,1,10,10,0,100,1,0.5,0.0,0.0,100,100,0.1,0.5,0.2,3,1,genHalfAndHalf,1,3,17,44045,Config_45,4,"sub(1, PartnerStanding)",1 - PartnerStanding,Anti-Discriminator,"add(DonorAction, sub(DonorAction, DonorAction))",DonorAction,Image Scoring,143.73,129.75,-10.27,0.0,99.6
2026-05-03_02-03,Local_VSCode,IR3_Config_45_R5,Indirect Reciprocity Mode 3 (Co-Evolution),2,1,10,10,0,100,1,0.5,0.0,0.0,100,100,0.1,0.5,0.2,3,1,genHalfAndHalf,1,3,17,44046,Config_45,5,"sub(1, PartnerStanding)",1 - PartnerStanding,Anti-Discriminator,"sub(DonorAction, mul(0, 0))",DonorAction,Image Scoring,143.9,129.79,-11.33,0.0,103.0
2026-05-03_02-04,Local_VSCode,IR3_Config_46_R1,Indirect Reciprocity Mode 3 (Co-Evolution),2,1,10,10,0,100,1,0.5,0.0,0.0,100,100,0.1,0.5,0.2,3,1,genHalfAndHalf,1,10,17,45042,Config_46,1,"sub(mul(1, 1), add(PartnerStanding, PartnerStanding))",1 - 2*PartnerStanding,Anti-Discriminator,"add(DonorAction, DonorAction)",2*DonorAction,Image Scoring,143.67,131.38,-10.8,0.0,100.08
2026-05-03_02-06,Local_VSCode,IR3_Config_46_R2,Indirect Reciprocity Mode 3 (Co-Evolution),2,1,10,10,0,100,1,0.5,0.0,0.0,100,100,0.1,0.5,0.2,3,1,genHalfAndHalf,1,10,17,45043,Config_46,2,"sub(add(add(PartnerStanding, 1), mul(0, PartnerStanding)), add(add(PartnerStanding, mul(PartnerStanding, 10)), add(PartnerStanding, PartnerStanding)))",1 - 12*PartnerStanding,Anti-Discriminator,"mul(DonorAction, DonorAction)",DonorAction**2,Image Scoring,144.27,133.75,-10.8,0.0,98.92
2026-05-03_02-07,Local_VSCode,IR3_Config_46_R3,Indirect Reciprocity Mode 3 (Co-Evolution),2,1,10,10,0,100,1,0.5,0.0,0.0,100,100,0.1,0.5,0.2,3,1,genHalfAndHalf,1,10,17,45044,Config_46,3,"mul(add(PartnerStanding, PartnerStanding), PartnerStanding)",2*PartnerStanding**2,Strict Discriminator,"sub(1, DonorAction)",1 - DonorAction,"Novel Ass: (False, False, True, True)",143.1,130.91,-10.53,0.0,99.04
2026-05-03_02-09,Local_VSCode,IR3_Config_46_R4,Indirect Reciprocity Mode 3 (Co-Evolution),2,1,10,10,0,100,1,0.5,0.0,0.0,100,100,0.1,0.5,0.2,3,1,genHalfAndHalf,1,10,17,45045,Config_46,4,"add(mul(PartnerStanding, -1), add(PartnerStanding, PartnerStanding))",PartnerStanding,Strict Discriminator,"mul(-1, add(DonorAction, mul(add(-1, DonorAction), add(DonorAction, 10))))",-DonorAction**2 - 10*DonorAction + 10,"Novel Ass: (False, False, True, True)",144.27,128.35,-11.93,0.0,102.24
2026-05-03_02-10,Local_VSCode,IR3_Config_46_R5,Indirect Reciprocity Mode 3 (Co-Evolution),2,1,10,10,0,100,1,0.5,0.0,0.0,100,100,0.1,0.5,0.2,3,1,genHalfAndHalf,1,10,17,45046,Config_46,5,"mul(mul(-1, 10), sub(PartnerStanding, 1))",10 - 10*PartnerStanding,Anti-Discriminator,"add(mul(DonorAction, add(DonorAction, sub(RecipientStanding, RecipientStanding))), DonorAction)",DonorAction*(DonorAction + 1),Image Scoring,144.03,126.62,-10.53,0.0,102.6
2026-05-03_02-12,Local_VSCode,IR3_Config_47_R1,Indirect Reciprocity Mode 3 (Co-Evolution),2,1,10,10,0,100,1,0.5,0.0,0.0,100,100,0.5,0.5,0.2,3,1,genHalfAndHalf,1,3,17,46042,Config_47,1,"add(PartnerStanding, PartnerStanding)",2*PartnerStanding,Strict Discriminator,"sub(1, DonorAction)",1 - DonorAction,"Novel Ass: (False, False, True, True)",143.17,129.53,-11.0,0.0,100.36
2026-05-03_02-13,Local_VSCode,IR3_Config_47_R2,Indirect Reciprocity Mode 3 (Co-Evolution),2,1,10,10,0,100,1,0.5,0.0,0.0,100,100,0.5,0.5,0.2,3,1,genHalfAndHalf,1,3,17,46043,Config_47,2,"sub(1, PartnerStanding)",1 - PartnerStanding,Anti-Discriminator,"mul(mul(DonorAction, DonorAction), DonorAction)",DonorAction**3,Image Scoring,144.13,129.87,-11.4,0.0,101.28
2026-05-03_02-14,Local_VSCode,IR3_Config_47_R3,Indirect Reciprocity Mode 3 (Co-Evolution),2,1,10,10,0,100,1,0.5,0.0,0.0,100,100,0.5,0.5,0.2,3,1,genHalfAndHalf,1,3,17,46044,Config_47,3,"sub(mul(-1, -1), PartnerStanding)",1 - PartnerStanding,Anti-Discriminator,"mul(DonorAction, DonorAction)",DonorAction**2,Image Scoring,143.67,129.09,-10.33,0.0,98.56
2026-05-03_02-16,Local_VSCode,IR3_Config_47_R4,Indirect Reciprocity Mode 3 (Co-Evolution),2,1,10,10,0,100,1,0.5,0.0,0.0,100,100,0.5,0.5,0.2,3,1,genHalfAndHalf,1,3,17,46045,Config_47,4,"sub(1, PartnerStanding)",1 - PartnerStanding,Anti-Discriminator,"mul(DonorAction, DonorAction)",DonorAction**2,Image Scoring,143.83,129.41,-10.8,0.0,101.84
2026-05-03_02-17,Local_VSCode,IR3_Config_47_R5,Indirect Reciprocity Mode 3 (Co-Evolution),2,1,10,10,0,100,1,0.5,0.0,0.0,100,100,0.5,0.5,0.2,3,1,genHalfAndHalf,1,3,17,46046,Config_47,5,"mul(PartnerStanding, PartnerStanding)",PartnerStanding**2,Strict Discriminator,"sub(1, DonorAction)",1 - DonorAction,"Novel Ass: (False, False, True, True)",142.93,133.48,-10.73,0.0,101.64
2026-05-03_02-18,Local_VSCode,IR3_Config_48_R1,Indirect Reciprocity Mode 3 (Co-Evolution),2,1,10,10,0,100,1,0.5,0.0,0.0,100,100,0.5,0.5,0.2,3,1,genHalfAndHalf,1,10,17,47042,Config_48,1,"mul(PartnerStanding, PartnerStanding)",PartnerStanding**2,Strict Discriminator,"sub(sub(1, DonorAction), RecipientStanding)",-DonorAction - RecipientStanding + 1,"Novel Ass: (False, False, False, True)",143.2,124.05,-10.6,0.0,97.76
2026-05-03_02-20,Local_VSCode,IR3_Config_48_R2,Indirect Reciprocity Mode 3 (Co-Evolution),2,1,10,10,0,100,1,0.5,0.0,0.0,100,100,0.5,0.5,0.2,3,1,genHalfAndHalf,1,10,17,47043,Config_48,2,"sub(sub(1, PartnerStanding), PartnerStanding)",1 - 2*PartnerStanding,Anti-Discriminator,"add(DonorAction, DonorAction)",2*DonorAction,Image Scoring,144.47,131.89,-11.93,0.0,103.44
2026-05-03_02-21,Local_VSCode,IR3_Config_48_R3,Indirect Reciprocity Mode 3 (Co-Evolution),2,1,10,10,0,100,1,0.5,0.0,0.0,100,100,0.5,0.5,0.2,3,1,genHalfAndHalf,1,10,17,47044,Config_48,3,"add(PartnerStanding, PartnerStanding)",2*PartnerStanding,Strict Discriminator,"sub(1, DonorAction)",1 - DonorAction,"Novel Ass: (False, False, True, True)",143.3,132.07,-9.4,0.0,93.88
2026-05-03_02-22,Local_VSCode,IR3_Config_48_R4,Indirect Reciprocity Mode 3 (Co-Evolution),2,1,10,10,0,100,1,0.5,0.0,0.0,100,100,0.5,0.5,0.2,3,1,genHalfAndHalf,1,10,17,47045,Config_48,4,"add(PartnerStanding, PartnerStanding)",2*PartnerStanding,Strict Discriminator,"add(sub(1, DonorAction), sub(RecipientStanding, DonorAction))",-2*DonorAction + RecipientStanding + 1,"Novel Ass: (False, False, True, True)",143.7,128.58,-11.6,0.0,101.84
2026-05-03_02-24,Local_VSCode,IR3_Config_48_R5,Indirect Reciprocity Mode 3 (Co-Evolution),2,1,10,10,0,100,1,0.5,0.0,0.0,100,100,0.5,0.5,0.2,3,1,genHalfAndHalf,1,10,17,47046,Config_48,5,"mul(PartnerStanding, PartnerStanding)",PartnerStanding**2,Strict Discriminator,"sub(mul(DonorAction, -1), sub(DonorAction, 1))",1 - 2*DonorAction,"Novel Ass: (False, False, True, True)",143.73,125.93,-12.4,0.0,98.04
2026-05-03_02-24,Local_VSCode,IR3_Config_49_R1,Indirect Reciprocity Mode 3 (Co-Evolution),2,1,10,10,10,10,1,0.5,0.0,0.0,10,100,0.1,0.5,0.2,3,1,genHalfAndHalf,1,3,17,48042,Config_49,1,"mul(PartnerStanding, -1)",-PartnerStanding,Unconditional Defector (ALL-D),"sub(RecipientStanding, RecipientStanding)",0,Unconditional Bad,8.2,6.42,-3.8,5.6,6.04
2026-05-03_02-24,Local_VSCode,IR3_Config_49_R2,Indirect Reciprocity Mode 3 (Co-Evolution),2,1,10,10,10,10,1,0.5,0.0,0.0,10,100,0.1,0.5,0.2,3,1,genHalfAndHalf,1,3,17,48043,Config_49,2,"add(PartnerStanding, PartnerStanding)",2*PartnerStanding,Strict Discriminator,"sub(DonorAction, DonorAction)",0,Unconditional Bad,8.27,7.95,-3.8,6.07,6.12
2026-05-03_02-24,Local_VSCode,IR3_Config_49_R3,Indirect Reciprocity Mode 3 (Co-Evolution),2,1,10,10,10,10,1,0.5,0.0,0.0,10,100,0.1,0.5,0.2,3,1,genHalfAndHalf,1,3,17,48044,Config_49,3,"add(PartnerStanding, PartnerStanding)",2*PartnerStanding,Strict Discriminator,"sub(RecipientStanding, RecipientStanding)",0,Unconditional Bad,8.23,6.76,-3.8,6.0,6.12
2026-05-03_02-24,Local_VSCode,IR3_Config_49_R4,Indirect Reciprocity Mode 3 (Co-Evolution),2,1,10,10,10,10,1,0.5,0.0,0.0,10,100,0.1,0.5,0.2,3,1,genHalfAndHalf,1,3,17,48045,Config_49,4,"add(add(-10, -1), add(-10, -1))",-22,Unconditional Defector (ALL-D),"sub(0, 0)",0,Unconditional Bad,8.27,7.05,-4.8,6.53,6.4
2026-05-03_02-24,Local_VSCode,IR3_Config_49_R5,Indirect Reciprocity Mode 3 (Co-Evolution),2,1,10,10,10,10,1,0.5,0.0,0.0,10,100,0.1,0.5,0.2,3,1,genHalfAndHalf,1,3,17,48046,Config_49,5,"sub(PartnerStanding, PartnerStanding)",0,Unconditional Defector (ALL-D),"add(RecipientStanding, RecipientStanding)",2*RecipientStanding,"Novel Ass: (True, False, True, False)",8.53,7.69,-4.47,5.93,5.84
2026-05-03_02-24,Local_VSCode,IR3_Config_50_R1,Indirect Reciprocity Mode 3 (Co-Evolution),2,1,10,10,10,10,1,0.5,0.0,0.0,10,100,0.1,0.5,0.2,3,1,genHalfAndHalf,1,10,17,49042,Config_50,1,"mul(0, 0)",0,Unconditional Defector (ALL-D),"add(add(DonorAction, 1), DonorAction)",2*DonorAction + 1,Unconditional Good,8.4,7.75,-4.6,6.2,6.76
2026-05-03_02-24,Local_VSCode,IR3_Config_50_R2,Indirect Reciprocity Mode 3 (Co-Evolution),2,1,10,10,10,10,1,0.5,0.0,0.0,10,100,0.1,0.5,0.2,3,1,genHalfAndHalf,1,10,17,49043,Config_50,2,"mul(PartnerStanding, PartnerStanding)",PartnerStanding**2,Strict Discriminator,"sub(RecipientStanding, RecipientStanding)",0,Unconditional Bad,8.47,7.66,-3.87,5.87,6.7
2026-05-03_02-24,Local_VSCode,IR3_Config_50_R3,Indirect Reciprocity Mode 3 (Co-Evolution),2,1,10,10,10,10,1,0.5,0.0,0.0,10,100,0.1,0.5,0.2,3,1,genHalfAndHalf,1,10,17,49044,Config_50,3,"add(PartnerStanding, PartnerStanding)",2*PartnerStanding,Strict Discriminator,"mul(DonorAction, sub(DonorAction, DonorAction))",0,Unconditional Bad,8.37,7.11,-5.0,7.07,5.94
2026-05-03_02-24,Local_VSCode,IR3_Config_50_R4,Indirect Reciprocity Mode 3 (Co-Evolution),2,1,10,10,10,10,1,0.5,0.0,0.0,10,100,0.1,0.5,0.2,3,1,genHalfAndHalf,1,10,17,49045,Config_50,4,"sub(PartnerStanding, PartnerStanding)",0,Unconditional Defector (ALL-D),"mul(RecipientStanding, DonorAction)",DonorAction*RecipientStanding,Shunning,8.47,6.84,-4.73,6.27,7.16
2026-05-03_02-24,Local_VSCode,IR3_Config_50_R5,Indirect Reciprocity Mode 3 (Co-Evolution),2,1,10,10,10,10,1,0.5,0.0,0.0,10,100,0.1,0.5,0.2,3,1,genHalfAndHalf,1,10,17,49046,Config_50,5,"add(PartnerStanding, PartnerStanding)",2*PartnerStanding,Strict Discriminator,"sub(0, DonorAction)",-DonorAction,Unconditional Bad,8.23,6.55,-3.2,5.8,5.8
2026-05-03_02-24,Local_VSCode,IR3_Config_51_R1,Indirect Reciprocity Mode 3 (Co-Evolution),2,1,10,10,10,10,1,0.5,0.0,0.0,10,100,0.5,0.5,0.2,3,1,genHalfAndHalf,1,3,17,50042,Config_51,1,"sub(0, PartnerStanding)",-PartnerStanding,Unconditional Defector (ALL-D),"sub(RecipientStanding, DonorAction)",-DonorAction + RecipientStanding,"Novel Ass: (False, False, True, False)",8.27,7.43,-4.87,6.6,6.02
2026-05-03_02-24,Local_VSCode,IR3_Config_51_R2,Indirect Reciprocity Mode 3 (Co-Evolution),2,1,10,10,10,10,1,0.5,0.0,0.0,10,100,0.5,0.5,0.2,3,1,genHalfAndHalf,1,3,17,50043,Config_51,2,"sub(0, 0)",0,Unconditional Defector (ALL-D),"add(-1, DonorAction)",DonorAction - 1,Unconditional Bad,8.0,6.93,-3.87,5.87,6.22
2026-05-03_02-24,Local_VSCode,IR3_Config_51_R3,Indirect Reciprocity Mode 3 (Co-Evolution),2,1,10,10,10,10,1,0.5,0.0,0.0,10,100,0.5,0.5,0.2,3,1,genHalfAndHalf,1,3,17,50044,Config_51,3,"sub(1, 1)",0,Unconditional Defector (ALL-D),"sub(DonorAction, RecipientStanding)",DonorAction - RecipientStanding,"Novel Ass: (False, True, False, False)",8.33,7.49,-3.93,5.6,5.62
2026-05-03_02-24,Local_VSCode,IR3_Config_51_R4,Indirect Reciprocity Mode 3 (Co-Evolution),2,1,10,10,10,10,1,0.5,0.0,0.0,10,100,0.5,0.5,0.2,3,1,genHalfAndHalf,1,3,17,50045,Config_51,4,"mul(1, PartnerStanding)",PartnerStanding,Strict Discriminator,"sub(-10, -10)",0,Unconditional Bad,8.33,6.48,-3.67,5.6,5.22
2026-05-03_02-24,Local_VSCode,IR3_Config_51_R5,Indirect Reciprocity Mode 3 (Co-Evolution),2,1,10,10,10,10,1,0.5,0.0,0.0,10,100,0.5,0.5,0.2,3,1,genHalfAndHalf,1,3,17,50046,Config_51,5,"mul(PartnerStanding, PartnerStanding)",PartnerStanding**2,Strict Discriminator,"mul(DonorAction, RecipientStanding)",DonorAction*RecipientStanding,Shunning,7.8,7.47,-1.93,6.67,5.66
2026-05-03_02-24,Local_VSCode,IR3_Config_52_R1,Indirect Reciprocity Mode 3 (Co-Evolution),2,1,10,10,10,10,1,0.5,0.0,0.0,10,100,0.5,0.5,0.2,3,1,genHalfAndHalf,1,10,17,51042,Config_52,1,"mul(PartnerStanding, PartnerStanding)",PartnerStanding**2,Strict Discriminator,"mul(-1, RecipientStanding)",-RecipientStanding,Unconditional Bad,8.2,5.74,-4.0,6.27,5.84
2026-05-03_02-24,Local_VSCode,IR3_Config_52_R2,Indirect Reciprocity Mode 3 (Co-Evolution),2,1,10,10,10,10,1,0.5,0.0,0.0,10,100,0.5,0.5,0.2,3,1,genHalfAndHalf,1,10,17,51043,Config_52,2,"mul(PartnerStanding, -10)",-10*PartnerStanding,Unconditional Defector (ALL-D),"mul(RecipientStanding, RecipientStanding)",RecipientStanding**2,"Novel Ass: (True, False, True, False)",7.8,6.99,-4.07,6.27,5.78
2026-05-03_02-24,Local_VSCode,IR3_Config_52_R3,Indirect Reciprocity Mode 3 (Co-Evolution),2,1,10,10,10,10,1,0.5,0.0,0.0,10,100,0.5,0.5,0.2,3,1,genHalfAndHalf,1,10,17,51044,Config_52,3,"mul(-1, PartnerStanding)",-PartnerStanding,Unconditional Defector (ALL-D),"sub(DonorAction, DonorAction)",0,Unconditional Bad,8.73,7.95,-4.67,5.93,6.32
2026-05-03_02-24,Local_VSCode,IR3_Config_52_R4,Indirect Reciprocity Mode 3 (Co-Evolution),2,1,10,10,10,10,1,0.5,0.0,0.0,10,100,0.5,0.5,0.2,3,1,genHalfAndHalf,1,10,17,51045,Config_52,4,"mul(PartnerStanding, PartnerStanding)",PartnerStanding**2,Strict Discriminator,"add(-1, DonorAction)",DonorAction - 1,Unconditional Bad,7.47,6.86,-4.47,7.4,6.6
2026-05-03_02-24,Local_VSCode,IR3_Config_52_R5,Indirect Reciprocity Mode 3 (Co-Evolution),2,1,10,10,10,10,1,0.5,0.0,0.0,10,100,0.5,0.5,0.2,3,1,genHalfAndHalf,1,10,17,51046,Config_52,5,"sub(PartnerStanding, PartnerStanding)",0,Unconditional Defector (ALL-D),"mul(DonorAction, -10)",-10*DonorAction,Unconditional Bad,8.4,7.62,-4.53,6.13,5.68
2026-05-03_02-25,Local_VSCode,IR3_Config_53_R1,Indirect Reciprocity Mode 3 (Co-Evolution),2,1,10,10,10,10,1,0.5,0.0,0.0,100,100,0.1,0.5,0.2,3,1,genHalfAndHalf,1,3,17,52042,Config_53,1,"mul(0, -10)",0,Unconditional Defector (ALL-D),"mul(0, 0)",0,Unconditional Bad,8.8,7.14,-4.0,5.2,5.32
2026-05-03_02-25,Local_VSCode,IR3_Config_53_R2,Indirect Reciprocity Mode 3 (Co-Evolution),2,1,10,10,10,10,1,0.5,0.0,0.0,100,100,0.1,0.5,0.2,3,1,genHalfAndHalf,1,3,17,52043,Config_53,2,"mul(PartnerStanding, PartnerStanding)",PartnerStanding**2,Strict Discriminator,"mul(DonorAction, 0)",0,Unconditional Bad,8.73,7.35,-4.6,5.87,6.76
2026-05-03_02-25,Local_VSCode,IR3_Config_53_R3,Indirect Reciprocity Mode 3 (Co-Evolution),2,1,10,10,10,10,1,0.5,0.0,0.0,100,100,0.1,0.5,0.2,3,1,genHalfAndHalf,1,3,17,52044,Config_53,3,"sub(PartnerStanding, PartnerStanding)",0,Unconditional Defector (ALL-D),"mul(DonorAction, -10)",-10*DonorAction,Unconditional Bad,8.93,7.37,-4.53,5.6,6.2
2026-05-03_02-26,Local_VSCode,IR3_Config_53_R4,Indirect Reciprocity Mode 3 (Co-Evolution),2,1,10,10,10,10,1,0.5,0.0,0.0,100,100,0.1,0.5,0.2,3,1,genHalfAndHalf,1,3,17,52045,Config_53,4,"mul(10, PartnerStanding)",10*PartnerStanding,Strict Discriminator,"mul(-1, RecipientStanding)",-RecipientStanding,Unconditional Bad,8.47,6.72,-4.6,6.6,7.14
2026-05-03_02-26,Local_VSCode,IR3_Config_53_R5,Indirect Reciprocity Mode 3 (Co-Evolution),2,1,10,10,10,10,1,0.5,0.0,0.0,100,100,0.1,0.5,0.2,3,1,genHalfAndHalf,1,3,17,52046,Config_53,5,"sub(0, 0)",0,Unconditional Defector (ALL-D),"add(1, 1)",2,Unconditional Good,8.67,7.3,-4.33,5.67,6.42
2026-05-03_02-26,Local_VSCode,IR3_Config_54_R1,Indirect Reciprocity Mode 3 (Co-Evolution),2,1,10,10,10,10,1,0.5,0.0,0.0,100,100,0.1,0.5,0.2,3,1,genHalfAndHalf,1,10,17,53042,Config_54,1,"sub(PartnerStanding, PartnerStanding)",0,Unconditional Defector (ALL-D),"add(10, DonorAction)",DonorAction + 10,Unconditional Good,8.73,7.3,-4.2,5.47,6.62
2026-05-03_02-27,Local_VSCode,IR3_Config_54_R2,Indirect Reciprocity Mode 3 (Co-Evolution),2,1,10,10,10,10,1,0.5,0.0,0.0,100,100,0.1,0.5,0.2,3,1,genHalfAndHalf,1,10,17,53043,Config_54,2,"mul(sub(1, -1), -1)",-2,Unconditional Defector (ALL-D),"add(-1, -1)",-2,Unconditional Bad,9.0,6.85,-4.53,5.53,5.9
2026-05-03_02-27,Local_VSCode,IR3_Config_54_R3,Indirect Reciprocity Mode 3 (Co-Evolution),2,1,10,10,10,10,1,0.5,0.0,0.0,100,100,0.1,0.5,0.2,3,1,genHalfAndHalf,1,10,17,53044,Config_54,3,"mul(0, 0)",0,Unconditional Defector (ALL-D),"mul(10, 10)",100,Unconditional Good,8.53,6.97,-3.93,5.4,6.08
2026-05-03_02-27,Local_VSCode,IR3_Config_54_R4,Indirect Reciprocity Mode 3 (Co-Evolution),2,1,10,10,10,10,1,0.5,0.0,0.0,100,100,0.1,0.5,0.2,3,1,genHalfAndHalf,1,10,17,53045,Config_54,4,"mul(PartnerStanding, -1)",-PartnerStanding,Unconditional Defector (ALL-D),"sub(add(-10, sub(RecipientStanding, DonorAction)), DonorAction)",-2*DonorAction + RecipientStanding - 10,Unconditional Bad,9.2,7.11,-4.73,5.53,7.04
2026-05-03_02-28,Local_VSCode,IR3_Config_54_R5,Indirect Reciprocity Mode 3 (Co-Evolution),2,1,10,10,10,10,1,0.5,0.0,0.0,100,100,0.1,0.5,0.2,3,1,genHalfAndHalf,1,10,17,53046,Config_54,5,"add(-1, -1)",-2,Unconditional Defector (ALL-D),"sub(RecipientStanding, RecipientStanding)",0,Unconditional Bad,8.8,7.42,-4.4,5.6,6.0
2026-05-03_02-28,Local_VSCode,IR3_Config_55_R1,Indirect Reciprocity Mode 3 (Co-Evolution),2,1,10,10,10,10,1,0.5,0.0,0.0,100,100,0.5,0.5,0.2,3,1,genHalfAndHalf,1,3,17,54042,Config_55,1,"sub(PartnerStanding, PartnerStanding)",0,Unconditional Defector (ALL-D),"sub(DonorAction, DonorAction)",0,Unconditional Bad,9.2,7.42,-4.87,5.67,6.3
2026-05-03_02-28,Local_VSCode,IR3_Config_55_R2,Indirect Reciprocity Mode 3 (Co-Evolution),2,1,10,10,10,10,1,0.5,0.0,0.0,100,100,0.5,0.5,0.2,3,1,genHalfAndHalf,1,3,17,54043,Config_55,2,"add(-10, PartnerStanding)",PartnerStanding - 10,Unconditional Defector (ALL-D),"add(RecipientStanding, RecipientStanding)",2*RecipientStanding,"Novel Ass: (True, False, True, False)",8.73,6.92,-4.27,5.53,5.04
2026-05-03_02-28,Local_VSCode,IR3_Config_55_R3,Indirect Reciprocity Mode 3 (Co-Evolution),2,1,10,10,10,10,1,0.5,0.0,0.0,100,100,0.5,0.5,0.2,3,1,genHalfAndHalf,1,3,17,54044,Config_55,3,"mul(-10, 1)",-10,Unconditional Defector (ALL-D),"add(10, 10)",20,Unconditional Good,8.87,6.68,-4.67,5.8,7.02
2026-05-03_02-29,Local_VSCode,IR3_Config_55_R4,Indirect Reciprocity Mode 3 (Co-Evolution),2,1,10,10,10,10,1,0.5,0.0,0.0,100,100,0.5,0.5,0.2,3,1,genHalfAndHalf,1,3,17,54045,Config_55,4,"mul(PartnerStanding, PartnerStanding)",PartnerStanding**2,Strict Discriminator,"mul(DonorAction, -10)",-10*DonorAction,Unconditional Bad,8.57,6.85,-4.47,6.4,6.42
2026-05-03_02-29,Local_VSCode,IR3_Config_55_R5,Indirect Reciprocity Mode 3 (Co-Evolution),2,1,10,10,10,10,1,0.5,0.0,0.0,100,100,0.5,0.5,0.2,3,1,genHalfAndHalf,1,3,17,54046,Config_55,5,"sub(-1, 10)",-11,Unconditional Defector (ALL-D),"sub(1, 1)",0,Unconditional Bad,8.87,6.96,-4.0,5.13,6.92
2026-05-03_02-29,Local_VSCode,IR3_Config_56_R1,Indirect Reciprocity Mode 3 (Co-Evolution),2,1,10,10,10,10,1,0.5,0.0,0.0,100,100,0.5,0.5,0.2,3,1,genHalfAndHalf,1,10,17,55042,Config_56,1,"mul(PartnerStanding, PartnerStanding)",PartnerStanding**2,Strict Discriminator,"sub(RecipientStanding, RecipientStanding)",0,Unconditional Bad,8.67,7.05,-4.13,5.87,7.1
2026-05-03_02-30,Local_VSCode,IR3_Config_56_R2,Indirect Reciprocity Mode 3 (Co-Evolution),2,1,10,10,10,10,1,0.5,0.0,0.0,100,100,0.5,0.5,0.2,3,1,genHalfAndHalf,1,10,17,55043,Config_56,2,"add(-1, -1)",-2,Unconditional Defector (ALL-D),"sub(RecipientStanding, 1)",RecipientStanding - 1,Unconditional Bad,8.87,7.36,-4.73,5.87,6.4
2026-05-03_02-30,Local_VSCode,IR3_Config_56_R3,Indirect Reciprocity Mode 3 (Co-Evolution),2,1,10,10,10,10,1,0.5,0.0,0.0,100,100,0.5,0.5,0.2,3,1,genHalfAndHalf,1,10,17,55044,Config_56,3,"mul(PartnerStanding, 0)",0,Unconditional Defector (ALL-D),"mul(DonorAction, RecipientStanding)",DonorAction*RecipientStanding,Shunning,9.0,7.49,-4.87,5.87,5.52
2026-05-03_02-30,Local_VSCode,IR3_Config_56_R4,Indirect Reciprocity Mode 3 (Co-Evolution),2,1,10,10,10,10,1,0.5,0.0,0.0,100,100,0.5,0.5,0.2,3,1,genHalfAndHalf,1,10,17,55045,Config_56,4,"add(-10, PartnerStanding)",PartnerStanding - 10,Unconditional Defector (ALL-D),"sub(DonorAction, DonorAction)",0,Unconditional Bad,8.87,7.47,-5.2,6.33,5.78
2026-05-03_02-31,Local_VSCode,IR3_Config_56_R5,Indirect Reciprocity Mode 3 (Co-Evolution),2,1,10,10,10,10,1,0.5,0.0,0.0,100,100,0.5,0.5,0.2,3,1,genHalfAndHalf,1,10,17,55046,Config_56,5,"mul(PartnerStanding, 0)",0,Unconditional Defector (ALL-D),"mul(1, 1)",1,Unconditional Good,8.73,7.09,-4.53,5.8,6.22
2026-05-03_02-31,Local_VSCode,IR3_Config_57_R1,Indirect Reciprocity Mode 3 (Co-Evolution),2,1,10,10,10,100,1,0.5,0.0,0.0,10,100,0.1,0.5,0.2,3,1,genHalfAndHalf,1,3,17,56042,Config_57,1,"mul(10, sub(add(sub(PartnerStanding, 0), PartnerStanding), add(sub(PartnerStanding, 0), 0)))",10*PartnerStanding,Strict Discriminator,"sub(1, add(add(add(1, DonorAction), sub(DonorAction, 0)), add(mul(RecipientStanding, RecipientStanding), add(DonorAction, DonorAction))))",-4*DonorAction - RecipientStanding**2,Unconditional Bad,74.1,67.63,-41.27,67.6,69.14
2026-05-03_02-31,Local_VSCode,IR3_Config_57_R2,Indirect Reciprocity Mode 3 (Co-Evolution),2,1,10,10,10,100,1,0.5,0.0,0.0,10,100,0.1,0.5,0.2,3,1,genHalfAndHalf,1,3,17,56043,Config_57,2,"sub(add(PartnerStanding, PartnerStanding), mul(PartnerStanding, PartnerStanding))",PartnerStanding*(2 - PartnerStanding),Strict Discriminator,"mul(DonorAction, RecipientStanding)",DonorAction*RecipientStanding,Shunning,74.6,67.19,-38.2,65.73,67.04
2026-05-03_02-31,Local_VSCode,IR3_Config_57_R3,Indirect Reciprocity Mode 3 (Co-Evolution),2,1,10,10,10,100,1,0.5,0.0,0.0,10,100,0.1,0.5,0.2,3,1,genHalfAndHalf,1,3,17,56044,Config_57,3,"add(PartnerStanding, PartnerStanding)",2*PartnerStanding,Strict Discriminator,"mul(DonorAction, sub(RecipientStanding, DonorAction))",DonorAction*(-DonorAction + RecipientStanding),Unconditional Bad,73.17,70.18,-38.4,65.93,65.12
2026-05-03_02-31,Local_VSCode,IR3_Config_57_R4,Indirect Reciprocity Mode 3 (Co-Evolution),2,1,10,10,10,100,1,0.5,0.0,0.0,10,100,0.1,0.5,0.2,3,1,genHalfAndHalf,1,3,17,56045,Config_57,4,"mul(PartnerStanding, PartnerStanding)",PartnerStanding**2,Strict Discriminator,"mul(sub(mul(RecipientStanding, 0), DonorAction), DonorAction)",-DonorAction**2,Unconditional Bad,74.33,71.34,-43.13,69.27,62.2
2026-05-03_02-32,Local_VSCode,IR3_Config_57_R5,Indirect Reciprocity Mode 3 (Co-Evolution),2,1,10,10,10,100,1,0.5,0.0,0.0,10,100,0.1,0.5,0.2,3,1,genHalfAndHalf,1,3,17,56046,Config_57,5,"sub(sub(1, 10), 10)",-19,Unconditional Defector (ALL-D),"sub(1, 1)",0,Unconditional Bad,73.2,69.75,-40.53,67.33,65.68
2026-05-03_02-32,Local_VSCode,IR3_Config_58_R1,Indirect Reciprocity Mode 3 (Co-Evolution),2,1,10,10,10,100,1,0.5,0.0,0.0,10,100,0.1,0.5,0.2,3,1,genHalfAndHalf,1,10,17,57042,Config_58,1,"mul(PartnerStanding, PartnerStanding)",PartnerStanding**2,Strict Discriminator,"sub(RecipientStanding, DonorAction)",-DonorAction + RecipientStanding,"Novel Ass: (False, False, True, False)",73.4,69.96,-38.4,65.73,62.08
2026-05-03_02-32,Local_VSCode,IR3_Config_58_R2,Indirect Reciprocity Mode 3 (Co-Evolution),2,1,10,10,10,100,1,0.5,0.0,0.0,10,100,0.1,0.5,0.2,3,1,genHalfAndHalf,1,10,17,57043,Config_58,2,"mul(PartnerStanding, add(-10, sub(PartnerStanding, 10)))",PartnerStanding*(PartnerStanding - 20),Unconditional Defector (ALL-D),"add(RecipientStanding, mul(RecipientStanding, RecipientStanding))",RecipientStanding*(RecipientStanding + 1),"Novel Ass: (True, False, True, False)",74.33,67.65,-40.87,66.53,66.62
2026-05-03_02-32,Local_VSCode,IR3_Config_58_R3,Indirect Reciprocity Mode 3 (Co-Evolution),2,1,10,10,10,100,1,0.5,0.0,0.0,10,100,0.1,0.5,0.2,3,1,genHalfAndHalf,1,10,17,57044,Config_58,3,"mul(mul(add(PartnerStanding, PartnerStanding), 1), mul(PartnerStanding, 1))",2*PartnerStanding**2,Strict Discriminator,"mul(-10, DonorAction)",-10*DonorAction,Unconditional Bad,73.93,62.1,-40.8,67.27,65.42
2026-05-03_02-33,Local_VSCode,IR3_Config_58_R4,Indirect Reciprocity Mode 3 (Co-Evolution),2,1,10,10,10,100,1,0.5,0.0,0.0,10,100,0.1,0.5,0.2,3,1,genHalfAndHalf,1,10,17,57045,Config_58,4,"add(0, 0)",0,Unconditional Defector (ALL-D),"add(sub(sub(0, RecipientStanding), mul(DonorAction, 10)), add(mul(DonorAction, 0), sub(DonorAction, RecipientStanding)))",-9*DonorAction - 2*RecipientStanding,Unconditional Bad,73.87,70.89,-38.53,64.67,63.1
2026-05-03_02-33,Local_VSCode,IR3_Config_58_R5,Indirect Reciprocity Mode 3 (Co-Evolution),2,1,10,10,10,100,1,0.5,0.0,0.0,10,100,0.1,0.5,0.2,3,1,genHalfAndHalf,1,10,17,57046,Config_58,5,"sub(sub(add(-1, -1), sub(0, -10)), -10)",-2,Unconditional Defector (ALL-D),"mul(mul(mul(RecipientStanding, DonorAction), DonorAction), add(DonorAction, DonorAction))",2*DonorAction**3*RecipientStanding,Shunning,74.33,70.83,-41.47,67.13,64.24
2026-05-03_02-33,Local_VSCode,IR3_Config_59_R1,Indirect Reciprocity Mode 3 (Co-Evolution),2,1,10,10,10,100,1,0.5,0.0,0.0,10,100,0.5,0.5,0.2,3,1,genHalfAndHalf,1,3,17,58042,Config_59,1,"mul(PartnerStanding, PartnerStanding)",PartnerStanding**2,Strict Discriminator,"sub(DonorAction, DonorAction)",0,Unconditional Bad,72.63,68.97,-39.13,66.87,67.5
2026-05-03_02-33,Local_VSCode,IR3_Config_59_R2,Indirect Reciprocity Mode 3 (Co-Evolution),2,1,10,10,10,100,1,0.5,0.0,0.0,10,100,0.5,0.5,0.2,3,1,genHalfAndHalf,1,3,17,58043,Config_59,2,"mul(PartnerStanding, -1)",-PartnerStanding,Unconditional Defector (ALL-D),"add(DonorAction, DonorAction)",2*DonorAction,Image Scoring,72.2,65.99,-39.53,67.33,65.2
2026-05-03_02-34,Local_VSCode,IR3_Config_59_R3,Indirect Reciprocity Mode 3 (Co-Evolution),2,1,10,10,10,100,1,0.5,0.0,0.0,10,100,0.5,0.5,0.2,3,1,genHalfAndHalf,1,3,17,58044,Config_59,3,"mul(PartnerStanding, PartnerStanding)",PartnerStanding**2,Strict Discriminator,"sub(DonorAction, DonorAction)",0,Unconditional Bad,73.7,71.06,-39.73,66.47,66.96
2026-05-03_02-34,Local_VSCode,IR3_Config_59_R4,Indirect Reciprocity Mode 3 (Co-Evolution),2,1,10,10,10,100,1,0.5,0.0,0.0,10,100,0.5,0.5,0.2,3,1,genHalfAndHalf,1,3,17,58045,Config_59,4,"mul(-10, 1)",-10,Unconditional Defector (ALL-D),"sub(0, 0)",0,Unconditional Bad,73.6,71.44,-40.47,66.87,61.82
2026-05-03_02-34,Local_VSCode,IR3_Config_59_R5,Indirect Reciprocity Mode 3 (Co-Evolution),2,1,10,10,10,100,1,0.5,0.0,0.0,10,100,0.5,0.5,0.2,3,1,genHalfAndHalf,1,3,17,58046,Config_59,5,"sub(0, PartnerStanding)",-PartnerStanding,Unconditional Defector (ALL-D),"sub(DonorAction, DonorAction)",0,Unconditional Bad,72.87,62.67,-39.93,67.07,62.92
2026-05-03_02-34,Local_VSCode,IR3_Config_60_R1,Indirect Reciprocity Mode 3 (Co-Evolution),2,1,10,10,10,100,1,0.5,0.0,0.0,10,100,0.5,0.5,0.2,3,1,genHalfAndHalf,1,10,17,59042,Config_60,1,"add(PartnerStanding, PartnerStanding)",2*PartnerStanding,Strict Discriminator,"add(RecipientStanding, add(RecipientStanding, -10))",2*RecipientStanding - 10,Unconditional Bad,73.07,69.12,-42.13,69.6,65.7
2026-05-03_02-34,Local_VSCode,IR3_Config_60_R2,Indirect Reciprocity Mode 3 (Co-Evolution),2,1,10,10,10,100,1,0.5,0.0,0.0,10,100,0.5,0.5,0.2,3,1,genHalfAndHalf,1,10,17,59043,Config_60,2,"mul(PartnerStanding, mul(PartnerStanding, PartnerStanding))",PartnerStanding**3,Strict Discriminator,"add(-1, -1)",-2,Unconditional Bad,74.77,67.7,-41.27,66.93,62.72
2026-05-03_02-35,Local_VSCode,IR3_Config_60_R3,Indirect Reciprocity Mode 3 (Co-Evolution),2,1,10,10,10,100,1,0.5,0.0,0.0,10,100,0.5,0.5,0.2,3,1,genHalfAndHalf,1,10,17,59044,Config_60,3,"add(-1, PartnerStanding)",PartnerStanding - 1,Unconditional Defector (ALL-D),"sub(RecipientStanding, RecipientStanding)",0,Unconditional Bad,73.0,70.21,-42.27,69.27,69.68
2026-05-03_02-35,Local_VSCode,IR3_Config_60_R4,Indirect Reciprocity Mode 3 (Co-Evolution),2,1,10,10,10,100,1,0.5,0.0,0.0,10,100,0.5,0.5,0.2,3,1,genHalfAndHalf,1,10,17,59045,Config_60,4,"mul(sub(10, PartnerStanding), add(-10, PartnerStanding))",-(PartnerStanding - 10)**2,Unconditional Defector (ALL-D),"sub(RecipientStanding, RecipientStanding)",0,Unconditional Bad,74.2,72.56,-42.93,68.73,65.7
2026-05-03_02-35,Local_VSCode,IR3_Config_60_R5,Indirect Reciprocity Mode 3 (Co-Evolution),2,1,10,10,10,100,1,0.5,0.0,0.0,10,100,0.5,0.5,0.2,3,1,genHalfAndHalf,1,10,17,59046,Config_60,5,"sub(-1, -1)",0,Unconditional Defector (ALL-D),"sub(DonorAction, DonorAction)",0,Unconditional Bad,72.2,70.46,-41.0,68.8,64.54
2026-05-03_02-37,Local_VSCode,IR3_Config_61_R1,Indirect Reciprocity Mode 3 (Co-Evolution),2,1,10,10,10,100,1,0.5,0.0,0.0,100,100,0.1,0.5,0.2,3,1,genHalfAndHalf,1,3,17,60042,Config_61,1,"add(PartnerStanding, -10)",PartnerStanding - 10,Unconditional Defector (ALL-D),"sub(RecipientStanding, mul(RecipientStanding, RecipientStanding))",RecipientStanding*(1 - RecipientStanding),Unconditional Bad,75.27,68.91,-43.4,68.13,64.42
2026-05-03_02-40,Local_VSCode,IR3_Config_61_R2,Indirect Reciprocity Mode 3 (Co-Evolution),2,1,10,10,10,100,1,0.5,0.0,0.0,100,100,0.1,0.5,0.2,3,1,genHalfAndHalf,1,3,17,60043,Config_61,2,"sub(-10, 1)",-11,Unconditional Defector (ALL-D),"add(0, sub(RecipientStanding, RecipientStanding))",0,Unconditional Bad,74.27,69.26,-39.87,65.6,66.18
2026-05-03_02-42,Local_VSCode,IR3_Config_61_R3,Indirect Reciprocity Mode 3 (Co-Evolution),2,1,10,10,10,100,1,0.5,0.0,0.0,100,100,0.1,0.5,0.2,3,1,genHalfAndHalf,1,3,17,60044,Config_61,3,"add(0, add(0, PartnerStanding))",PartnerStanding,Strict Discriminator,"sub(-10, -10)",0,Unconditional Bad,75.23,69.1,-41.73,66.93,64.84
2026-05-03_02-44,Local_VSCode,IR3_Config_61_R4,Indirect Reciprocity Mode 3 (Co-Evolution),2,1,10,10,10,100,1,0.5,0.0,0.0,100,100,0.1,0.5,0.2,3,1,genHalfAndHalf,1,3,17,60045,Config_61,4,"add(add(mul(-10, 0), sub(PartnerStanding, 0)), -10)",PartnerStanding - 10,Unconditional Defector (ALL-D),"sub(0, RecipientStanding)",-RecipientStanding,Unconditional Bad,74.93,69.82,-41.73,66.8,63.48
2026-05-03_02-46,Local_VSCode,IR3_Config_61_R5,Indirect Reciprocity Mode 3 (Co-Evolution),2,1,10,10,10,100,1,0.5,0.0,0.0,100,100,0.1,0.5,0.2,3,1,genHalfAndHalf,1,3,17,60046,Config_61,5,"sub(-10, 10)",-20,Unconditional Defector (ALL-D),"mul(-1, -1)",1,Unconditional Good,75.0,70.1,-40.0,65.0,66.34
2026-05-03_02-49,Local_VSCode,IR3_Config_62_R1,Indirect Reciprocity Mode 3 (Co-Evolution),2,1,10,10,10,100,1,0.5,0.0,0.0,100,100,0.1,0.5,0.2,3,1,genHalfAndHalf,1,10,17,61042,Config_62,1,"add(PartnerStanding, PartnerStanding)",2*PartnerStanding,Strict Discriminator,"add(sub(-1, DonorAction), sub(sub(add(sub(DonorAction, 10), add(DonorAction, RecipientStanding)), add(add(DonorAction, RecipientStanding), mul(DonorAction, RecipientStanding))), -1))",-DonorAction*RecipientStanding - 10,Unconditional Bad,76.03,69.19,-42.27,66.73,65.52
2026-05-03_02-51,Local_VSCode,IR3_Config_62_R2,Indirect Reciprocity Mode 3 (Co-Evolution),2,1,10,10,10,100,1,0.5,0.0,0.0,100,100,0.1,0.5,0.2,3,1,genHalfAndHalf,1,10,17,61043,Config_62,2,"add(mul(sub(-10, 1), 10), sub(-10, 1))",-121,Unconditional Defector (ALL-D),"sub(RecipientStanding, RecipientStanding)",0,Unconditional Bad,75.53,66.16,-42.6,67.07,64.38
2026-05-03_02-53,Local_VSCode,IR3_Config_62_R3,Indirect Reciprocity Mode 3 (Co-Evolution),2,1,10,10,10,100,1,0.5,0.0,0.0,100,100,0.1,0.5,0.2,3,1,genHalfAndHalf,1,10,17,61044,Config_62,3,"add(add(sub(PartnerStanding, PartnerStanding), PartnerStanding), -1)",PartnerStanding - 1,Unconditional Defector (ALL-D),"add(RecipientStanding, RecipientStanding)",2*RecipientStanding,"Novel Ass: (True, False, True, False)",75.2,68.27,-40.2,65.0,64.46
2026-05-03_02-55,Local_VSCode,IR3_Config_62_R4,Indirect Reciprocity Mode 3 (Co-Evolution),2,1,10,10,10,100,1,0.5,0.0,0.0,100,100,0.1,0.5,0.2,3,1,genHalfAndHalf,1,10,17,61045,Config_62,4,"add(sub(-10, 0), add(sub(PartnerStanding, PartnerStanding), sub(PartnerStanding, 1)))",PartnerStanding - 11,Unconditional Defector (ALL-D),"sub(DonorAction, add(DonorAction, -10))",10,Unconditional Good,75.07,66.08,-41.47,66.4,65.46
2026-05-03_02-57,Local_VSCode,IR3_Config_62_R5,Indirect Reciprocity Mode 3 (Co-Evolution),2,1,10,10,10,100,1,0.5,0.0,0.0,100,100,0.1,0.5,0.2,3,1,genHalfAndHalf,1,10,17,61046,Config_62,5,"sub(PartnerStanding, PartnerStanding)",0,Unconditional Defector (ALL-D),"add(add(RecipientStanding, DonorAction), DonorAction)",2*DonorAction + RecipientStanding,"Novel Ass: (True, True, True, False)",75.6,68.54,-40.67,65.07,63.56
2026-05-03_02-59,Local_VSCode,IR3_Config_63_R1,Indirect Reciprocity Mode 3 (Co-Evolution),2,1,10,10,10,100,1,0.5,0.0,0.0,100,100,0.5,0.5,0.2,3,1,genHalfAndHalf,1,3,17,62042,Config_63,1,"mul(1, PartnerStanding)",PartnerStanding,Strict Discriminator,"mul(DonorAction, -1)",-DonorAction,Unconditional Bad,74.5,66.36,-38.07,64.07,65.0
2026-05-03_03-02,Local_VSCode,IR3_Config_63_R2,Indirect Reciprocity Mode 3 (Co-Evolution),2,1,10,10,10,100,1,0.5,0.0,0.0,100,100,0.5,0.5,0.2,3,1,genHalfAndHalf,1,3,17,62043,Config_63,2,"mul(1, 0)",0,Unconditional Defector (ALL-D),"sub(RecipientStanding, RecipientStanding)",0,Unconditional Bad,74.53,68.37,-41.2,66.67,66.14
2026-05-03_03-04,Local_VSCode,IR3_Config_63_R3,Indirect Reciprocity Mode 3 (Co-Evolution),2,1,10,10,10,100,1,0.5,0.0,0.0,100,100,0.5,0.5,0.2,3,1,genHalfAndHalf,1,3,17,62044,Config_63,3,"mul(PartnerStanding, -1)",-PartnerStanding,Unconditional Defector (ALL-D),"add(0, 0)",0,Unconditional Bad,75.27,69.32,-39.67,64.4,63.42
2026-05-03_03-06,Local_VSCode,IR3_Config_63_R4,Indirect Reciprocity Mode 3 (Co-Evolution),2,1,10,10,10,100,1,0.5,0.0,0.0,100,100,0.5,0.5,0.2,3,1,genHalfAndHalf,1,3,17,62045,Config_63,4,"sub(0, PartnerStanding)",-PartnerStanding,Unconditional Defector (ALL-D),"mul(DonorAction, DonorAction)",DonorAction**2,Image Scoring,75.53,69.73,-42.6,67.07,63.12
2026-05-03_03-08,Local_VSCode,IR3_Config_63_R5,Indirect Reciprocity Mode 3 (Co-Evolution),2,1,10,10,10,100,1,0.5,0.0,0.0,100,100,0.5,0.5,0.2,3,1,genHalfAndHalf,1,3,17,62046,Config_63,5,"sub(PartnerStanding, PartnerStanding)",0,Unconditional Defector (ALL-D),"mul(RecipientStanding, DonorAction)",DonorAction*RecipientStanding,Shunning,74.93,68.91,-41.87,66.93,68.18
2026-05-03_03-11,Local_VSCode,IR3_Config_64_R1,Indirect Reciprocity Mode 3 (Co-Evolution),2,1,10,10,10,100,1,0.5,0.0,0.0,100,100,0.5,0.5,0.2,3,1,genHalfAndHalf,1,10,17,63042,Config_64,1,"mul(-1, PartnerStanding)",-PartnerStanding,Unconditional Defector (ALL-D),"add(RecipientStanding, RecipientStanding)",2*RecipientStanding,"Novel Ass: (True, False, True, False)",75.27,64.8,-38.6,63.33,64.82
2026-05-03_03-13,Local_VSCode,IR3_Config_64_R2,Indirect Reciprocity Mode 3 (Co-Evolution),2,1,10,10,10,100,1,0.5,0.0,0.0,100,100,0.5,0.5,0.2,3,1,genHalfAndHalf,1,10,17,63043,Config_64,2,"mul(PartnerStanding, PartnerStanding)",PartnerStanding**2,Strict Discriminator,"sub(1, 1)",0,Unconditional Bad,74.7,69.78,-40.6,66.47,65.32
2026-05-03_03-15,Local_VSCode,IR3_Config_64_R3,Indirect Reciprocity Mode 3 (Co-Evolution),2,1,10,10,10,100,1,0.5,0.0,0.0,100,100,0.5,0.5,0.2,3,1,genHalfAndHalf,1,10,17,63044,Config_64,3,"add(-1, PartnerStanding)",PartnerStanding - 1,Unconditional Defector (ALL-D),"add(RecipientStanding, -10)",RecipientStanding - 10,Unconditional Bad,75.67,68.33,-38.93,63.27,65.02
2026-05-03_03-17,Local_VSCode,IR3_Config_64_R4,Indirect Reciprocity Mode 3 (Co-Evolution),2,1,10,10,10,100,1,0.5,0.0,0.0,100,100,0.5,0.5,0.2,3,1,genHalfAndHalf,1,10,17,63045,Config_64,4,"mul(1, -10)",-10,Unconditional Defector (ALL-D),"sub(DonorAction, DonorAction)",0,Unconditional Bad,74.6,68.2,-41.27,66.67,60.42
2026-05-03_03-19,Local_VSCode,IR3_Config_64_R5,Indirect Reciprocity Mode 3 (Co-Evolution),2,1,10,10,10,100,1,0.5,0.0,0.0,100,100,0.5,0.5,0.2,3,1,genHalfAndHalf,1,10,17,63046,Config_64,5,"sub(-1, -1)",0,Unconditional Defector (ALL-D),"sub(1, 1)",0,Unconditional Bad,75.6,65.93,-44.53,68.93,66.02
2026-05-03_03-20,Local_VSCode,IR3_Config_65_R1,Indirect Reciprocity Mode 3 (Co-Evolution),5,1,10,0,0,10,1,0.5,0.0,0.0,10,100,0.1,0.5,0.2,3,1,genHalfAndHalf,1,3,17,64042,Config_65,1,"sub(PartnerStanding, -1)",PartnerStanding + 1,Unconditional Cooperator (ALL-C),"sub(-10, 0)",-10,Unconditional Bad,40.0,32.0,0.0,0.0,40.0
2026-05-03_03-20,Local_VSCode,IR3_Config_65_R2,Indirect Reciprocity Mode 3 (Co-Evolution),5,1,10,0,0,10,1,0.5,0.0,0.0,10,100,0.1,0.5,0.2,3,1,genHalfAndHalf,1,3,17,64043,Config_65,2,"add(0, 1)",1,Unconditional Cooperator (ALL-C),"mul(DonorAction, RecipientStanding)",DonorAction*RecipientStanding,Shunning,40.0,40.0,0.0,0.0,40.0
2026-05-03_03-20,Local_VSCode,IR3_Config_65_R3,Indirect Reciprocity Mode 3 (Co-Evolution),5,1,10,0,0,10,1,0.5,0.0,0.0,10,100,0.1,0.5,0.2,3,1,genHalfAndHalf,1,3,17,64044,Config_65,3,"mul(PartnerStanding, PartnerStanding)",PartnerStanding**2,Strict Discriminator,"sub(RecipientStanding, -1)",RecipientStanding + 1,Unconditional Good,40.0,28.21,0.0,0.0,40.0
2026-05-03_03-20,Local_VSCode,IR3_Config_65_R4,Indirect Reciprocity Mode 3 (Co-Evolution),5,1,10,0,0,10,1,0.5,0.0,0.0,10,100,0.1,0.5,0.2,3,1,genHalfAndHalf,1,3,17,64045,Config_65,4,"add(1, PartnerStanding)",PartnerStanding + 1,Unconditional Cooperator (ALL-C),"add(-1, DonorAction)",DonorAction - 1,Unconditional Bad,40.0,36.0,0.0,0.0,40.0
2026-05-03_03-20,Local_VSCode,IR3_Config_65_R5,Indirect Reciprocity Mode 3 (Co-Evolution),5,1,10,0,0,10,1,0.5,0.0,0.0,10,100,0.1,0.5,0.2,3,1,genHalfAndHalf,1,3,17,64046,Config_65,5,"mul(PartnerStanding, PartnerStanding)",PartnerStanding**2,Strict Discriminator,"sub(DonorAction, -1)",DonorAction + 1,Unconditional Good,40.0,28.39,0.0,0.0,40.0
2026-05-03_03-20,Local_VSCode,IR3_Config_66_R1,Indirect Reciprocity Mode 3 (Co-Evolution),5,1,10,0,0,10,1,0.5,0.0,0.0,10,100,0.1,0.5,0.2,3,1,genHalfAndHalf,1,10,17,65042,Config_66,1,"add(PartnerStanding, 1)",PartnerStanding + 1,Unconditional Cooperator (ALL-C),"add(-1, -1)",-2,Unconditional Bad,40.0,40.0,0.0,0.0,40.0
2026-05-03_03-20,Local_VSCode,IR3_Config_66_R2,Indirect Reciprocity Mode 3 (Co-Evolution),5,1,10,0,0,10,1,0.5,0.0,0.0,10,100,0.1,0.5,0.2,3,1,genHalfAndHalf,1,10,17,65043,Config_66,2,"add(PartnerStanding, 1)",PartnerStanding + 1,Unconditional Cooperator (ALL-C),"sub(DonorAction, RecipientStanding)",DonorAction - RecipientStanding,"Novel Ass: (False, True, False, False)",40.0,36.0,0.0,0.0,40.0
2026-05-03_03-20,Local_VSCode,IR3_Config_66_R3,Indirect Reciprocity Mode 3 (Co-Evolution),5,1,10,0,0,10,1,0.5,0.0,0.0,10,100,0.1,0.5,0.2,3,1,genHalfAndHalf,1,10,17,65044,Config_66,3,"add(PartnerStanding, PartnerStanding)",2*PartnerStanding,Strict Discriminator,"mul(DonorAction, DonorAction)",DonorAction**2,Image Scoring,40.0,40.0,0.0,0.0,40.0
2026-05-03_03-20,Local_VSCode,IR3_Config_66_R4,Indirect Reciprocity Mode 3 (Co-Evolution),5,1,10,0,0,10,1,0.5,0.0,0.0,10,100,0.1,0.5,0.2,3,1,genHalfAndHalf,1,10,17,65045,Config_66,4,"add(PartnerStanding, 10)",PartnerStanding + 10,Unconditional Cooperator (ALL-C),"mul(DonorAction, RecipientStanding)",DonorAction*RecipientStanding,Shunning,40.0,36.0,0.0,0.0,40.0
2026-05-03_03-20,Local_VSCode,IR3_Config_66_R5,Indirect Reciprocity Mode 3 (Co-Evolution),5,1,10,0,0,10,1,0.5,0.0,0.0,10,100,0.1,0.5,0.2,3,1,genHalfAndHalf,1,10,17,65046,Config_66,5,"add(10, 10)",20,Unconditional Cooperator (ALL-C),"mul(-1, -1)",1,Unconditional Good,40.0,40.0,0.0,0.0,40.0
2026-05-03_03-20,Local_VSCode,IR3_Config_67_R1,Indirect Reciprocity Mode 3 (Co-Evolution),5,1,10,0,0,10,1,0.5,0.0,0.0,10,100,0.5,0.5,0.2,3,1,genHalfAndHalf,1,3,17,66042,Config_67,1,"sub(PartnerStanding, 0)",PartnerStanding,Strict Discriminator,"add(RecipientStanding, RecipientStanding)",2*RecipientStanding,"Novel Ass: (True, False, True, False)",40.0,28.0,0.0,0.0,40.0
2026-05-03_03-20,Local_VSCode,IR3_Config_67_R2,Indirect Reciprocity Mode 3 (Co-Evolution),5,1,10,0,0,10,1,0.5,0.0,0.0,10,100,0.5,0.5,0.2,3,1,genHalfAndHalf,1,3,17,66043,Config_67,2,"add(1, PartnerStanding)",PartnerStanding + 1,Unconditional Cooperator (ALL-C),"mul(RecipientStanding, RecipientStanding)",RecipientStanding**2,"Novel Ass: (True, False, True, False)",40.0,40.0,0.0,0.0,40.0
2026-05-03_03-20,Local_VSCode,IR3_Config_67_R3,Indirect Reciprocity Mode 3 (Co-Evolution),5,1,10,0,0,10,1,0.5,0.0,0.0,10,100,0.5,0.5,0.2,3,1,genHalfAndHalf,1,3,17,66044,Config_67,3,"sub(PartnerStanding, -1)",PartnerStanding + 1,Unconditional Cooperator (ALL-C),"add(1, RecipientStanding)",RecipientStanding + 1,Unconditional Good,40.0,20.0,0.0,0.0,40.0
2026-05-03_03-20,Local_VSCode,IR3_Config_67_R4,Indirect Reciprocity Mode 3 (Co-Evolution),5,1,10,0,0,10,1,0.5,0.0,0.0,10,100,0.5,0.5,0.2,3,1,genHalfAndHalf,1,3,17,66045,Config_67,4,"add(10, PartnerStanding)",PartnerStanding + 10,Unconditional Cooperator (ALL-C),"sub(RecipientStanding, DonorAction)",-DonorAction + RecipientStanding,"Novel Ass: (False, False, True, False)",40.0,36.16,0.0,0.0,40.0
2026-05-03_03-20,Local_VSCode,IR3_Config_67_R5,Indirect Reciprocity Mode 3 (Co-Evolution),5,1,10,0,0,10,1,0.5,0.0,0.0,10,100,0.5,0.5,0.2,3,1,genHalfAndHalf,1,3,17,66046,Config_67,5,"mul(PartnerStanding, PartnerStanding)",PartnerStanding**2,Strict Discriminator,"add(10, RecipientStanding)",RecipientStanding + 10,Unconditional Good,40.0,40.0,0.0,0.0,40.0
2026-05-03_03-20,Local_VSCode,IR3_Config_68_R1,Indirect Reciprocity Mode 3 (Co-Evolution),5,1,10,0,0,10,1,0.5,0.0,0.0,10,100,0.5,0.5,0.2,3,1,genHalfAndHalf,1,10,17,67042,Config_68,1,"mul(PartnerStanding, PartnerStanding)",PartnerStanding**2,Strict Discriminator,"add(1, DonorAction)",DonorAction + 1,Unconditional Good,40.0,40.0,0.0,0.0,40.0
2026-05-03_03-20,Local_VSCode,IR3_Config_68_R2,Indirect Reciprocity Mode 3 (Co-Evolution),5,1,10,0,0,10,1,0.5,0.0,0.0,10,100,0.5,0.5,0.2,3,1,genHalfAndHalf,1,10,17,67043,Config_68,2,"sub(PartnerStanding, 0)",PartnerStanding,Strict Discriminator,"mul(10, RecipientStanding)",10*RecipientStanding,"Novel Ass: (True, False, True, False)",40.0,40.0,0.0,0.0,40.0
2026-05-03_03-20,Local_VSCode,IR3_Config_68_R3,Indirect Reciprocity Mode 3 (Co-Evolution),5,1,10,0,0,10,1,0.5,0.0,0.0,10,100,0.5,0.5,0.2,3,1,genHalfAndHalf,1,10,17,67044,Config_68,3,"add(PartnerStanding, 1)",PartnerStanding + 1,Unconditional Cooperator (ALL-C),"sub(0, DonorAction)",-DonorAction,Unconditional Bad,40.0,40.0,0.0,0.0,40.0
2026-05-03_03-20,Local_VSCode,IR3_Config_68_R4,Indirect Reciprocity Mode 3 (Co-Evolution),5,1,10,0,0,10,1,0.5,0.0,0.0,10,100,0.5,0.5,0.2,3,1,genHalfAndHalf,1,10,17,67045,Config_68,4,"add(PartnerStanding, 10)",PartnerStanding + 10,Unconditional Cooperator (ALL-C),"sub(DonorAction, -1)",DonorAction + 1,Unconditional Good,40.0,40.0,0.0,0.0,40.0
2026-05-03_03-20,Local_VSCode,IR3_Config_68_R5,Indirect Reciprocity Mode 3 (Co-Evolution),5,1,10,0,0,10,1,0.5,0.0,0.0,10,100,0.5,0.5,0.2,3,1,genHalfAndHalf,1,10,17,67046,Config_68,5,"mul(1, 1)",1,Unconditional Cooperator (ALL-C),"add(DonorAction, DonorAction)",2*DonorAction,Image Scoring,40.0,32.0,0.0,0.0,40.0
2026-05-03_03-20,Local_VSCode,IR3_Config_69_R1,Indirect Reciprocity Mode 3 (Co-Evolution),5,1,10,0,0,10,1,0.5,0.0,0.0,100,100,0.1,0.5,0.2,3,1,genHalfAndHalf,1,3,17,68042,Config_69,1,"add(10, 0)",10,Unconditional Cooperator (ALL-C),"add(RecipientStanding, RecipientStanding)",2*RecipientStanding,"Novel Ass: (True, False, True, False)",40.0,37.2,0.0,0.0,40.0
2026-05-03_03-20,Local_VSCode,IR3_Config_69_R2,Indirect Reciprocity Mode 3 (Co-Evolution),5,1,10,0,0,10,1,0.5,0.0,0.0,100,100,0.1,0.5,0.2,3,1,genHalfAndHalf,1,3,17,68043,Config_69,2,"mul(10, PartnerStanding)",10*PartnerStanding,Strict Discriminator,"add(DonorAction, 10)",DonorAction + 10,Unconditional Good,40.0,38.45,0.0,0.0,40.0
2026-05-03_03-20,Local_VSCode,IR3_Config_69_R3,Indirect Reciprocity Mode 3 (Co-Evolution),5,1,10,0,0,10,1,0.5,0.0,0.0,100,100,0.1,0.5,0.2,3,1,genHalfAndHalf,1,3,17,68044,Config_69,3,"add(10, -1)",9,Unconditional Cooperator (ALL-C),"mul(RecipientStanding, RecipientStanding)",RecipientStanding**2,"Novel Ass: (True, False, True, False)",40.0,39.6,0.0,0.0,40.0
2026-05-03_03-21,Local_VSCode,IR3_Config_69_R4,Indirect Reciprocity Mode 3 (Co-Evolution),5,1,10,0,0,10,1,0.5,0.0,0.0,100,100,0.1,0.5,0.2,3,1,genHalfAndHalf,1,3,17,68045,Config_69,4,"sub(10, 0)",10,Unconditional Cooperator (ALL-C),"add(-1, DonorAction)",DonorAction - 1,Unconditional Bad,40.0,37.18,0.0,0.0,40.0
2026-05-03_03-21,Local_VSCode,IR3_Config_69_R5,Indirect Reciprocity Mode 3 (Co-Evolution),5,1,10,0,0,10,1,0.5,0.0,0.0,100,100,0.1,0.5,0.2,3,1,genHalfAndHalf,1,3,17,68046,Config_69,5,"add(PartnerStanding, 10)",PartnerStanding + 10,Unconditional Cooperator (ALL-C),"sub(1, DonorAction)",1 - DonorAction,"Novel Ass: (False, False, True, True)",40.0,38.6,0.0,0.0,40.0
2026-05-03_03-21,Local_VSCode,IR3_Config_70_R1,Indirect Reciprocity Mode 3 (Co-Evolution),5,1,10,0,0,10,1,0.5,0.0,0.0,100,100,0.1,0.5,0.2,3,1,genHalfAndHalf,1,10,17,69042,Config_70,1,"mul(1, 1)",1,Unconditional Cooperator (ALL-C),"mul(RecipientStanding, 1)",RecipientStanding,"Novel Ass: (True, False, True, False)",40.0,39.2,0.0,0.0,40.0
2026-05-03_03-21,Local_VSCode,IR3_Config_70_R2,Indirect Reciprocity Mode 3 (Co-Evolution),5,1,10,0,0,10,1,0.5,0.0,0.0,100,100,0.1,0.5,0.2,3,1,genHalfAndHalf,1,10,17,69043,Config_70,2,"sub(10, -1)",11,Unconditional Cooperator (ALL-C),"add(-1, 10)",9,Unconditional Good,40.0,38.02,0.0,0.0,40.0
2026-05-03_03-21,Local_VSCode,IR3_Config_70_R3,Indirect Reciprocity Mode 3 (Co-Evolution),5,1,10,0,0,10,1,0.5,0.0,0.0,100,100,0.1,0.5,0.2,3,1,genHalfAndHalf,1,10,17,69044,Config_70,3,"sub(PartnerStanding, -10)",PartnerStanding + 10,Unconditional Cooperator (ALL-C),"mul(DonorAction, DonorAction)",DonorAction**2,Image Scoring,40.0,37.25,0.0,0.0,40.0
2026-05-03_03-21,Local_VSCode,IR3_Config_70_R4,Indirect Reciprocity Mode 3 (Co-Evolution),5,1,10,0,0,10,1,0.5,0.0,0.0,100,100,0.1,0.5,0.2,3,1,genHalfAndHalf,1,10,17,69045,Config_70,4,"sub(PartnerStanding, 0)",PartnerStanding,Strict Discriminator,"mul(RecipientStanding, DonorAction)",DonorAction*RecipientStanding,Shunning,40.0,38.0,0.0,0.0,40.0
2026-05-03_03-21,Local_VSCode,IR3_Config_70_R5,Indirect Reciprocity Mode 3 (Co-Evolution),5,1,10,0,0,10,1,0.5,0.0,0.0,100,100,0.1,0.5,0.2,3,1,genHalfAndHalf,1,10,17,69046,Config_70,5,"sub(1, -1)",2,Unconditional Cooperator (ALL-C),"mul(-10, DonorAction)",-10*DonorAction,Unconditional Bad,40.0,39.58,0.0,0.0,40.0
2026-05-03_03-22,Local_VSCode,IR3_Config_71_R1,Indirect Reciprocity Mode 3 (Co-Evolution),5,1,10,0,0,10,1,0.5,0.0,0.0,100,100,0.5,0.5,0.2,3,1,genHalfAndHalf,1,3,17,70042,Config_71,1,"sub(PartnerStanding, -1)",PartnerStanding + 1,Unconditional Cooperator (ALL-C),"sub(10, RecipientStanding)",10 - RecipientStanding,Unconditional Good,40.0,37.22,0.0,0.0,40.0
2026-05-03_03-22,Local_VSCode,IR3_Config_71_R2,Indirect Reciprocity Mode 3 (Co-Evolution),5,1,10,0,0,10,1,0.5,0.0,0.0,100,100,0.5,0.5,0.2,3,1,genHalfAndHalf,1,3,17,70043,Config_71,2,"mul(-1, -1)",1,Unconditional Cooperator (ALL-C),"add(RecipientStanding, -10)",RecipientStanding - 10,Unconditional Bad,40.0,36.4,0.0,0.0,40.0
2026-05-03_03-22,Local_VSCode,IR3_Config_71_R3,Indirect Reciprocity Mode 3 (Co-Evolution),5,1,10,0,0,10,1,0.5,0.0,0.0,100,100,0.5,0.5,0.2,3,1,genHalfAndHalf,1,3,17,70044,Config_71,3,"sub(-1, -10)",9,Unconditional Cooperator (ALL-C),"sub(DonorAction, RecipientStanding)",DonorAction - RecipientStanding,"Novel Ass: (False, True, False, False)",40.0,33.82,0.0,0.0,40.0
2026-05-03_03-22,Local_VSCode,IR3_Config_71_R4,Indirect Reciprocity Mode 3 (Co-Evolution),5,1,10,0,0,10,1,0.5,0.0,0.0,100,100,0.5,0.5,0.2,3,1,genHalfAndHalf,1,3,17,70045,Config_71,4,"add(PartnerStanding, PartnerStanding)",2*PartnerStanding,Strict Discriminator,"mul(RecipientStanding, 1)",RecipientStanding,"Novel Ass: (True, False, True, False)",40.0,36.44,0.0,0.0,40.0
2026-05-03_03-22,Local_VSCode,IR3_Config_71_R5,Indirect Reciprocity Mode 3 (Co-Evolution),5,1,10,0,0,10,1,0.5,0.0,0.0,100,100,0.5,0.5,0.2,3,1,genHalfAndHalf,1,3,17,70046,Config_71,5,"add(0, 1)",1,Unconditional Cooperator (ALL-C),"sub(DonorAction, RecipientStanding)",DonorAction - RecipientStanding,"Novel Ass: (False, True, False, False)",40.0,37.18,0.0,0.0,40.0
2026-05-03_03-22,Local_VSCode,IR3_Config_72_R1,Indirect Reciprocity Mode 3 (Co-Evolution),5,1,10,0,0,10,1,0.5,0.0,0.0,100,100,0.5,0.5,0.2,3,1,genHalfAndHalf,1,10,17,71042,Config_72,1,"sub(PartnerStanding, -1)",PartnerStanding + 1,Unconditional Cooperator (ALL-C),"sub(-1, -1)",0,Unconditional Bad,40.0,35.6,0.0,0.0,40.0
2026-05-03_03-22,Local_VSCode,IR3_Config_72_R2,Indirect Reciprocity Mode 3 (Co-Evolution),5,1,10,0,0,10,1,0.5,0.0,0.0,100,100,0.5,0.5,0.2,3,1,genHalfAndHalf,1,10,17,71043,Config_72,2,"mul(1, PartnerStanding)",PartnerStanding,Strict Discriminator,"add(RecipientStanding, RecipientStanding)",2*RecipientStanding,"Novel Ass: (True, False, True, False)",40.0,38.04,0.0,0.0,40.0
2026-05-03_03-22,Local_VSCode,IR3_Config_72_R3,Indirect Reciprocity Mode 3 (Co-Evolution),5,1,10,0,0,10,1,0.5,0.0,0.0,100,100,0.5,0.5,0.2,3,1,genHalfAndHalf,1,10,17,71044,Config_72,3,"add(1, 1)",2,Unconditional Cooperator (ALL-C),"sub(DonorAction, DonorAction)",0,Unconditional Bad,40.0,38.19,0.0,0.0,40.0
2026-05-03_03-23,Local_VSCode,IR3_Config_72_R4,Indirect Reciprocity Mode 3 (Co-Evolution),5,1,10,0,0,10,1,0.5,0.0,0.0,100,100,0.5,0.5,0.2,3,1,genHalfAndHalf,1,10,17,71045,Config_72,4,"mul(PartnerStanding, PartnerStanding)",PartnerStanding**2,Strict Discriminator,"sub(DonorAction, -10)",DonorAction + 10,Unconditional Good,40.0,33.09,0.0,0.0,40.0
2026-05-03_03-23,Local_VSCode,IR3_Config_72_R5,Indirect Reciprocity Mode 3 (Co-Evolution),5,1,10,0,0,10,1,0.5,0.0,0.0,100,100,0.5,0.5,0.2,3,1,genHalfAndHalf,1,10,17,71046,Config_72,5,"sub(PartnerStanding, -10)",PartnerStanding + 10,Unconditional Cooperator (ALL-C),"mul(RecipientStanding, -1)",-RecipientStanding,Unconditional Bad,40.0,36.0,0.0,0.0,40.0
2026-05-03_03-23,Local_VSCode,IR3_Config_73_R1,Indirect Reciprocity Mode 3 (Co-Evolution),5,1,10,0,0,100,1,0.5,0.0,0.0,10,100,0.1,0.5,0.2,3,1,genHalfAndHalf,1,3,17,72042,Config_73,1,"mul(10, 10)",100,Unconditional Cooperator (ALL-C),"mul(-10, 10)",-100,Unconditional Bad,400.0,400.0,0.0,0.0,400.0
2026-05-03_03-23,Local_VSCode,IR3_Config_73_R2,Indirect Reciprocity Mode 3 (Co-Evolution),5,1,10,0,0,100,1,0.5,0.0,0.0,10,100,0.1,0.5,0.2,3,1,genHalfAndHalf,1,3,17,72043,Config_73,2,"sub(PartnerStanding, -10)",PartnerStanding + 10,Unconditional Cooperator (ALL-C),"sub(DonorAction, -10)",DonorAction + 10,Unconditional Good,400.0,400.0,0.0,0.0,400.0
2026-05-03_03-23,Local_VSCode,IR3_Config_73_R3,Indirect Reciprocity Mode 3 (Co-Evolution),5,1,10,0,0,100,1,0.5,0.0,0.0,10,100,0.1,0.5,0.2,3,1,genHalfAndHalf,1,3,17,72044,Config_73,3,"add(PartnerStanding, PartnerStanding)",2*PartnerStanding,Strict Discriminator,"add(DonorAction, DonorAction)",2*DonorAction,Image Scoring,400.0,400.0,0.0,0.0,400.0
2026-05-03_03-23,Local_VSCode,IR3_Config_73_R4,Indirect Reciprocity Mode 3 (Co-Evolution),5,1,10,0,0,100,1,0.5,0.0,0.0,10,100,0.1,0.5,0.2,3,1,genHalfAndHalf,1,3,17,72045,Config_73,4,"add(1, 10)",11,Unconditional Cooperator (ALL-C),"add(RecipientStanding, DonorAction)",DonorAction + RecipientStanding,"Novel Ass: (True, True, True, False)",400.0,339.93,0.0,0.0,400.0
2026-05-03_03-23,Local_VSCode,IR3_Config_73_R5,Indirect Reciprocity Mode 3 (Co-Evolution),5,1,10,0,0,100,1,0.5,0.0,0.0,10,100,0.1,0.5,0.2,3,1,genHalfAndHalf,1,3,17,72046,Config_73,5,"sub(PartnerStanding, -1)",PartnerStanding + 1,Unconditional Cooperator (ALL-C),"sub(1, RecipientStanding)",1 - RecipientStanding,"Novel Ass: (False, True, False, True)",400.0,400.0,0.0,0.0,400.0
2026-05-03_03-23,Local_VSCode,IR3_Config_74_R1,Indirect Reciprocity Mode 3 (Co-Evolution),5,1,10,0,0,100,1,0.5,0.0,0.0,10,100,0.1,0.5,0.2,3,1,genHalfAndHalf,1,10,17,73042,Config_74,1,"sub(PartnerStanding, -1)",PartnerStanding + 1,Unconditional Cooperator (ALL-C),"sub(0, RecipientStanding)",-RecipientStanding,Unconditional Bad,400.0,400.0,0.0,0.0,400.0
2026-05-03_03-23,Local_VSCode,IR3_Config_74_R2,Indirect Reciprocity Mode 3 (Co-Evolution),5,1,10,0,0,100,1,0.5,0.0,0.0,10,100,0.1,0.5,0.2,3,1,genHalfAndHalf,1,10,17,73043,Config_74,2,"add(0, 1)",1,Unconditional Cooperator (ALL-C),"sub(RecipientStanding, RecipientStanding)",0,Unconditional Bad,400.0,360.17,0.0,0.0,400.0
2026-05-03_03-23,Local_VSCode,IR3_Config_74_R3,Indirect Reciprocity Mode 3 (Co-Evolution),5,1,10,0,0,100,1,0.5,0.0,0.0,10,100,0.1,0.5,0.2,3,1,genHalfAndHalf,1,10,17,73044,Config_74,3,"add(0, PartnerStanding)",PartnerStanding,Strict Discriminator,"sub(RecipientStanding, -1)",RecipientStanding + 1,Unconditional Good,400.0,320.36,0.0,0.0,400.0
2026-05-03_03-23,Local_VSCode,IR3_Config_74_R4,Indirect Reciprocity Mode 3 (Co-Evolution),5,1,10,0,0,100,1,0.5,0.0,0.0,10,100,0.1,0.5,0.2,3,1,genHalfAndHalf,1,10,17,73045,Config_74,4,"add(0, 1)",1,Unconditional Cooperator (ALL-C),"sub(DonorAction, DonorAction)",0,Unconditional Bad,400.0,400.0,0.0,0.0,400.0
2026-05-03_03-24,Local_VSCode,IR3_Config_74_R5,Indirect Reciprocity Mode 3 (Co-Evolution),5,1,10,0,0,100,1,0.5,0.0,0.0,10,100,0.1,0.5,0.2,3,1,genHalfAndHalf,1,10,17,73046,Config_74,5,"add(PartnerStanding, PartnerStanding)",2*PartnerStanding,Strict Discriminator,"add(DonorAction, DonorAction)",2*DonorAction,Image Scoring,400.0,360.17,0.0,0.0,400.0
2026-05-03_03-24,Local_VSCode,IR3_Config_75_R1,Indirect Reciprocity Mode 3 (Co-Evolution),5,1,10,0,0,100,1,0.5,0.0,0.0,10,100,0.5,0.5,0.2,3,1,genHalfAndHalf,1,3,17,74042,Config_75,1,"add(PartnerStanding, PartnerStanding)",2*PartnerStanding,Strict Discriminator,"mul(DonorAction, RecipientStanding)",DonorAction*RecipientStanding,Shunning,400.0,360.19,0.0,0.0,400.0
2026-05-03_03-24,Local_VSCode,IR3_Config_75_R2,Indirect Reciprocity Mode 3 (Co-Evolution),5,1,10,0,0,100,1,0.5,0.0,0.0,10,100,0.5,0.5,0.2,3,1,genHalfAndHalf,1,3,17,74043,Config_75,2,"add(PartnerStanding, PartnerStanding)",2*PartnerStanding,Strict Discriminator,"sub(DonorAction, -1)",DonorAction + 1,Unconditional Good,400.0,400.0,0.0,0.0,400.0
2026-05-03_03-24,Local_VSCode,IR3_Config_75_R3,Indirect Reciprocity Mode 3 (Co-Evolution),5,1,10,0,0,100,1,0.5,0.0,0.0,10,100,0.5,0.5,0.2,3,1,genHalfAndHalf,1,3,17,74044,Config_75,3,"add(PartnerStanding, PartnerStanding)",2*PartnerStanding,Strict Discriminator,"mul(DonorAction, DonorAction)",DonorAction**2,Image Scoring,400.0,320.21,0.0,0.0,400.0
2026-05-03_03-24,Local_VSCode,IR3_Config_75_R4,Indirect Reciprocity Mode 3 (Co-Evolution),5,1,10,0,0,100,1,0.5,0.0,0.0,10,100,0.5,0.5,0.2,3,1,genHalfAndHalf,1,3,17,74045,Config_75,4,"add(PartnerStanding, PartnerStanding)",2*PartnerStanding,Strict Discriminator,"add(DonorAction, RecipientStanding)",DonorAction + RecipientStanding,"Novel Ass: (True, True, True, False)",400.0,360.0,0.0,0.0,400.0
2026-05-03_03-24,Local_VSCode,IR3_Config_75_R5,Indirect Reciprocity Mode 3 (Co-Evolution),5,1,10,0,0,100,1,0.5,0.0,0.0,10,100,0.5,0.5,0.2,3,1,genHalfAndHalf,1,3,17,74046,Config_75,5,"mul(-1, -10)",10,Unconditional Cooperator (ALL-C),"sub(DonorAction, DonorAction)",0,Unconditional Bad,400.0,400.0,0.0,0.0,400.0
2026-05-03_03-24,Local_VSCode,IR3_Config_76_R1,Indirect Reciprocity Mode 3 (Co-Evolution),5,1,10,0,0,100,1,0.5,0.0,0.0,10,100,0.5,0.5,0.2,3,1,genHalfAndHalf,1,10,17,75042,Config_76,1,"mul(-10, -1)",10,Unconditional Cooperator (ALL-C),"add(DonorAction, RecipientStanding)",DonorAction + RecipientStanding,"Novel Ass: (True, True, True, False)",400.0,400.0,0.0,0.0,400.0
2026-05-03_03-24,Local_VSCode,IR3_Config_76_R2,Indirect Reciprocity Mode 3 (Co-Evolution),5,1,10,0,0,100,1,0.5,0.0,0.0,10,100,0.5,0.5,0.2,3,1,genHalfAndHalf,1,10,17,75043,Config_76,2,"sub(PartnerStanding, -1)",PartnerStanding + 1,Unconditional Cooperator (ALL-C),"mul(0, -1)",0,Unconditional Bad,400.0,280.17,0.0,0.0,400.0
2026-05-03_03-24,Local_VSCode,IR3_Config_76_R3,Indirect Reciprocity Mode 3 (Co-Evolution),5,1,10,0,0,100,1,0.5,0.0,0.0,10,100,0.5,0.5,0.2,3,1,genHalfAndHalf,1,10,17,75044,Config_76,3,"sub(10, PartnerStanding)",10 - PartnerStanding,Unconditional Cooperator (ALL-C),"add(-10, RecipientStanding)",RecipientStanding - 10,Unconditional Bad,400.0,240.0,0.0,0.0,400.0
2026-05-03_03-24,Local_VSCode,IR3_Config_76_R4,Indirect Reciprocity Mode 3 (Co-Evolution),5,1,10,0,0,100,1,0.5,0.0,0.0,10,100,0.5,0.5,0.2,3,1,genHalfAndHalf,1,10,17,75045,Config_76,4,"add(-1, 10)",9,Unconditional Cooperator (ALL-C),"sub(RecipientStanding, DonorAction)",-DonorAction + RecipientStanding,"Novel Ass: (False, False, True, False)",400.0,400.0,0.0,0.0,400.0
2026-05-03_03-24,Local_VSCode,IR3_Config_76_R5,Indirect Reciprocity Mode 3 (Co-Evolution),5,1,10,0,0,100,1,0.5,0.0,0.0,10,100,0.5,0.5,0.2,3,1,genHalfAndHalf,1,10,17,75046,Config_76,5,"sub(10, PartnerStanding)",10 - PartnerStanding,Unconditional Cooperator (ALL-C),"mul(DonorAction, DonorAction)",DonorAction**2,Image Scoring,400.0,400.0,0.0,0.0,400.0
2026-05-03_03-25,Local_VSCode,IR3_Config_77_R1,Indirect Reciprocity Mode 3 (Co-Evolution),5,1,10,0,0,100,1,0.5,0.0,0.0,100,100,0.1,0.5,0.2,3,1,genHalfAndHalf,1,3,17,76042,Config_77,1,"sub(0, -10)",10,Unconditional Cooperator (ALL-C),"sub(DonorAction, 10)",DonorAction - 10,Unconditional Bad,400.0,368.06,0.0,0.0,400.0
2026-05-03_03-26,Local_VSCode,IR3_Config_77_R2,Indirect Reciprocity Mode 3 (Co-Evolution),5,1,10,0,0,100,1,0.5,0.0,0.0,100,100,0.1,0.5,0.2,3,1,genHalfAndHalf,1,3,17,76043,Config_77,2,"add(PartnerStanding, 1)",PartnerStanding + 1,Unconditional Cooperator (ALL-C),"mul(DonorAction, 10)",10*DonorAction,Image Scoring,400.0,376.09,0.0,0.0,400.0
2026-05-03_03-27,Local_VSCode,IR3_Config_77_R3,Indirect Reciprocity Mode 3 (Co-Evolution),5,1,10,0,0,100,1,0.5,0.0,0.0,100,100,0.1,0.5,0.2,3,1,genHalfAndHalf,1,3,17,76044,Config_77,3,"add(PartnerStanding, 0)",PartnerStanding,Strict Discriminator,"sub(DonorAction, -1)",DonorAction + 1,Unconditional Good,400.0,376.02,0.0,0.0,400.0
2026-05-03_03-27,Local_VSCode,IR3_Config_77_R4,Indirect Reciprocity Mode 3 (Co-Evolution),5,1,10,0,0,100,1,0.5,0.0,0.0,100,100,0.1,0.5,0.2,3,1,genHalfAndHalf,1,3,17,76045,Config_77,4,"add(0, 10)",10,Unconditional Cooperator (ALL-C),"add(DonorAction, DonorAction)",2*DonorAction,Image Scoring,400.0,384.0,0.0,0.0,400.0
2026-05-03_03-28,Local_VSCode,IR3_Config_77_R5,Indirect Reciprocity Mode 3 (Co-Evolution),5,1,10,0,0,100,1,0.5,0.0,0.0,100,100,0.1,0.5,0.2,3,1,genHalfAndHalf,1,3,17,76046,Config_77,5,"sub(10, 1)",9,Unconditional Cooperator (ALL-C),"add(1, RecipientStanding)",RecipientStanding + 1,Unconditional Good,400.0,344.02,0.0,0.0,400.0
2026-05-03_03-29,Local_VSCode,IR3_Config_78_R1,Indirect Reciprocity Mode 3 (Co-Evolution),5,1,10,0,0,100,1,0.5,0.0,0.0,100,100,0.1,0.5,0.2,3,1,genHalfAndHalf,1,10,17,77042,Config_78,1,"sub(1, -1)",2,Unconditional Cooperator (ALL-C),"sub(RecipientStanding, 0)",RecipientStanding,"Novel Ass: (True, False, True, False)",400.0,375.98,0.0,0.0,400.0
2026-05-03_03-30,Local_VSCode,IR3_Config_78_R2,Indirect Reciprocity Mode 3 (Co-Evolution),5,1,10,0,0,100,1,0.5,0.0,0.0,100,100,0.1,0.5,0.2,3,1,genHalfAndHalf,1,10,17,77043,Config_78,2,"sub(PartnerStanding, 0)",PartnerStanding,Strict Discriminator,"add(DonorAction, RecipientStanding)",DonorAction + RecipientStanding,"Novel Ass: (True, True, True, False)",400.0,364.03,0.0,0.0,400.0
2026-05-03_03-30,Local_VSCode,IR3_Config_78_R3,Indirect Reciprocity Mode 3 (Co-Evolution),5,1,10,0,0,100,1,0.5,0.0,0.0,100,100,0.1,0.5,0.2,3,1,genHalfAndHalf,1,10,17,77044,Config_78,3,"add(1, PartnerStanding)",PartnerStanding + 1,Unconditional Cooperator (ALL-C),"mul(DonorAction, RecipientStanding)",DonorAction*RecipientStanding,Shunning,400.0,364.1,0.0,0.0,400.0
2026-05-03_03-31,Local_VSCode,IR3_Config_78_R4,Indirect Reciprocity Mode 3 (Co-Evolution),5,1,10,0,0,100,1,0.5,0.0,0.0,100,100,0.1,0.5,0.2,3,1,genHalfAndHalf,1,10,17,77045,Config_78,4,"add(PartnerStanding, 1)",PartnerStanding + 1,Unconditional Cooperator (ALL-C),"add(1, DonorAction)",DonorAction + 1,Unconditional Good,400.0,388.02,0.0,0.0,400.0
2026-05-03_03-32,Local_VSCode,IR3_Config_78_R5,Indirect Reciprocity Mode 3 (Co-Evolution),5,1,10,0,0,100,1,0.5,0.0,0.0,100,100,0.1,0.5,0.2,3,1,genHalfAndHalf,1,10,17,77046,Config_78,5,"add(PartnerStanding, PartnerStanding)",2*PartnerStanding,Strict Discriminator,"add(RecipientStanding, DonorAction)",DonorAction + RecipientStanding,"Novel Ass: (True, True, True, False)",400.0,376.0,0.0,0.0,400.0
2026-05-03_03-32,Local_VSCode,IR3_Config_79_R1,Indirect Reciprocity Mode 3 (Co-Evolution),5,1,10,0,0,100,1,0.5,0.0,0.0,100,100,0.5,0.5,0.2,3,1,genHalfAndHalf,1,3,17,78042,Config_79,1,"mul(-1, -10)",10,Unconditional Cooperator (ALL-C),"add(0, 10)",10,Unconditional Good,400.0,344.0,0.0,0.0,400.0
2026-05-03_03-33,Local_VSCode,IR3_Config_79_R2,Indirect Reciprocity Mode 3 (Co-Evolution),5,1,10,0,0,100,1,0.5,0.0,0.0,100,100,0.5,0.5,0.2,3,1,genHalfAndHalf,1,3,17,78043,Config_79,2,"add(0, PartnerStanding)",PartnerStanding,Strict Discriminator,"sub(RecipientStanding, -10)",RecipientStanding + 10,Unconditional Good,400.0,380.03,0.0,0.0,400.0
2026-05-03_03-34,Local_VSCode,IR3_Config_79_R3,Indirect Reciprocity Mode 3 (Co-Evolution),5,1,10,0,0,100,1,0.5,0.0,0.0,100,100,0.5,0.5,0.2,3,1,genHalfAndHalf,1,3,17,78044,Config_79,3,"sub(PartnerStanding, -1)",PartnerStanding + 1,Unconditional Cooperator (ALL-C),"mul(DonorAction, RecipientStanding)",DonorAction*RecipientStanding,Shunning,400.0,352.09,0.0,0.0,400.0
2026-05-03_03-35,Local_VSCode,IR3_Config_79_R4,Indirect Reciprocity Mode 3 (Co-Evolution),5,1,10,0,0,100,1,0.5,0.0,0.0,100,100,0.5,0.5,0.2,3,1,genHalfAndHalf,1,3,17,78045,Config_79,4,"add(PartnerStanding, PartnerStanding)",2*PartnerStanding,Strict Discriminator,"mul(DonorAction, RecipientStanding)",DonorAction*RecipientStanding,Shunning,400.0,360.07,0.0,0.0,400.0
2026-05-03_03-35,Local_VSCode,IR3_Config_79_R5,Indirect Reciprocity Mode 3 (Co-Evolution),5,1,10,0,0,100,1,0.5,0.0,0.0,100,100,0.5,0.5,0.2,3,1,genHalfAndHalf,1,3,17,78046,Config_79,5,"add(PartnerStanding, 1)",PartnerStanding + 1,Unconditional Cooperator (ALL-C),"add(DonorAction, RecipientStanding)",DonorAction + RecipientStanding,"Novel Ass: (True, True, True, False)",400.0,372.09,0.0,0.0,400.0
2026-05-03_03-36,Local_VSCode,IR3_Config_80_R1,Indirect Reciprocity Mode 3 (Co-Evolution),5,1,10,0,0,100,1,0.5,0.0,0.0,100,100,0.5,0.5,0.2,3,1,genHalfAndHalf,1,10,17,79042,Config_80,1,"add(PartnerStanding, 10)",PartnerStanding + 10,Unconditional Cooperator (ALL-C),"mul(DonorAction, DonorAction)",DonorAction**2,Image Scoring,400.0,372.02,0.0,0.0,400.0
2026-05-03_03-37,Local_VSCode,IR3_Config_80_R2,Indirect Reciprocity Mode 3 (Co-Evolution),5,1,10,0,0,100,1,0.5,0.0,0.0,100,100,0.5,0.5,0.2,3,1,genHalfAndHalf,1,10,17,79043,Config_80,2,"add(10, 0)",10,Unconditional Cooperator (ALL-C),"add(DonorAction, DonorAction)",2*DonorAction,Image Scoring,400.0,384.0,0.0,0.0,400.0
2026-05-03_03-37,Local_VSCode,IR3_Config_80_R3,Indirect Reciprocity Mode 3 (Co-Evolution),5,1,10,0,0,100,1,0.5,0.0,0.0,100,100,0.5,0.5,0.2,3,1,genHalfAndHalf,1,10,17,79044,Config_80,3,"add(PartnerStanding, PartnerStanding)",2*PartnerStanding,Strict Discriminator,"sub(1, -1)",2,Unconditional Good,400.0,364.04,0.0,0.0,400.0
2026-05-03_03-38,Local_VSCode,IR3_Config_80_R4,Indirect Reciprocity Mode 3 (Co-Evolution),5,1,10,0,0,100,1,0.5,0.0,0.0,100,100,0.5,0.5,0.2,3,1,genHalfAndHalf,1,10,17,79045,Config_80,4,"mul(PartnerStanding, PartnerStanding)",PartnerStanding**2,Strict Discriminator,"mul(10, RecipientStanding)",10*RecipientStanding,"Novel Ass: (True, False, True, False)",400.0,364.03,0.0,0.0,400.0
2026-05-03_03-39,Local_VSCode,IR3_Config_80_R5,Indirect Reciprocity Mode 3 (Co-Evolution),5,1,10,0,0,100,1,0.5,0.0,0.0,100,100,0.5,0.5,0.2,3,1,genHalfAndHalf,1,10,17,79046,Config_80,5,"mul(PartnerStanding, 1)",PartnerStanding,Strict Discriminator,"mul(RecipientStanding, DonorAction)",DonorAction*RecipientStanding,Shunning,400.0,364.06,0.0,0.0,400.0
2026-05-03_03-39,Local_VSCode,IR3_Config_81_R1,Indirect Reciprocity Mode 3 (Co-Evolution),5,1,10,0,10,10,1,0.5,0.0,0.0,10,100,0.1,0.5,0.2,3,1,genHalfAndHalf,1,3,17,80042,Config_81,1,"add(PartnerStanding, PartnerStanding)",2*PartnerStanding,Strict Discriminator,"add(10, 10)",20,Unconditional Good,17.83,16.88,0.0,22.17,18.62
2026-05-03_03-39,Local_VSCode,IR3_Config_81_R2,Indirect Reciprocity Mode 3 (Co-Evolution),5,1,10,0,10,10,1,0.5,0.0,0.0,10,100,0.1,0.5,0.2,3,1,genHalfAndHalf,1,3,17,80043,Config_81,2,"add(10, 10)",20,Unconditional Cooperator (ALL-C),"add(sub(DonorAction, RecipientStanding), RecipientStanding)",DonorAction,Image Scoring,17.5,14.72,0.0,22.5,18.5
2026-05-03_03-39,Local_VSCode,IR3_Config_81_R3,Indirect Reciprocity Mode 3 (Co-Evolution),5,1,10,0,10,10,1,0.5,0.0,0.0,10,100,0.1,0.5,0.2,3,1,genHalfAndHalf,1,3,17,80044,Config_81,3,"sub(add(sub(add(1, PartnerStanding), mul(PartnerStanding, PartnerStanding)), PartnerStanding), sub(-1, -1))",-PartnerStanding**2 + 2*PartnerStanding + 1,Unconditional Cooperator (ALL-C),"add(RecipientStanding, RecipientStanding)",2*RecipientStanding,"Novel Ass: (True, False, True, False)",20.5,13.16,0.0,19.5,19.42
2026-05-03_03-39,Local_VSCode,IR3_Config_81_R4,Indirect Reciprocity Mode 3 (Co-Evolution),5,1,10,0,10,10,1,0.5,0.0,0.0,10,100,0.1,0.5,0.2,3,1,genHalfAndHalf,1,3,17,80045,Config_81,4,"sub(sub(PartnerStanding, PartnerStanding), add(-10, -10))",20,Unconditional Cooperator (ALL-C),"add(1, 1)",2,Unconditional Good,17.0,16.5,0.0,23.0,16.58
2026-05-03_03-39,Local_VSCode,IR3_Config_81_R5,Indirect Reciprocity Mode 3 (Co-Evolution),5,1,10,0,10,10,1,0.5,0.0,0.0,10,100,0.1,0.5,0.2,3,1,genHalfAndHalf,1,3,17,80046,Config_81,5,"add(10, 10)",20,Unconditional Cooperator (ALL-C),"mul(-1, -1)",1,Unconditional Good,17.83,15.05,0.0,22.17,18.36
2026-05-03_03-39,Local_VSCode,IR3_Config_82_R1,Indirect Reciprocity Mode 3 (Co-Evolution),5,1,10,0,10,10,1,0.5,0.0,0.0,10,100,0.1,0.5,0.2,3,1,genHalfAndHalf,1,10,17,81042,Config_82,1,"add(0, 10)",10,Unconditional Cooperator (ALL-C),"add(add(RecipientStanding, DonorAction), -1)",DonorAction + RecipientStanding - 1,Shunning,18.0,14.83,0.0,22.0,17.36
2026-05-03_03-39,Local_VSCode,IR3_Config_82_R2,Indirect Reciprocity Mode 3 (Co-Evolution),5,1,10,0,10,10,1,0.5,0.0,0.0,10,100,0.1,0.5,0.2,3,1,genHalfAndHalf,1,10,17,81043,Config_82,2,"add(sub(mul(PartnerStanding, PartnerStanding), sub(10, PartnerStanding)), sub(add(0, 10), mul(PartnerStanding, PartnerStanding)))",PartnerStanding,Strict Discriminator,"sub(10, DonorAction)",10 - DonorAction,Unconditional Good,17.5,13.82,0.0,22.5,18.78
2026-05-03_03-39,Local_VSCode,IR3_Config_82_R3,Indirect Reciprocity Mode 3 (Co-Evolution),5,1,10,0,10,10,1,0.5,0.0,0.0,10,100,0.1,0.5,0.2,3,1,genHalfAndHalf,1,10,17,81044,Config_82,3,"sub(sub(10, -1), add(PartnerStanding, -1))",12 - PartnerStanding,Unconditional Cooperator (ALL-C),"mul(DonorAction, DonorAction)",DonorAction**2,Image Scoring,17.17,16.13,0.0,22.83,16.26
2026-05-03_03-39,Local_VSCode,IR3_Config_82_R4,Indirect Reciprocity Mode 3 (Co-Evolution),5,1,10,0,10,10,1,0.5,0.0,0.0,10,100,0.1,0.5,0.2,3,1,genHalfAndHalf,1,10,17,81045,Config_82,4,"mul(PartnerStanding, PartnerStanding)",PartnerStanding**2,Strict Discriminator,"sub(RecipientStanding, sub(sub(mul(-10, 1), 0), mul(-1, add(RecipientStanding, RecipientStanding))))",10 - RecipientStanding,Unconditional Good,18.0,10.49,0.0,22.0,18.66
2026-05-03_03-39,Local_VSCode,IR3_Config_82_R5,Indirect Reciprocity Mode 3 (Co-Evolution),5,1,10,0,10,10,1,0.5,0.0,0.0,10,100,0.1,0.5,0.2,3,1,genHalfAndHalf,1,10,17,81046,Config_82,5,"mul(mul(1, sub(PartnerStanding, 0)), sub(mul(1, sub(PartnerStanding, 0)), 0))",PartnerStanding**2,Strict Discriminator,"mul(-10, -10)",100,Unconditional Good,17.33,15.63,0.0,22.67,16.6
2026-05-03_03-39,Local_VSCode,IR3_Config_83_R1,Indirect Reciprocity Mode 3 (Co-Evolution),5,1,10,0,10,10,1,0.5,0.0,0.0,10,100,0.5,0.5,0.2,3,1,genHalfAndHalf,1,3,17,82042,Config_83,1,"sub(PartnerStanding, -1)",PartnerStanding + 1,Unconditional Cooperator (ALL-C),"mul(RecipientStanding, RecipientStanding)",RecipientStanding**2,"Novel Ass: (True, False, True, False)",17.83,13.88,0.0,22.17,18.5
2026-05-03_03-39,Local_VSCode,IR3_Config_83_R2,Indirect Reciprocity Mode 3 (Co-Evolution),5,1,10,0,10,10,1,0.5,0.0,0.0,10,100,0.5,0.5,0.2,3,1,genHalfAndHalf,1,3,17,82043,Config_83,2,"add(-10, mul(-10, -10))",90,Unconditional Cooperator (ALL-C),"mul(RecipientStanding, RecipientStanding)",RecipientStanding**2,"Novel Ass: (True, False, True, False)",17.0,15.1,0.0,23.0,17.16
2026-05-03_03-39,Local_VSCode,IR3_Config_83_R3,Indirect Reciprocity Mode 3 (Co-Evolution),5,1,10,0,10,10,1,0.5,0.0,0.0,10,100,0.5,0.5,0.2,3,1,genHalfAndHalf,1,3,17,82044,Config_83,3,"sub(PartnerStanding, 0)",PartnerStanding,Strict Discriminator,"sub(0, -1)",1,Unconditional Good,16.33,9.54,0.0,23.67,18.96
2026-05-03_03-39,Local_VSCode,IR3_Config_83_R4,Indirect Reciprocity Mode 3 (Co-Evolution),5,1,10,0,10,10,1,0.5,0.0,0.0,10,100,0.5,0.5,0.2,3,1,genHalfAndHalf,1,3,17,82045,Config_83,4,"add(PartnerStanding, PartnerStanding)",2*PartnerStanding,Strict Discriminator,"add(1, 1)",2,Unconditional Good,17.17,13.55,0.0,22.83,19.2
2026-05-03_03-39,Local_VSCode,IR3_Config_83_R5,Indirect Reciprocity Mode 3 (Co-Evolution),5,1,10,0,10,10,1,0.5,0.0,0.0,10,100,0.5,0.5,0.2,3,1,genHalfAndHalf,1,3,17,82046,Config_83,5,"sub(10, 0)",10,Unconditional Cooperator (ALL-C),"add(DonorAction, DonorAction)",2*DonorAction,Image Scoring,16.5,15.43,0.0,23.5,18.08
2026-05-03_03-40,Local_VSCode,IR3_Config_84_R1,Indirect Reciprocity Mode 3 (Co-Evolution),5,1,10,0,10,10,1,0.5,0.0,0.0,10,100,0.5,0.5,0.2,3,1,genHalfAndHalf,1,10,17,83042,Config_84,1,"mul(10, 10)",100,Unconditional Cooperator (ALL-C),"mul(0, 0)",0,Unconditional Bad,16.67,13.67,0.0,23.33,17.64
2026-05-03_03-40,Local_VSCode,IR3_Config_84_R2,Indirect Reciprocity Mode 3 (Co-Evolution),5,1,10,0,10,10,1,0.5,0.0,0.0,10,100,0.5,0.5,0.2,3,1,genHalfAndHalf,1,10,17,83043,Config_84,2,"mul(PartnerStanding, PartnerStanding)",PartnerStanding**2,Strict Discriminator,"mul(RecipientStanding, RecipientStanding)",RecipientStanding**2,"Novel Ass: (True, False, True, False)",17.0,12.41,0.0,23.0,19.94
2026-05-03_03-40,Local_VSCode,IR3_Config_84_R3,Indirect Reciprocity Mode 3 (Co-Evolution),5,1,10,0,10,10,1,0.5,0.0,0.0,10,100,0.5,0.5,0.2,3,1,genHalfAndHalf,1,10,17,83044,Config_84,3,"sub(10, PartnerStanding)",10 - PartnerStanding,Unconditional Cooperator (ALL-C),"mul(DonorAction, 0)",0,Unconditional Bad,16.83,5.38,0.0,23.17,16.12
2026-05-03_03-40,Local_VSCode,IR3_Config_84_R4,Indirect Reciprocity Mode 3 (Co-Evolution),5,1,10,0,10,10,1,0.5,0.0,0.0,10,100,0.5,0.5,0.2,3,1,genHalfAndHalf,1,10,17,83045,Config_84,4,"add(PartnerStanding, 1)",PartnerStanding + 1,Unconditional Cooperator (ALL-C),"sub(0, RecipientStanding)",-RecipientStanding,Unconditional Bad,17.67,15.37,0.0,22.33,19.14
2026-05-03_03-40,Local_VSCode,IR3_Config_84_R5,Indirect Reciprocity Mode 3 (Co-Evolution),5,1,10,0,10,10,1,0.5,0.0,0.0,10,100,0.5,0.5,0.2,3,1,genHalfAndHalf,1,10,17,83046,Config_84,5,"mul(10, 10)",100,Unconditional Cooperator (ALL-C),"add(RecipientStanding, RecipientStanding)",2*RecipientStanding,"Novel Ass: (True, False, True, False)",16.83,14.37,0.0,23.17,18.38
2026-05-03_03-40,Local_VSCode,IR3_Config_85_R1,Indirect Reciprocity Mode 3 (Co-Evolution),5,1,10,0,10,10,1,0.5,0.0,0.0,100,100,0.1,0.5,0.2,3,1,genHalfAndHalf,1,3,17,84042,Config_85,1,"add(10, 10)",20,Unconditional Cooperator (ALL-C),"sub(0, 0)",0,Unconditional Bad,19.17,14.89,0.0,20.83,17.8
2026-05-03_03-40,Local_VSCode,IR3_Config_85_R2,Indirect Reciprocity Mode 3 (Co-Evolution),5,1,10,0,10,10,1,0.5,0.0,0.0,100,100,0.1,0.5,0.2,3,1,genHalfAndHalf,1,3,17,84043,Config_85,2,"add(1, 1)",2,Unconditional Cooperator (ALL-C),"mul(sub(DonorAction, RecipientStanding), RecipientStanding)",RecipientStanding*(DonorAction - RecipientStanding),Unconditional Bad,18.67,13.78,0.0,21.33,18.1
2026-05-03_03-40,Local_VSCode,IR3_Config_85_R3,Indirect Reciprocity Mode 3 (Co-Evolution),5,1,10,0,10,10,1,0.5,0.0,0.0,100,100,0.1,0.5,0.2,3,1,genHalfAndHalf,1,3,17,84044,Config_85,3,"sub(10, sub(sub(0, PartnerStanding), sub(PartnerStanding, PartnerStanding)))",PartnerStanding + 10,Unconditional Cooperator (ALL-C),"sub(add(DonorAction, 1), -10)",DonorAction + 11,Unconditional Good,19.17,14.41,0.0,20.83,19.44
2026-05-03_03-41,Local_VSCode,IR3_Config_85_R4,Indirect Reciprocity Mode 3 (Co-Evolution),5,1,10,0,10,10,1,0.5,0.0,0.0,100,100,0.1,0.5,0.2,3,1,genHalfAndHalf,1,3,17,84045,Config_85,4,"mul(-1, -1)",1,Unconditional Cooperator (ALL-C),"mul(RecipientStanding, 0)",0,Unconditional Bad,18.83,10.76,0.0,21.17,18.1
2026-05-03_03-41,Local_VSCode,IR3_Config_85_R5,Indirect Reciprocity Mode 3 (Co-Evolution),5,1,10,0,10,10,1,0.5,0.0,0.0,100,100,0.1,0.5,0.2,3,1,genHalfAndHalf,1,3,17,84046,Config_85,5,"add(mul(10, PartnerStanding), PartnerStanding)",11*PartnerStanding,Strict Discriminator,"sub(DonorAction, sub(RecipientStanding, 1))",DonorAction - RecipientStanding + 1,Simple Standing,21.23,14.77,0.0,8.5,17.86
2026-05-03_03-41,Local_VSCode,IR3_Config_86_R1,Indirect Reciprocity Mode 3 (Co-Evolution),5,1,10,0,10,10,1,0.5,0.0,0.0,100,100,0.1,0.5,0.2,3,1,genHalfAndHalf,1,10,17,85042,Config_86,1,"add(PartnerStanding, PartnerStanding)",2*PartnerStanding,Strict Discriminator,"add(10, add(mul(sub(DonorAction, RecipientStanding), add(10, 10)), DonorAction))",21*DonorAction - 20*RecipientStanding + 10,Simple Standing,21.03,16.43,0.0,8.83,18.28
2026-05-03_03-41,Local_VSCode,IR3_Config_86_R2,Indirect Reciprocity Mode 3 (Co-Evolution),5,1,10,0,10,10,1,0.5,0.0,0.0,100,100,0.1,0.5,0.2,3,1,genHalfAndHalf,1,10,17,85043,Config_86,2,"sub(10, PartnerStanding)",10 - PartnerStanding,Unconditional Cooperator (ALL-C),"mul(1, DonorAction)",DonorAction,Image Scoring,18.33,12.96,0.0,21.67,18.04
2026-05-03_03-41,Local_VSCode,IR3_Config_86_R3,Indirect Reciprocity Mode 3 (Co-Evolution),5,1,10,0,10,10,1,0.5,0.0,0.0,100,100,0.1,0.5,0.2,3,1,genHalfAndHalf,1,10,17,85044,Config_86,3,"add(PartnerStanding, PartnerStanding)",2*PartnerStanding,Strict Discriminator,"mul(RecipientStanding, RecipientStanding)",RecipientStanding**2,"Novel Ass: (True, False, True, False)",18.5,13.38,0.0,21.5,17.04
2026-05-03_03-42,Local_VSCode,IR3_Config_86_R4,Indirect Reciprocity Mode 3 (Co-Evolution),5,1,10,0,10,10,1,0.5,0.0,0.0,100,100,0.1,0.5,0.2,3,1,genHalfAndHalf,1,10,17,85045,Config_86,4,"sub(10, PartnerStanding)",10 - PartnerStanding,Unconditional Cooperator (ALL-C),"add(-10, -10)",-20,Unconditional Bad,19.33,11.69,0.0,20.67,17.72
2026-05-03_03-42,Local_VSCode,IR3_Config_86_R5,Indirect Reciprocity Mode 3 (Co-Evolution),5,1,10,0,10,10,1,0.5,0.0,0.0,100,100,0.1,0.5,0.2,3,1,genHalfAndHalf,1,10,17,85046,Config_86,5,"mul(1, 10)",10,Unconditional Cooperator (ALL-C),"sub(add(DonorAction, add(DonorAction, 0)), add(sub(DonorAction, DonorAction), RecipientStanding))",2*DonorAction - RecipientStanding,Image Scoring,19.0,12.79,0.0,21.0,18.42
2026-05-03_03-42,Local_VSCode,IR3_Config_87_R1,Indirect Reciprocity Mode 3 (Co-Evolution),5,1,10,0,10,10,1,0.5,0.0,0.0,100,100,0.5,0.5,0.2,3,1,genHalfAndHalf,1,3,17,86042,Config_87,1,"add(mul(PartnerStanding, 1), 1)",PartnerStanding + 1,Unconditional Cooperator (ALL-C),"sub(DonorAction, DonorAction)",0,Unconditional Bad,19.17,14.35,0.0,20.83,20.3
2026-05-03_03-42,Local_VSCode,IR3_Config_87_R2,Indirect Reciprocity Mode 3 (Co-Evolution),5,1,10,0,10,10,1,0.5,0.0,0.0,100,100,0.5,0.5,0.2,3,1,genHalfAndHalf,1,3,17,86043,Config_87,2,"mul(PartnerStanding, PartnerStanding)",PartnerStanding**2,Strict Discriminator,"add(RecipientStanding, RecipientStanding)",2*RecipientStanding,"Novel Ass: (True, False, True, False)",18.5,13.8,0.0,21.5,18.14
2026-05-03_03-43,Local_VSCode,IR3_Config_87_R3,Indirect Reciprocity Mode 3 (Co-Evolution),5,1,10,0,10,10,1,0.5,0.0,0.0,100,100,0.5,0.5,0.2,3,1,genHalfAndHalf,1,3,17,86044,Config_87,3,"add(1, 10)",11,Unconditional Cooperator (ALL-C),"mul(RecipientStanding, RecipientStanding)",RecipientStanding**2,"Novel Ass: (True, False, True, False)",18.5,14.27,0.0,21.5,17.62
2026-05-03_03-43,Local_VSCode,IR3_Config_87_R4,Indirect Reciprocity Mode 3 (Co-Evolution),5,1,10,0,10,10,1,0.5,0.0,0.0,100,100,0.5,0.5,0.2,3,1,genHalfAndHalf,1,3,17,86045,Config_87,4,"mul(PartnerStanding, PartnerStanding)",PartnerStanding**2,Strict Discriminator,"mul(-1, -10)",10,Unconditional Good,19.17,14.1,0.0,20.83,19.14
2026-05-03_03-43,Local_VSCode,IR3_Config_87_R5,Indirect Reciprocity Mode 3 (Co-Evolution),5,1,10,0,10,10,1,0.5,0.0,0.0,100,100,0.5,0.5,0.2,3,1,genHalfAndHalf,1,3,17,86046,Config_87,5,"add(PartnerStanding, PartnerStanding)",2*PartnerStanding,Strict Discriminator,"mul(RecipientStanding, 1)",RecipientStanding,"Novel Ass: (True, False, True, False)",18.67,13.33,0.0,21.33,18.76
2026-05-03_03-43,Local_VSCode,IR3_Config_88_R1,Indirect Reciprocity Mode 3 (Co-Evolution),5,1,10,0,10,10,1,0.5,0.0,0.0,100,100,0.5,0.5,0.2,3,1,genHalfAndHalf,1,10,17,87042,Config_88,1,"sub(PartnerStanding, -10)",PartnerStanding + 10,Unconditional Cooperator (ALL-C),"add(DonorAction, DonorAction)",2*DonorAction,Image Scoring,17.67,12.09,0.0,22.33,18.12
2026-05-03_03-43,Local_VSCode,IR3_Config_88_R2,Indirect Reciprocity Mode 3 (Co-Evolution),5,1,10,0,10,10,1,0.5,0.0,0.0,100,100,0.5,0.5,0.2,3,1,genHalfAndHalf,1,10,17,87043,Config_88,2,"add(1, 1)",2,Unconditional Cooperator (ALL-C),"sub(-1, sub(0, DonorAction))",DonorAction - 1,Unconditional Bad,19.83,14.62,0.0,20.17,19.52
2026-05-03_03-44,Local_VSCode,IR3_Config_88_R3,Indirect Reciprocity Mode 3 (Co-Evolution),5,1,10,0,10,10,1,0.5,0.0,0.0,100,100,0.5,0.5,0.2,3,1,genHalfAndHalf,1,10,17,87044,Config_88,3,"sub(10, 0)",10,Unconditional Cooperator (ALL-C),"mul(DonorAction, DonorAction)",DonorAction**2,Image Scoring,18.5,13.5,0.0,21.5,18.28
2026-05-03_03-44,Local_VSCode,IR3_Config_88_R4,Indirect Reciprocity Mode 3 (Co-Evolution),5,1,10,0,10,10,1,0.5,0.0,0.0,100,100,0.5,0.5,0.2,3,1,genHalfAndHalf,1,10,17,87045,Config_88,4,"sub(PartnerStanding, -10)",PartnerStanding + 10,Unconditional Cooperator (ALL-C),"add(0, RecipientStanding)",RecipientStanding,"Novel Ass: (True, False, True, False)",18.0,12.5,0.0,22.0,17.82
2026-05-03_03-44,Local_VSCode,IR3_Config_88_R5,Indirect Reciprocity Mode 3 (Co-Evolution),5,1,10,0,10,10,1,0.5,0.0,0.0,100,100,0.5,0.5,0.2,3,1,genHalfAndHalf,1,10,17,87046,Config_88,5,"add(PartnerStanding, 1)",PartnerStanding + 1,Unconditional Cooperator (ALL-C),"mul(DonorAction, DonorAction)",DonorAction**2,Image Scoring,18.17,13.14,0.0,21.83,20.12
2026-05-03_03-44,Local_VSCode,IR3_Config_89_R1,Indirect Reciprocity Mode 3 (Co-Evolution),5,1,10,0,10,100,1,0.5,0.0,0.0,10,100,0.1,0.5,0.2,3,1,genHalfAndHalf,1,3,17,88042,Config_89,1,"add(10, mul(sub(0, 10), mul(-1, PartnerStanding)))",10*PartnerStanding + 10,Unconditional Cooperator (ALL-C),"add(-10, sub(-1, mul(mul(-10, -1), RecipientStanding)))",-10*RecipientStanding - 11,Unconditional Bad,149.5,138.48,0.0,250.5,187.7
2026-05-03_03-44,Local_VSCode,IR3_Config_89_R2,Indirect Reciprocity Mode 3 (Co-Evolution),5,1,10,0,10,100,1,0.5,0.0,0.0,10,100,0.1,0.5,0.2,3,1,genHalfAndHalf,1,3,17,88043,Config_89,2,"sub(sub(mul(PartnerStanding, PartnerStanding), PartnerStanding), sub(-10, PartnerStanding))",PartnerStanding**2 + 10,Unconditional Cooperator (ALL-C),"sub(add(sub(RecipientStanding, RecipientStanding), mul(mul(RecipientStanding, DonorAction), -1)), RecipientStanding)",RecipientStanding*(-DonorAction - 1),Unconditional Bad,150.83,112.38,0.0,249.17,189.32
2026-05-03_03-44,Local_VSCode,IR3_Config_89_R3,Indirect Reciprocity Mode 3 (Co-Evolution),5,1,10,0,10,100,1,0.5,0.0,0.0,10,100,0.1,0.5,0.2,3,1,genHalfAndHalf,1,3,17,88044,Config_89,3,"mul(sub(-10, add(PartnerStanding, 1)), add(0, sub(1, 10)))",9*PartnerStanding + 99,Unconditional Cooperator (ALL-C),"sub(DonorAction, -1)",DonorAction + 1,Unconditional Good,149.17,129.95,0.0,250.83,187.24
2026-05-03_03-45,Local_VSCode,IR3_Config_89_R4,Indirect Reciprocity Mode 3 (Co-Evolution),5,1,10,0,10,100,1,0.5,0.0,0.0,10,100,0.1,0.5,0.2,3,1,genHalfAndHalf,1,3,17,88045,Config_89,4,"add(add(PartnerStanding, -1), PartnerStanding)",2*PartnerStanding - 1,Strict Discriminator,"mul(add(sub(add(sub(0, RecipientStanding), sub(DonorAction, -1)), RecipientStanding), sub(DonorAction, -1)), 10)",20*DonorAction - 20*RecipientStanding + 20,Simple Standing,178.37,156.27,0.0,84.83,187.6
2026-05-03_03-45,Local_VSCode,IR3_Config_89_R5,Indirect Reciprocity Mode 3 (Co-Evolution),5,1,10,0,10,100,1,0.5,0.0,0.0,10,100,0.1,0.5,0.2,3,1,genHalfAndHalf,1,3,17,88046,Config_89,5,"add(1, 1)",2,Unconditional Cooperator (ALL-C),"add(DonorAction, add(10, DonorAction))",2*DonorAction + 10,Unconditional Good,150.0,139.8,0.0,250.0,188.42
2026-05-03_03-45,Local_VSCode,IR3_Config_90_R1,Indirect Reciprocity Mode 3 (Co-Evolution),5,1,10,0,10,100,1,0.5,0.0,0.0,10,100,0.1,0.5,0.2,3,1,genHalfAndHalf,1,10,17,89042,Config_90,1,"sub(add(add(PartnerStanding, PartnerStanding), add(PartnerStanding, mul(PartnerStanding, sub(PartnerStanding, PartnerStanding)))), add(PartnerStanding, PartnerStanding))",PartnerStanding,Strict Discriminator,"add(sub(sub(mul(DonorAction, 0), mul(mul(-1, DonorAction), DonorAction)), RecipientStanding), add(RecipientStanding, sub(RecipientStanding, add(RecipientStanding, sub(RecipientStanding, 1)))))",DonorAction**2 - RecipientStanding + 1,Simple Standing,180.07,136.03,0.0,89.0,187.98
2026-05-03_03-45,Local_VSCode,IR3_Config_90_R2,Indirect Reciprocity Mode 3 (Co-Evolution),5,1,10,0,10,100,1,0.5,0.0,0.0,10,100,0.1,0.5,0.2,3,1,genHalfAndHalf,1,10,17,89043,Config_90,2,"add(sub(PartnerStanding, PartnerStanding), add(add(PartnerStanding, -10), mul(sub(PartnerStanding, add(PartnerStanding, -10)), add(add(0, PartnerStanding), mul(PartnerStanding, PartnerStanding)))))",10*PartnerStanding**2 + 11*PartnerStanding - 10,Strict Discriminator,"sub(mul(mul(RecipientStanding, RecipientStanding), mul(RecipientStanding, DonorAction)), sub(mul(RecipientStanding, RecipientStanding), sub(mul(DonorAction, DonorAction), -1)))",DonorAction**2 + DonorAction*RecipientStanding**3 - RecipientStanding**2 + 1,Simple Standing,181.87,175.5,0.0,75.33,185.52
2026-05-03_03-45,Local_VSCode,IR3_Config_90_R3,Indirect Reciprocity Mode 3 (Co-Evolution),5,1,10,0,10,100,1,0.5,0.0,0.0,10,100,0.1,0.5,0.2,3,1,genHalfAndHalf,1,10,17,89044,Config_90,3,"sub(PartnerStanding, -10)",PartnerStanding + 10,Unconditional Cooperator (ALL-C),"sub(add(DonorAction, -10), add(add(DonorAction, -10), RecipientStanding))",-RecipientStanding,Unconditional Bad,149.0,126.55,0.0,251.0,193.12
2026-05-03_03-45,Local_VSCode,IR3_Config_90_R4,Indirect Reciprocity Mode 3 (Co-Evolution),5,1,10,0,10,100,1,0.5,0.0,0.0,10,100,0.1,0.5,0.2,3,1,genHalfAndHalf,1,10,17,89045,Config_90,4,"add(PartnerStanding, add(add(10, add(add(10, PartnerStanding), mul(0, PartnerStanding))), mul(0, PartnerStanding)))",2*PartnerStanding + 20,Unconditional Cooperator (ALL-C),"add(DonorAction, mul(RecipientStanding, RecipientStanding))",DonorAction + RecipientStanding**2,"Novel Ass: (True, True, True, False)",150.33,144.42,0.0,249.67,186.36
2026-05-03_03-46,Local_VSCode,IR3_Config_90_R5,Indirect Reciprocity Mode 3 (Co-Evolution),5,1,10,0,10,100,1,0.5,0.0,0.0,10,100,0.1,0.5,0.2,3,1,genHalfAndHalf,1,10,17,89046,Config_90,5,"sub(-1, -10)",9,Unconditional Cooperator (ALL-C),"sub(sub(DonorAction, DonorAction), -10)",10,Unconditional Good,148.5,139.87,0.0,251.5,188.9
2026-05-03_03-46,Local_VSCode,IR3_Config_91_R1,Indirect Reciprocity Mode 3 (Co-Evolution),5,1,10,0,10,100,1,0.5,0.0,0.0,10,100,0.5,0.5,0.2,3,1,genHalfAndHalf,1,3,17,90042,Config_91,1,"add(add(1, PartnerStanding), add(1, PartnerStanding))",2*PartnerStanding + 2,Unconditional Cooperator (ALL-C),"sub(DonorAction, DonorAction)",0,Unconditional Bad,147.33,140.62,0.0,252.67,191.8
2026-05-03_03-46,Local_VSCode,IR3_Config_91_R2,Indirect Reciprocity Mode 3 (Co-Evolution),5,1,10,0,10,100,1,0.5,0.0,0.0,10,100,0.5,0.5,0.2,3,1,genHalfAndHalf,1,3,17,90043,Config_91,2,"add(1, 1)",2,Unconditional Cooperator (ALL-C),"add(DonorAction, -1)",DonorAction - 1,Unconditional Bad,153.67,140.0,0.0,246.33,189.5
2026-05-03_03-46,Local_VSCode,IR3_Config_91_R3,Indirect Reciprocity Mode 3 (Co-Evolution),5,1,10,0,10,100,1,0.5,0.0,0.0,10,100,0.5,0.5,0.2,3,1,genHalfAndHalf,1,3,17,90044,Config_91,3,"mul(sub(sub(PartnerStanding, PartnerStanding), add(PartnerStanding, 10)), add(sub(PartnerStanding, 10), 1))",-PartnerStanding**2 - PartnerStanding + 90,Unconditional Cooperator (ALL-C),"sub(sub(RecipientStanding, RecipientStanding), RecipientStanding)",-RecipientStanding,Unconditional Bad,152.0,130.17,0.0,248.0,191.36
2026-05-03_03-46,Local_VSCode,IR3_Config_91_R4,Indirect Reciprocity Mode 3 (Co-Evolution),5,1,10,0,10,100,1,0.5,0.0,0.0,10,100,0.5,0.5,0.2,3,1,genHalfAndHalf,1,3,17,90045,Config_91,4,"add(10, sub(10, 10))",10,Unconditional Cooperator (ALL-C),"sub(DonorAction, DonorAction)",0,Unconditional Bad,149.33,144.42,0.0,250.67,189.5
2026-05-03_03-46,Local_VSCode,IR3_Config_91_R5,Indirect Reciprocity Mode 3 (Co-Evolution),5,1,10,0,10,100,1,0.5,0.0,0.0,10,100,0.5,0.5,0.2,3,1,genHalfAndHalf,1,3,17,90046,Config_91,5,"add(PartnerStanding, 0)",PartnerStanding,Strict Discriminator,"sub(DonorAction, add(RecipientStanding, -1))",DonorAction - RecipientStanding + 1,Simple Standing,182.03,132.53,0.0,78.5,189.42
2026-05-03_03-47,Local_VSCode,IR3_Config_92_R1,Indirect Reciprocity Mode 3 (Co-Evolution),5,1,10,0,10,100,1,0.5,0.0,0.0,10,100,0.5,0.5,0.2,3,1,genHalfAndHalf,1,10,17,91042,Config_92,1,"sub(add(10, PartnerStanding), PartnerStanding)",10,Unconditional Cooperator (ALL-C),"mul(0, 0)",0,Unconditional Bad,149.5,113.49,0.0,250.5,190.82
2026-05-03_03-47,Local_VSCode,IR3_Config_92_R2,Indirect Reciprocity Mode 3 (Co-Evolution),5,1,10,0,10,100,1,0.5,0.0,0.0,10,100,0.5,0.5,0.2,3,1,genHalfAndHalf,1,10,17,91043,Config_92,2,"sub(add(0, 10), mul(0, -10))",10,Unconditional Cooperator (ALL-C),"mul(RecipientStanding, RecipientStanding)",RecipientStanding**2,"Novel Ass: (True, False, True, False)",150.83,141.93,0.0,249.17,184.74
2026-05-03_03-47,Local_VSCode,IR3_Config_92_R3,Indirect Reciprocity Mode 3 (Co-Evolution),5,1,10,0,10,100,1,0.5,0.0,0.0,10,100,0.5,0.5,0.2,3,1,genHalfAndHalf,1,10,17,91044,Config_92,3,"add(mul(mul(add(PartnerStanding, 0), sub(10, 10)), PartnerStanding), 1)",1,Unconditional Cooperator (ALL-C),"add(-10, -10)",-20,Unconditional Bad,153.83,121.33,0.0,246.17,192.56
2026-05-03_03-47,Local_VSCode,IR3_Config_92_R4,Indirect Reciprocity Mode 3 (Co-Evolution),5,1,10,0,10,100,1,0.5,0.0,0.0,10,100,0.5,0.5,0.2,3,1,genHalfAndHalf,1,10,17,91045,Config_92,4,"sub(PartnerStanding, -1)",PartnerStanding + 1,Unconditional Cooperator (ALL-C),"add(add(sub(DonorAction, RecipientStanding), mul(RecipientStanding, RecipientStanding)), mul(RecipientStanding, RecipientStanding))",DonorAction + 2*RecipientStanding**2 - RecipientStanding,"Novel Ass: (True, True, True, False)",149.33,128.95,0.0,250.67,194.66
2026-05-03_03-47,Local_VSCode,IR3_Config_92_R5,Indirect Reciprocity Mode 3 (Co-Evolution),5,1,10,0,10,100,1,0.5,0.0,0.0,10,100,0.5,0.5,0.2,3,1,genHalfAndHalf,1,10,17,91046,Config_92,5,"add(10, sub(1, 1))",10,Unconditional Cooperator (ALL-C),"sub(DonorAction, DonorAction)",0,Unconditional Bad,150.0,124.67,0.0,250.0,189.08
2026-05-03_03-49,Local_VSCode,IR3_Config_93_R1,Indirect Reciprocity Mode 3 (Co-Evolution),5,1,10,0,10,100,1,0.5,0.0,0.0,100,100,0.1,0.5,0.2,3,1,genHalfAndHalf,1,3,17,92042,Config_93,1,"add(mul(PartnerStanding, -1), 1)",1 - PartnerStanding,Anti-Discriminator,"add(add(mul(DonorAction, sub(sub(add(mul(DonorAction, sub(sub(add(0, RecipientStanding), RecipientStanding), 1)), mul(0, RecipientStanding)), RecipientStanding), 1)), mul(0, RecipientStanding)), sub(1, add(RecipientStanding, DonorAction)))",-DonorAction*(DonorAction + RecipientStanding + 1) - DonorAction - RecipientStanding + 1,"Novel Ass: (False, False, False, True)",187.97,149.39,0.0,78.17,192.8
2026-05-03_03-50,Local_VSCode,IR3_Config_93_R2,Indirect Reciprocity Mode 3 (Co-Evolution),5,1,10,0,10,100,1,0.5,0.0,0.0,100,100,0.1,0.5,0.2,3,1,genHalfAndHalf,1,3,17,92043,Config_93,2,"add(1, 0)",1,Unconditional Cooperator (ALL-C),"add(DonorAction, sub(add(RecipientStanding, DonorAction), add(DonorAction, RecipientStanding)))",DonorAction,Image Scoring,155.67,119.95,0.0,244.33,189.02
2026-05-03_03-52,Local_VSCode,IR3_Config_93_R3,Indirect Reciprocity Mode 3 (Co-Evolution),5,1,10,0,10,100,1,0.5,0.0,0.0,100,100,0.1,0.5,0.2,3,1,genHalfAndHalf,1,3,17,92044,Config_93,3,"mul(add(PartnerStanding, PartnerStanding), add(PartnerStanding, add(PartnerStanding, PartnerStanding)))",6*PartnerStanding**2,Strict Discriminator,"add(mul(1, sub(add(DonorAction, DonorAction), add(DonorAction, RecipientStanding))), 1)",DonorAction - RecipientStanding + 1,Simple Standing,184.57,155.04,0.0,78.5,192.64
2026-05-03_03-53,Local_VSCode,IR3_Config_93_R4,Indirect Reciprocity Mode 3 (Co-Evolution),5,1,10,0,10,100,1,0.5,0.0,0.0,100,100,0.1,0.5,0.2,3,1,genHalfAndHalf,1,3,17,92045,Config_93,4,"add(PartnerStanding, PartnerStanding)",2*PartnerStanding,Strict Discriminator,"sub(sub(DonorAction, RecipientStanding), -1)",DonorAction - RecipientStanding + 1,Simple Standing,186.8,147.21,0.0,71.33,188.5
2026-05-03_03-54,Local_VSCode,IR3_Config_93_R5,Indirect Reciprocity Mode 3 (Co-Evolution),5,1,10,0,10,100,1,0.5,0.0,0.0,100,100,0.1,0.5,0.2,3,1,genHalfAndHalf,1,3,17,92046,Config_93,5,"add(mul(sub(10, 1), sub(0, add(add(1, -10), add(PartnerStanding, 10)))), mul(1, sub(add(PartnerStanding, 10), PartnerStanding)))",1 - 9*PartnerStanding,Anti-Discriminator,"mul(1, sub(add(sub(1, RecipientStanding), mul(DonorAction, RecipientStanding)), mul(mul(DonorAction, DonorAction), DonorAction)))",-DonorAction**3 + DonorAction*RecipientStanding - RecipientStanding + 1,"Novel Ass: (False, False, False, True)",183.07,126.58,0.0,78.67,192.02
2026-05-03_03-56,Local_VSCode,IR3_Config_94_R1,Indirect Reciprocity Mode 3 (Co-Evolution),5,1,10,0,10,100,1,0.5,0.0,0.0,100,100,0.1,0.5,0.2,3,1,genHalfAndHalf,1,10,17,93042,Config_94,1,"mul(10, mul(PartnerStanding, PartnerStanding))",10*PartnerStanding**2,Strict Discriminator,"add(sub(DonorAction, RecipientStanding), 1)",DonorAction - RecipientStanding + 1,Simple Standing,185.77,129.01,0.0,77.83,192.64
2026-05-03_03-58,Local_VSCode,IR3_Config_94_R2,Indirect Reciprocity Mode 3 (Co-Evolution),5,1,10,0,10,100,1,0.5,0.0,0.0,100,100,0.1,0.5,0.2,3,1,genHalfAndHalf,1,10,17,93043,Config_94,2,"add(PartnerStanding, PartnerStanding)",2*PartnerStanding,Strict Discriminator,"add(sub(sub(add(DonorAction, 10), DonorAction), mul(sub(sub(10, DonorAction), mul(DonorAction, RecipientStanding)), RecipientStanding)), DonorAction)",DonorAction + RecipientStanding*(DonorAction*RecipientStanding + DonorAction - 10) + 10,Simple Standing,182.13,146.25,0.0,80.0,190.88
2026-05-03_03-59,Local_VSCode,IR3_Config_94_R3,Indirect Reciprocity Mode 3 (Co-Evolution),5,1,10,0,10,100,1,0.5,0.0,0.0,100,100,0.1,0.5,0.2,3,1,genHalfAndHalf,1,10,17,93044,Config_94,3,"sub(1, -1)",2,Unconditional Cooperator (ALL-C),"mul(add(1, add(DonorAction, DonorAction)), RecipientStanding)",RecipientStanding*(2*DonorAction + 1),"Novel Ass: (True, False, True, False)",153.67,109.61,0.0,246.33,190.46
2026-05-03_04-00,Local_VSCode,IR3_Config_94_R4,Indirect Reciprocity Mode 3 (Co-Evolution),5,1,10,0,10,100,1,0.5,0.0,0.0,100,100,0.1,0.5,0.2,3,1,genHalfAndHalf,1,10,17,93045,Config_94,4,"add(PartnerStanding, PartnerStanding)",2*PartnerStanding,Strict Discriminator,"sub(mul(mul(RecipientStanding, 10), add(-1, DonorAction)), sub(sub(DonorAction, 0), add(DonorAction, 10)))",10*RecipientStanding*(DonorAction - 1) + 10,Simple Standing,186.87,150.57,0.0,82.33,194.56
2026-05-03_04-02,Local_VSCode,IR3_Config_94_R5,Indirect Reciprocity Mode 3 (Co-Evolution),5,1,10,0,10,100,1,0.5,0.0,0.0,100,100,0.1,0.5,0.2,3,1,genHalfAndHalf,1,10,17,93046,Config_94,5,"sub(add(PartnerStanding, PartnerStanding), mul(PartnerStanding, PartnerStanding))",PartnerStanding*(2 - PartnerStanding),Strict Discriminator,"add(mul(-1, RecipientStanding), add(1, DonorAction))",DonorAction - RecipientStanding + 1,Simple Standing,185.53,129.84,0.0,79.0,190.16
2026-05-03_04-03,Local_VSCode,IR3_Config_95_R1,Indirect Reciprocity Mode 3 (Co-Evolution),5,1,10,0,10,100,1,0.5,0.0,0.0,100,100,0.5,0.5,0.2,3,1,genHalfAndHalf,1,3,17,94042,Config_95,1,"sub(PartnerStanding, -10)",PartnerStanding + 10,Unconditional Cooperator (ALL-C),"mul(0, RecipientStanding)",0,Unconditional Bad,153.5,111.85,0.0,246.5,189.0
2026-05-03_04-05,Local_VSCode,IR3_Config_95_R2,Indirect Reciprocity Mode 3 (Co-Evolution),5,1,10,0,10,100,1,0.5,0.0,0.0,100,100,0.5,0.5,0.2,3,1,genHalfAndHalf,1,3,17,94043,Config_95,2,"mul(-10, add(-10, PartnerStanding))",100 - 10*PartnerStanding,Unconditional Cooperator (ALL-C),"sub(DonorAction, DonorAction)",0,Unconditional Bad,152.33,136.41,0.0,247.67,191.4
2026-05-03_04-06,Local_VSCode,IR3_Config_95_R3,Indirect Reciprocity Mode 3 (Co-Evolution),5,1,10,0,10,100,1,0.5,0.0,0.0,100,100,0.5,0.5,0.2,3,1,genHalfAndHalf,1,3,17,94044,Config_95,3,"sub(PartnerStanding, mul(PartnerStanding, mul(PartnerStanding, -10)))",PartnerStanding*(10*PartnerStanding + 1),Strict Discriminator,"add(DonorAction, sub(sub(RecipientStanding, RecipientStanding), sub(RecipientStanding, 1)))",DonorAction - RecipientStanding + 1,Simple Standing,183.73,130.53,0.0,80.0,182.38
2026-05-03_04-07,Local_VSCode,IR3_Config_95_R4,Indirect Reciprocity Mode 3 (Co-Evolution),5,1,10,0,10,100,1,0.5,0.0,0.0,100,100,0.5,0.5,0.2,3,1,genHalfAndHalf,1,3,17,94045,Config_95,4,"add(mul(PartnerStanding, PartnerStanding), 1)",PartnerStanding**2 + 1,Unconditional Cooperator (ALL-C),"mul(RecipientStanding, RecipientStanding)",RecipientStanding**2,"Novel Ass: (True, False, True, False)",153.17,139.41,0.0,246.83,187.98
2026-05-03_04-09,Local_VSCode,IR3_Config_95_R5,Indirect Reciprocity Mode 3 (Co-Evolution),5,1,10,0,10,100,1,0.5,0.0,0.0,100,100,0.5,0.5,0.2,3,1,genHalfAndHalf,1,3,17,94046,Config_95,5,"mul(PartnerStanding, PartnerStanding)",PartnerStanding**2,Strict Discriminator,"mul(RecipientStanding, RecipientStanding)",RecipientStanding**2,"Novel Ass: (True, False, True, False)",153.83,129.8,0.0,246.17,191.78
2026-05-03_04-10,Local_VSCode,IR3_Config_96_R1,Indirect Reciprocity Mode 3 (Co-Evolution),5,1,10,0,10,100,1,0.5,0.0,0.0,100,100,0.5,0.5,0.2,3,1,genHalfAndHalf,1,10,17,95042,Config_96,1,"mul(1, 1)",1,Unconditional Cooperator (ALL-C),"mul(-10, -10)",100,Unconditional Good,152.67,137.24,0.0,247.33,188.66
2026-05-03_04-11,Local_VSCode,IR3_Config_96_R2,Indirect Reciprocity Mode 3 (Co-Evolution),5,1,10,0,10,100,1,0.5,0.0,0.0,100,100,0.5,0.5,0.2,3,1,genHalfAndHalf,1,10,17,95043,Config_96,2,"mul(add(0, PartnerStanding), PartnerStanding)",PartnerStanding**2,Strict Discriminator,"add(sub(1, RecipientStanding), DonorAction)",DonorAction - RecipientStanding + 1,Simple Standing,183.43,139.63,0.0,80.17,190.62
2026-05-03_04-13,Local_VSCode,IR3_Config_96_R3,Indirect Reciprocity Mode 3 (Co-Evolution),5,1,10,0,10,100,1,0.5,0.0,0.0,100,100,0.5,0.5,0.2,3,1,genHalfAndHalf,1,10,17,95044,Config_96,3,"mul(10, 10)",100,Unconditional Cooperator (ALL-C),"add(RecipientStanding, 10)",RecipientStanding + 10,Unconditional Good,151.83,135.2,0.0,248.17,190.04
2026-05-03_04-14,Local_VSCode,IR3_Config_96_R4,Indirect Reciprocity Mode 3 (Co-Evolution),5,1,10,0,10,100,1,0.5,0.0,0.0,100,100,0.5,0.5,0.2,3,1,genHalfAndHalf,1,10,17,95045,Config_96,4,"sub(1, -10)",11,Unconditional Cooperator (ALL-C),"add(RecipientStanding, DonorAction)",DonorAction + RecipientStanding,"Novel Ass: (True, True, True, False)",150.5,120.99,0.0,249.5,190.82
2026-05-03_04-15,Local_VSCode,IR3_Config_96_R5,Indirect Reciprocity Mode 3 (Co-Evolution),5,1,10,0,10,100,1,0.5,0.0,0.0,100,100,0.5,0.5,0.2,3,1,genHalfAndHalf,1,10,17,95046,Config_96,5,"sub(PartnerStanding, -10)",PartnerStanding + 10,Unconditional Cooperator (ALL-C),"mul(RecipientStanding, RecipientStanding)",RecipientStanding**2,"Novel Ass: (True, False, True, False)",150.17,122.74,0.0,249.83,192.1
2026-05-03_04-15,Local_VSCode,IR3_Config_97_R1,Indirect Reciprocity Mode 3 (Co-Evolution),5,1,10,10,0,10,1,0.5,0.0,0.0,10,100,0.1,0.5,0.2,3,1,genHalfAndHalf,1,3,17,96042,Config_97,1,"add(sub(PartnerStanding, -10), mul(PartnerStanding, -10))",10 - 9*PartnerStanding,Unconditional Cooperator (ALL-C),"add(add(sub(-1, -10), mul(10, -1)), mul(RecipientStanding, RecipientStanding))",RecipientStanding**2 - 1,Unconditional Bad,45.33,42.37,34.67,0.0,41.4
2026-05-03_04-15,Local_VSCode,IR3_Config_97_R2,Indirect Reciprocity Mode 3 (Co-Evolution),5,1,10,10,0,10,1,0.5,0.0,0.0,10,100,0.1,0.5,0.2,3,1,genHalfAndHalf,1,3,17,96043,Config_97,2,"add(PartnerStanding, PartnerStanding)",2*PartnerStanding,Strict Discriminator,"mul(1, 1)",1,Unconditional Good,47.0,42.87,33.0,0.0,37.8
2026-05-03_04-15,Local_VSCode,IR3_Config_97_R3,Indirect Reciprocity Mode 3 (Co-Evolution),5,1,10,10,0,10,1,0.5,0.0,0.0,10,100,0.1,0.5,0.2,3,1,genHalfAndHalf,1,3,17,96044,Config_97,3,"add(PartnerStanding, sub(mul(mul(PartnerStanding, -10), -10), -10))",101*PartnerStanding + 10,Unconditional Cooperator (ALL-C),"sub(RecipientStanding, RecipientStanding)",0,Unconditional Bad,46.33,39.65,33.67,0.0,38.0
2026-05-03_04-15,Local_VSCode,IR3_Config_97_R4,Indirect Reciprocity Mode 3 (Co-Evolution),5,1,10,10,0,10,1,0.5,0.0,0.0,10,100,0.1,0.5,0.2,3,1,genHalfAndHalf,1,3,17,96045,Config_97,4,"mul(mul(-10, -10), sub(-1, -10))",900,Unconditional Cooperator (ALL-C),"sub(DonorAction, sub(DonorAction, sub(DonorAction, DonorAction)))",0,Unconditional Bad,45.5,39.9,34.5,0.0,40.2
2026-05-03_04-15,Local_VSCode,IR3_Config_97_R5,Indirect Reciprocity Mode 3 (Co-Evolution),5,1,10,10,0,10,1,0.5,0.0,0.0,10,100,0.1,0.5,0.2,3,1,genHalfAndHalf,1,3,17,96046,Config_97,5,"mul(10, PartnerStanding)",10*PartnerStanding,Strict Discriminator,"sub(add(sub(DonorAction, DonorAction), add(RecipientStanding, DonorAction)), mul(sub(RecipientStanding, DonorAction), sub(RecipientStanding, DonorAction)))",DonorAction + RecipientStanding - (DonorAction - RecipientStanding)**2,Shunning,45.33,40.18,34.67,0.0,41.0
2026-05-03_04-15,Local_VSCode,IR3_Config_98_R1,Indirect Reciprocity Mode 3 (Co-Evolution),5,1,10,10,0,10,1,0.5,0.0,0.0,10,100,0.1,0.5,0.2,3,1,genHalfAndHalf,1,10,17,97042,Config_98,1,"sub(add(sub(sub(PartnerStanding, -10), -10), mul(-1, -10)), sub(PartnerStanding, -1))",29,Unconditional Cooperator (ALL-C),"sub(add(-10, RecipientStanding), mul(-10, DonorAction))",10*DonorAction + RecipientStanding - 10,Shunning,47.0,43.32,33.0,0.0,40.0
2026-05-03_04-15,Local_VSCode,IR3_Config_98_R2,Indirect Reciprocity Mode 3 (Co-Evolution),5,1,10,10,0,10,1,0.5,0.0,0.0,10,100,0.1,0.5,0.2,3,1,genHalfAndHalf,1,10,17,97043,Config_98,2,"add(add(PartnerStanding, sub(mul(PartnerStanding, sub(PartnerStanding, PartnerStanding)), PartnerStanding)), PartnerStanding)",PartnerStanding,Strict Discriminator,"sub(1, mul(mul(mul(0, RecipientStanding), RecipientStanding), add(DonorAction, RecipientStanding)))",1,Unconditional Good,45.0,38.87,35.0,0.0,41.8
2026-05-03_04-15,Local_VSCode,IR3_Config_98_R3,Indirect Reciprocity Mode 3 (Co-Evolution),5,1,10,10,0,10,1,0.5,0.0,0.0,10,100,0.1,0.5,0.2,3,1,genHalfAndHalf,1,10,17,97044,Config_98,3,"add(PartnerStanding, add(1, mul(add(1, mul(PartnerStanding, PartnerStanding)), PartnerStanding)))",PartnerStanding**3 + 2*PartnerStanding + 1,Unconditional Cooperator (ALL-C),"mul(RecipientStanding, -10)",-10*RecipientStanding,Unconditional Bad,46.17,40.36,33.83,0.0,39.9
2026-05-03_04-15,Local_VSCode,IR3_Config_98_R4,Indirect Reciprocity Mode 3 (Co-Evolution),5,1,10,10,0,10,1,0.5,0.0,0.0,10,100,0.1,0.5,0.2,3,1,genHalfAndHalf,1,10,17,97045,Config_98,4,"add(add(PartnerStanding, PartnerStanding), add(PartnerStanding, PartnerStanding))",4*PartnerStanding,Strict Discriminator,"add(RecipientStanding, RecipientStanding)",2*RecipientStanding,"Novel Ass: (True, False, True, False)",44.83,39.4,35.17,0.0,39.3
2026-05-03_04-16,Local_VSCode,IR3_Config_98_R5,Indirect Reciprocity Mode 3 (Co-Evolution),5,1,10,10,0,10,1,0.5,0.0,0.0,10,100,0.1,0.5,0.2,3,1,genHalfAndHalf,1,10,17,97046,Config_98,5,"mul(add(PartnerStanding, PartnerStanding), sub(1, -1))",4*PartnerStanding,Strict Discriminator,"add(sub(RecipientStanding, RecipientStanding), RecipientStanding)",RecipientStanding,"Novel Ass: (True, False, True, False)",44.5,38.37,35.5,0.0,36.7
2026-05-03_04-16,Local_VSCode,IR3_Config_99_R1,Indirect Reciprocity Mode 3 (Co-Evolution),5,1,10,10,0,10,1,0.5,0.0,0.0,10,100,0.5,0.5,0.2,3,1,genHalfAndHalf,1,3,17,98042,Config_99,1,"sub(PartnerStanding, -10)",PartnerStanding + 10,Unconditional Cooperator (ALL-C),"mul(RecipientStanding, DonorAction)",DonorAction*RecipientStanding,Shunning,45.17,41.36,34.83,0.0,39.2
2026-05-03_04-16,Local_VSCode,IR3_Config_99_R2,Indirect Reciprocity Mode 3 (Co-Evolution),5,1,10,10,0,10,1,0.5,0.0,0.0,10,100,0.5,0.5,0.2,3,1,genHalfAndHalf,1,3,17,98043,Config_99,2,"mul(PartnerStanding, mul(1, PartnerStanding))",PartnerStanding**2,Strict Discriminator,"mul(RecipientStanding, RecipientStanding)",RecipientStanding**2,"Novel Ass: (True, False, True, False)",45.5,41.86,34.5,0.0,38.4
2026-05-03_04-16,Local_VSCode,IR3_Config_99_R3,Indirect Reciprocity Mode 3 (Co-Evolution),5,1,10,10,0,10,1,0.5,0.0,0.0,10,100,0.5,0.5,0.2,3,1,genHalfAndHalf,1,3,17,98044,Config_99,3,"add(0, PartnerStanding)",PartnerStanding,Strict Discriminator,"sub(RecipientStanding, 0)",RecipientStanding,"Novel Ass: (True, False, True, False)",44.17,33.42,35.83,0.0,38.0
2026-05-03_04-16,Local_VSCode,IR3_Config_99_R4,Indirect Reciprocity Mode 3 (Co-Evolution),5,1,10,10,0,10,1,0.5,0.0,0.0,10,100,0.5,0.5,0.2,3,1,genHalfAndHalf,1,3,17,98045,Config_99,4,"add(10, 10)",20,Unconditional Cooperator (ALL-C),"mul(mul(DonorAction, DonorAction), add(0, sub(RecipientStanding, DonorAction)))",DonorAction**2*(-DonorAction + RecipientStanding),Unconditional Bad,46.67,42.92,33.33,0.0,39.6
2026-05-03_04-16,Local_VSCode,IR3_Config_99_R5,Indirect Reciprocity Mode 3 (Co-Evolution),5,1,10,10,0,10,1,0.5,0.0,0.0,10,100,0.5,0.5,0.2,3,1,genHalfAndHalf,1,3,17,98046,Config_99,5,"add(PartnerStanding, PartnerStanding)",2*PartnerStanding,Strict Discriminator,"mul(DonorAction, DonorAction)",DonorAction**2,Image Scoring,45.5,40.14,34.5,0.0,40.8
2026-05-03_04-16,Local_VSCode,IR3_Config_100_R1,Indirect Reciprocity Mode 3 (Co-Evolution),5,1,10,10,0,10,1,0.5,0.0,0.0,10,100,0.5,0.5,0.2,3,1,genHalfAndHalf,1,10,17,99042,Config_100,1,"mul(-10, -10)",100,Unconditional Cooperator (ALL-C),"add(-10, RecipientStanding)",RecipientStanding - 10,Unconditional Bad,44.67,40.15,35.33,0.0,43.1
2026-05-03_04-16,Local_VSCode,IR3_Config_100_R2,Indirect Reciprocity Mode 3 (Co-Evolution),5,1,10,10,0,10,1,0.5,0.0,0.0,10,100,0.5,0.5,0.2,3,1,genHalfAndHalf,1,10,17,99043,Config_100,2,"mul(mul(10, PartnerStanding), PartnerStanding)",10*PartnerStanding**2,Strict Discriminator,"mul(RecipientStanding, RecipientStanding)",RecipientStanding**2,"Novel Ass: (True, False, True, False)",48.67,42.79,31.33,0.0,39.5
2026-05-03_04-16,Local_VSCode,IR3_Config_100_R3,Indirect Reciprocity Mode 3 (Co-Evolution),5,1,10,10,0,10,1,0.5,0.0,0.0,10,100,0.5,0.5,0.2,3,1,genHalfAndHalf,1,10,17,99044,Config_100,3,"mul(PartnerStanding, PartnerStanding)",PartnerStanding**2,Strict Discriminator,"mul(10, mul(RecipientStanding, RecipientStanding))",10*RecipientStanding**2,"Novel Ass: (True, False, True, False)",45.17,39.85,34.83,0.0,42.7
2026-05-03_04-16,Local_VSCode,IR3_Config_100_R4,Indirect Reciprocity Mode 3 (Co-Evolution),5,1,10,10,0,10,1,0.5,0.0,0.0,10,100,0.5,0.5,0.2,3,1,genHalfAndHalf,1,10,17,99045,Config_100,4,"sub(add(PartnerStanding, -1), -10)",PartnerStanding + 9,Unconditional Cooperator (ALL-C),"mul(RecipientStanding, sub(RecipientStanding, 0))",RecipientStanding**2,"Novel Ass: (True, False, True, False)",45.67,40.28,34.33,0.0,40.0
2026-05-03_04-16,Local_VSCode,IR3_Config_100_R5,Indirect Reciprocity Mode 3 (Co-Evolution),5,1,10,10,0,10,1,0.5,0.0,0.0,10,100,0.5,0.5,0.2,3,1,genHalfAndHalf,1,10,17,99046,Config_100,5,"add(10, 10)",20,Unconditional Cooperator (ALL-C),"add(-10, -10)",-20,Unconditional Bad,44.5,40.5,35.5,0.0,38.8
2026-05-03_04-16,Local_VSCode,IR3_Config_101_R1,Indirect Reciprocity Mode 3 (Co-Evolution),5,1,10,10,0,10,1,0.5,0.0,0.0,100,100,0.1,0.5,0.2,3,1,genHalfAndHalf,1,3,17,100042,Config_101,1,"mul(PartnerStanding, 10)",10*PartnerStanding,Strict Discriminator,"add(mul(RecipientStanding, 1), sub(RecipientStanding, -10))",2*RecipientStanding + 10,Unconditional Good,47.5,41.46,32.5,0.0,41.8
2026-05-03_04-16,Local_VSCode,IR3_Config_101_R2,Indirect Reciprocity Mode 3 (Co-Evolution),5,1,10,10,0,10,1,0.5,0.0,0.0,100,100,0.1,0.5,0.2,3,1,genHalfAndHalf,1,3,17,100043,Config_101,2,"add(10, 10)",20,Unconditional Cooperator (ALL-C),"mul(DonorAction, DonorAction)",DonorAction**2,Image Scoring,47.67,41.92,32.33,0.0,37.5
2026-05-03_04-16,Local_VSCode,IR3_Config_101_R3,Indirect Reciprocity Mode 3 (Co-Evolution),5,1,10,10,0,10,1,0.5,0.0,0.0,100,100,0.1,0.5,0.2,3,1,genHalfAndHalf,1,3,17,100044,Config_101,3,"sub(10, PartnerStanding)",10 - PartnerStanding,Unconditional Cooperator (ALL-C),"add(DonorAction, RecipientStanding)",DonorAction + RecipientStanding,"Novel Ass: (True, True, True, False)",47.0,39.25,33.0,0.0,37.3
2026-05-03_04-17,Local_VSCode,IR3_Config_101_R4,Indirect Reciprocity Mode 3 (Co-Evolution),5,1,10,10,0,10,1,0.5,0.0,0.0,100,100,0.1,0.5,0.2,3,1,genHalfAndHalf,1,3,17,100045,Config_101,4,"add(1, 1)",2,Unconditional Cooperator (ALL-C),"add(DonorAction, RecipientStanding)",DonorAction + RecipientStanding,"Novel Ass: (True, True, True, False)",46.83,39.89,33.17,0.0,39.1
2026-05-03_04-17,Local_VSCode,IR3_Config_101_R5,Indirect Reciprocity Mode 3 (Co-Evolution),5,1,10,10,0,10,1,0.5,0.0,0.0,100,100,0.1,0.5,0.2,3,1,genHalfAndHalf,1,3,17,100046,Config_101,5,"add(PartnerStanding, 10)",PartnerStanding + 10,Unconditional Cooperator (ALL-C),"add(mul(sub(RecipientStanding, mul(RecipientStanding, mul(DonorAction, RecipientStanding))), mul(DonorAction, RecipientStanding)), RecipientStanding)",RecipientStanding*(-DonorAction*RecipientStanding*(DonorAction*RecipientStanding - 1) + 1),"Novel Ass: (True, False, True, False)",48.0,41.56,32.0,0.0,40.3
2026-05-03_04-17,Local_VSCode,IR3_Config_102_R1,Indirect Reciprocity Mode 3 (Co-Evolution),5,1,10,10,0,10,1,0.5,0.0,0.0,100,100,0.1,0.5,0.2,3,1,genHalfAndHalf,1,10,17,101042,Config_102,1,"sub(mul(10, PartnerStanding), -1)",10*PartnerStanding + 1,Unconditional Cooperator (ALL-C),"sub(-10, DonorAction)",-DonorAction - 10,Unconditional Bad,46.5,41.37,33.5,0.0,39.7
2026-05-03_04-17,Local_VSCode,IR3_Config_102_R2,Indirect Reciprocity Mode 3 (Co-Evolution),5,1,10,10,0,10,1,0.5,0.0,0.0,100,100,0.1,0.5,0.2,3,1,genHalfAndHalf,1,10,17,101043,Config_102,2,"mul(10, PartnerStanding)",10*PartnerStanding,Strict Discriminator,"add(DonorAction, RecipientStanding)",DonorAction + RecipientStanding,"Novel Ass: (True, True, True, False)",47.5,41.41,32.5,0.0,38.5
2026-05-03_04-18,Local_VSCode,IR3_Config_102_R3,Indirect Reciprocity Mode 3 (Co-Evolution),5,1,10,10,0,10,1,0.5,0.0,0.0,100,100,0.1,0.5,0.2,3,1,genHalfAndHalf,1,10,17,101044,Config_102,3,"add(10, PartnerStanding)",PartnerStanding + 10,Unconditional Cooperator (ALL-C),"add(1, 1)",2,Unconditional Good,48.17,42.24,31.83,0.0,45.3
2026-05-03_04-18,Local_VSCode,IR3_Config_102_R4,Indirect Reciprocity Mode 3 (Co-Evolution),5,1,10,10,0,10,1,0.5,0.0,0.0,100,100,0.1,0.5,0.2,3,1,genHalfAndHalf,1,10,17,101045,Config_102,4,"mul(PartnerStanding, PartnerStanding)",PartnerStanding**2,Strict Discriminator,"add(RecipientStanding, add(DonorAction, 1))",DonorAction + RecipientStanding + 1,Unconditional Good,47.17,42.74,32.83,0.0,38.9
2026-05-03_04-18,Local_VSCode,IR3_Config_102_R5,Indirect Reciprocity Mode 3 (Co-Evolution),5,1,10,10,0,10,1,0.5,0.0,0.0,100,100,0.1,0.5,0.2,3,1,genHalfAndHalf,1,10,17,101046,Config_102,5,"add(10, mul(0, PartnerStanding))",10,Unconditional Cooperator (ALL-C),"mul(mul(DonorAction, 0), mul(-1, -1))",0,Unconditional Bad,47.67,41.0,32.33,0.0,39.8
2026-05-03_04-18,Local_VSCode,IR3_Config_103_R1,Indirect Reciprocity Mode 3 (Co-Evolution),5,1,10,10,0,10,1,0.5,0.0,0.0,100,100,0.5,0.5,0.2,3,1,genHalfAndHalf,1,3,17,102042,Config_103,1,"add(PartnerStanding, 1)",PartnerStanding + 1,Unconditional Cooperator (ALL-C),"sub(RecipientStanding, 0)",RecipientStanding,"Novel Ass: (True, False, True, False)",47.0,39.76,33.0,0.0,40.4
2026-05-03_04-18,Local_VSCode,IR3_Config_103_R2,Indirect Reciprocity Mode 3 (Co-Evolution),5,1,10,10,0,10,1,0.5,0.0,0.0,100,100,0.5,0.5,0.2,3,1,genHalfAndHalf,1,3,17,102043,Config_103,2,"add(PartnerStanding, 1)",PartnerStanding + 1,Unconditional Cooperator (ALL-C),"sub(DonorAction, RecipientStanding)",DonorAction - RecipientStanding,"Novel Ass: (False, True, False, False)",46.0,39.91,34.0,0.0,38.2
2026-05-03_04-19,Local_VSCode,IR3_Config_103_R3,Indirect Reciprocity Mode 3 (Co-Evolution),5,1,10,10,0,10,1,0.5,0.0,0.0,100,100,0.5,0.5,0.2,3,1,genHalfAndHalf,1,3,17,102044,Config_103,3,"mul(PartnerStanding, PartnerStanding)",PartnerStanding**2,Strict Discriminator,"mul(DonorAction, RecipientStanding)",DonorAction*RecipientStanding,Shunning,46.83,39.83,33.17,0.0,40.6
2026-05-03_04-19,Local_VSCode,IR3_Config_103_R4,Indirect Reciprocity Mode 3 (Co-Evolution),5,1,10,10,0,10,1,0.5,0.0,0.0,100,100,0.5,0.5,0.2,3,1,genHalfAndHalf,1,3,17,102045,Config_103,4,"add(PartnerStanding, 0)",PartnerStanding,Strict Discriminator,"sub(DonorAction, 0)",DonorAction,Image Scoring,46.17,40.22,33.83,0.0,36.1
2026-05-03_04-19,Local_VSCode,IR3_Config_103_R5,Indirect Reciprocity Mode 3 (Co-Evolution),5,1,10,10,0,10,1,0.5,0.0,0.0,100,100,0.5,0.5,0.2,3,1,genHalfAndHalf,1,3,17,102046,Config_103,5,"add(PartnerStanding, 10)",PartnerStanding + 10,Unconditional Cooperator (ALL-C),"mul(RecipientStanding, RecipientStanding)",RecipientStanding**2,"Novel Ass: (True, False, True, False)",47.0,38.28,33.0,0.0,43.1
2026-05-03_04-19,Local_VSCode,IR3_Config_104_R1,Indirect Reciprocity Mode 3 (Co-Evolution),5,1,10,10,0,10,1,0.5,0.0,0.0,100,100,0.5,0.5,0.2,3,1,genHalfAndHalf,1,10,17,103042,Config_104,1,"add(10, 10)",20,Unconditional Cooperator (ALL-C),"sub(DonorAction, 10)",DonorAction - 10,Unconditional Bad,46.67,41.01,33.33,0.0,38.2
2026-05-03_04-19,Local_VSCode,IR3_Config_104_R2,Indirect Reciprocity Mode 3 (Co-Evolution),5,1,10,10,0,10,1,0.5,0.0,0.0,100,100,0.5,0.5,0.2,3,1,genHalfAndHalf,1,10,17,103043,Config_104,2,"mul(PartnerStanding, PartnerStanding)",PartnerStanding**2,Strict Discriminator,"mul(DonorAction, DonorAction)",DonorAction**2,Image Scoring,46.67,38.9,33.33,0.0,37.7
2026-05-03_04-20,Local_VSCode,IR3_Config_104_R3,Indirect Reciprocity Mode 3 (Co-Evolution),5,1,10,10,0,10,1,0.5,0.0,0.0,100,100,0.5,0.5,0.2,3,1,genHalfAndHalf,1,10,17,103044,Config_104,3,"sub(PartnerStanding, -1)",PartnerStanding + 1,Unconditional Cooperator (ALL-C),"sub(RecipientStanding, DonorAction)",-DonorAction + RecipientStanding,"Novel Ass: (False, False, True, False)",48.83,41.43,31.17,0.0,41.9
2026-05-03_04-20,Local_VSCode,IR3_Config_104_R4,Indirect Reciprocity Mode 3 (Co-Evolution),5,1,10,10,0,10,1,0.5,0.0,0.0,100,100,0.5,0.5,0.2,3,1,genHalfAndHalf,1,10,17,103045,Config_104,4,"mul(PartnerStanding, PartnerStanding)",PartnerStanding**2,Strict Discriminator,"mul(RecipientStanding, RecipientStanding)",RecipientStanding**2,"Novel Ass: (True, False, True, False)",47.83,40.36,32.17,0.0,40.1
2026-05-03_04-20,Local_VSCode,IR3_Config_104_R5,Indirect Reciprocity Mode 3 (Co-Evolution),5,1,10,10,0,10,1,0.5,0.0,0.0,100,100,0.5,0.5,0.2,3,1,genHalfAndHalf,1,10,17,103046,Config_104,5,"sub(10, PartnerStanding)",10 - PartnerStanding,Unconditional Cooperator (ALL-C),"sub(10, 10)",0,Unconditional Bad,47.17,38.6,32.83,0.0,42.3
2026-05-03_04-20,Local_VSCode,IR3_Config_105_R1,Indirect Reciprocity Mode 3 (Co-Evolution),5,1,10,10,0,100,1,0.5,0.0,0.0,10,100,0.1,0.5,0.2,3,1,genHalfAndHalf,1,3,17,104042,Config_105,1,"add(add(PartnerStanding, PartnerStanding), sub(add(PartnerStanding, PartnerStanding), 0))",4*PartnerStanding,Strict Discriminator,"sub(sub(mul(0, DonorAction), add(DonorAction, RecipientStanding)), mul(add(DonorAction, 0), add(-10, DonorAction)))",-DonorAction**2 + 9*DonorAction - RecipientStanding,Image Scoring,427.67,412.92,372.33,0.0,394.6
2026-05-03_04-20,Local_VSCode,IR3_Config_105_R2,Indirect Reciprocity Mode 3 (Co-Evolution),5,1,10,10,0,100,1,0.5,0.0,0.0,10,100,0.1,0.5,0.2,3,1,genHalfAndHalf,1,3,17,104043,Config_105,2,"add(add(1, 0), PartnerStanding)",PartnerStanding + 1,Unconditional Cooperator (ALL-C),"mul(DonorAction, DonorAction)",DonorAction**2,Image Scoring,416.5,398.45,383.5,0.0,405.7
2026-05-03_04-20,Local_VSCode,IR3_Config_105_R3,Indirect Reciprocity Mode 3 (Co-Evolution),5,1,10,10,0,100,1,0.5,0.0,0.0,10,100,0.1,0.5,0.2,3,1,genHalfAndHalf,1,3,17,104044,Config_105,3,"add(mul(PartnerStanding, sub(mul(sub(10, -10), mul(PartnerStanding, PartnerStanding)), sub(sub(PartnerStanding, 10), add(-10, PartnerStanding)))), add(PartnerStanding, sub(-1, PartnerStanding)))",20*PartnerStanding**3 - 1,Strict Discriminator,"sub(mul(add(RecipientStanding, DonorAction), RecipientStanding), mul(mul(add(RecipientStanding, DonorAction), RecipientStanding), add(RecipientStanding, -10)))",RecipientStanding*(11 - RecipientStanding)*(DonorAction + RecipientStanding),"Novel Ass: (True, False, True, False)",418.67,378.95,381.33,0.0,399.8
2026-05-03_04-21,Local_VSCode,IR3_Config_105_R4,Indirect Reciprocity Mode 3 (Co-Evolution),5,1,10,10,0,100,1,0.5,0.0,0.0,10,100,0.1,0.5,0.2,3,1,genHalfAndHalf,1,3,17,104045,Config_105,4,"mul(add(sub(1, -10), PartnerStanding), sub(mul(sub(1, -10), PartnerStanding), sub(1, PartnerStanding)))",(PartnerStanding + 11)*(12*PartnerStanding - 1),Strict Discriminator,"mul(RecipientStanding, RecipientStanding)",RecipientStanding**2,"Novel Ass: (True, False, True, False)",420.33,393.37,379.67,0.0,400.2
2026-05-03_04-21,Local_VSCode,IR3_Config_105_R5,Indirect Reciprocity Mode 3 (Co-Evolution),5,1,10,10,0,100,1,0.5,0.0,0.0,10,100,0.1,0.5,0.2,3,1,genHalfAndHalf,1,3,17,104046,Config_105,5,"add(PartnerStanding, 10)",PartnerStanding + 10,Unconditional Cooperator (ALL-C),"mul(RecipientStanding, 1)",RecipientStanding,"Novel Ass: (True, False, True, False)",416.83,408.25,383.17,0.0,389.2
2026-05-03_04-21,Local_VSCode,IR3_Config_106_R1,Indirect Reciprocity Mode 3 (Co-Evolution),5,1,10,10,0,100,1,0.5,0.0,0.0,10,100,0.1,0.5,0.2,3,1,genHalfAndHalf,1,10,17,105042,Config_106,1,"mul(-1, -1)",1,Unconditional Cooperator (ALL-C),"mul(mul(RecipientStanding, DonorAction), add(sub(-1, RecipientStanding), add(DonorAction, RecipientStanding)))",DonorAction*RecipientStanding*(DonorAction - 1),Unconditional Bad,423.5,393.15,376.5,0.0,404.3
2026-05-03_04-21,Local_VSCode,IR3_Config_106_R2,Indirect Reciprocity Mode 3 (Co-Evolution),5,1,10,10,0,100,1,0.5,0.0,0.0,10,100,0.1,0.5,0.2,3,1,genHalfAndHalf,1,10,17,105043,Config_106,2,"add(sub(1, -1), 1)",3,Unconditional Cooperator (ALL-C),"sub(mul(DonorAction, RecipientStanding), mul(DonorAction, sub(DonorAction, DonorAction)))",DonorAction*RecipientStanding,Shunning,418.0,407.12,382.0,0.0,400.7
2026-05-03_04-21,Local_VSCode,IR3_Config_106_R3,Indirect Reciprocity Mode 3 (Co-Evolution),5,1,10,10,0,100,1,0.5,0.0,0.0,10,100,0.1,0.5,0.2,3,1,genHalfAndHalf,1,10,17,105044,Config_106,3,"sub(sub(PartnerStanding, 0), sub(add(PartnerStanding, PartnerStanding), add(1, PartnerStanding)))",1,Unconditional Cooperator (ALL-C),"sub(RecipientStanding, RecipientStanding)",0,Unconditional Bad,420.5,398.68,379.5,0.0,402.8
2026-05-03_04-21,Local_VSCode,IR3_Config_106_R4,Indirect Reciprocity Mode 3 (Co-Evolution),5,1,10,10,0,100,1,0.5,0.0,0.0,10,100,0.1,0.5,0.2,3,1,genHalfAndHalf,1,10,17,105045,Config_106,4,"add(1, sub(mul(-1, 1), add(-10, PartnerStanding)))",10 - PartnerStanding,Unconditional Cooperator (ALL-C),"add(RecipientStanding, RecipientStanding)",2*RecipientStanding,"Novel Ass: (True, False, True, False)",418.0,378.15,382.0,0.0,413.5
2026-05-03_04-21,Local_VSCode,IR3_Config_106_R5,Indirect Reciprocity Mode 3 (Co-Evolution),5,1,10,10,0,100,1,0.5,0.0,0.0,10,100,0.1,0.5,0.2,3,1,genHalfAndHalf,1,10,17,105046,Config_106,5,"add(PartnerStanding, add(1, PartnerStanding))",2*PartnerStanding + 1,Unconditional Cooperator (ALL-C),"add(DonorAction, sub(10, DonorAction))",10,Unconditional Good,421.33,406.07,378.67,0.0,403.1
2026-05-03_04-22,Local_VSCode,IR3_Config_107_R1,Indirect Reciprocity Mode 3 (Co-Evolution),5,1,10,10,0,100,1,0.5,0.0,0.0,10,100,0.5,0.5,0.2,3,1,genHalfAndHalf,1,3,17,106042,Config_107,1,"add(PartnerStanding, sub(PartnerStanding, PartnerStanding))",PartnerStanding,Strict Discriminator,"sub(-1, -10)",9,Unconditional Good,418.17,412.9,381.83,0.0,409.6
2026-05-03_04-22,Local_VSCode,IR3_Config_107_R2,Indirect Reciprocity Mode 3 (Co-Evolution),5,1,10,10,0,100,1,0.5,0.0,0.0,10,100,0.5,0.5,0.2,3,1,genHalfAndHalf,1,3,17,106043,Config_107,2,"sub(sub(sub(mul(1, PartnerStanding), 1), 1), sub(mul(1, -1), 1))",PartnerStanding,Strict Discriminator,"mul(add(mul(RecipientStanding, RecipientStanding), add(RecipientStanding, DonorAction)), add(DonorAction, DonorAction))",2*DonorAction*(DonorAction + RecipientStanding**2 + RecipientStanding),Image Scoring,420.67,376.52,379.33,0.0,397.7
2026-05-03_04-22,Local_VSCode,IR3_Config_107_R3,Indirect Reciprocity Mode 3 (Co-Evolution),5,1,10,10,0,100,1,0.5,0.0,0.0,10,100,0.5,0.5,0.2,3,1,genHalfAndHalf,1,3,17,106044,Config_107,3,"add(add(PartnerStanding, 0), 1)",PartnerStanding + 1,Unconditional Cooperator (ALL-C),"add(sub(RecipientStanding, DonorAction), sub(DonorAction, DonorAction))",-DonorAction + RecipientStanding,"Novel Ass: (False, False, True, False)",418.17,392.26,381.83,0.0,408.9
2026-05-03_04-22,Local_VSCode,IR3_Config_107_R4,Indirect Reciprocity Mode 3 (Co-Evolution),5,1,10,10,0,100,1,0.5,0.0,0.0,10,100,0.5,0.5,0.2,3,1,genHalfAndHalf,1,3,17,106045,Config_107,4,"sub(sub(PartnerStanding, mul(-10, 10)), add(add(1, PartnerStanding), add(PartnerStanding, PartnerStanding)))",99 - 2*PartnerStanding,Unconditional Cooperator (ALL-C),"mul(sub(add(add(DonorAction, RecipientStanding), add(0, 0)), add(RecipientStanding, sub(DonorAction, 1))), -1)",-1,Unconditional Bad,419.0,391.25,381.0,0.0,402.8
2026-05-03_04-22,Local_VSCode,IR3_Config_107_R5,Indirect Reciprocity Mode 3 (Co-Evolution),5,1,10,10,0,100,1,0.5,0.0,0.0,10,100,0.5,0.5,0.2,3,1,genHalfAndHalf,1,3,17,106046,Config_107,5,"mul(1, 1)",1,Unconditional Cooperator (ALL-C),"sub(-1, DonorAction)",-DonorAction - 1,Unconditional Bad,417.5,407.7,382.5,0.0,411.5
2026-05-03_04-22,Local_VSCode,IR3_Config_108_R1,Indirect Reciprocity Mode 3 (Co-Evolution),5,1,10,10,0,100,1,0.5,0.0,0.0,10,100,0.5,0.5,0.2,3,1,genHalfAndHalf,1,10,17,107042,Config_108,1,"add(PartnerStanding, 0)",PartnerStanding,Strict Discriminator,"mul(10, DonorAction)",10*DonorAction,Image Scoring,413.83,402.87,386.17,0.0,406.0
2026-05-03_04-22,Local_VSCode,IR3_Config_108_R2,Indirect Reciprocity Mode 3 (Co-Evolution),5,1,10,10,0,100,1,0.5,0.0,0.0,10,100,0.5,0.5,0.2,3,1,genHalfAndHalf,1,10,17,107043,Config_108,2,"add(add(10, sub(0, 0)), sub(0, 0))",10,Unconditional Cooperator (ALL-C),"mul(DonorAction, DonorAction)",DonorAction**2,Image Scoring,414.5,407.33,385.5,0.0,395.6
2026-05-03_04-23,Local_VSCode,IR3_Config_108_R3,Indirect Reciprocity Mode 3 (Co-Evolution),5,1,10,10,0,100,1,0.5,0.0,0.0,10,100,0.5,0.5,0.2,3,1,genHalfAndHalf,1,10,17,107044,Config_108,3,"mul(PartnerStanding, PartnerStanding)",PartnerStanding**2,Strict Discriminator,"sub(DonorAction, sub(DonorAction, RecipientStanding))",RecipientStanding,"Novel Ass: (True, False, True, False)",414.33,364.62,385.67,0.0,396.3
2026-05-03_04-23,Local_VSCode,IR3_Config_108_R4,Indirect Reciprocity Mode 3 (Co-Evolution),5,1,10,10,0,100,1,0.5,0.0,0.0,10,100,0.5,0.5,0.2,3,1,genHalfAndHalf,1,10,17,107045,Config_108,4,"add(sub(PartnerStanding, mul(PartnerStanding, 1)), add(1, 1))",2,Unconditional Cooperator (ALL-C),"mul(DonorAction, RecipientStanding)",DonorAction*RecipientStanding,Shunning,420.33,411.3,379.67,0.0,399.4
2026-05-03_04-23,Local_VSCode,IR3_Config_108_R5,Indirect Reciprocity Mode 3 (Co-Evolution),5,1,10,10,0,100,1,0.5,0.0,0.0,10,100,0.5,0.5,0.2,3,1,genHalfAndHalf,1,10,17,107046,Config_108,5,"add(PartnerStanding, 1)",PartnerStanding + 1,Unconditional Cooperator (ALL-C),"sub(add(sub(1, 10), add(DonorAction, DonorAction)), RecipientStanding)",2*DonorAction - RecipientStanding - 9,Unconditional Bad,421.83,401.64,378.17,0.0,395.1
2026-05-03_04-24,Local_VSCode,IR3_Config_109_R1,Indirect Reciprocity Mode 3 (Co-Evolution),5,1,10,10,0,100,1,0.5,0.0,0.0,100,100,0.1,0.5,0.2,3,1,genHalfAndHalf,1,3,17,108042,Config_109,1,"add(1, add(PartnerStanding, add(PartnerStanding, PartnerStanding)))",3*PartnerStanding + 1,Unconditional Cooperator (ALL-C),"sub(mul(RecipientStanding, DonorAction), 10)",DonorAction*RecipientStanding - 10,Unconditional Bad,423.83,395.96,376.17,0.0,396.3
2026-05-03_04-26,Local_VSCode,IR3_Config_109_R2,Indirect Reciprocity Mode 3 (Co-Evolution),5,1,10,10,0,100,1,0.5,0.0,0.0,100,100,0.1,0.5,0.2,3,1,genHalfAndHalf,1,3,17,108043,Config_109,2,"sub(add(PartnerStanding, PartnerStanding), sub(add(PartnerStanding, PartnerStanding), mul(PartnerStanding, 1)))",PartnerStanding,Strict Discriminator,"sub(add(sub(add(DonorAction, 10), add(DonorAction, RecipientStanding)), sub(add(RecipientStanding, 10), add(RecipientStanding, DonorAction))), -1)",-DonorAction - RecipientStanding + 21,Unconditional Good,424.0,393.35,376.0,0.0,398.7
2026-05-03_04-27,Local_VSCode,IR3_Config_109_R3,Indirect Reciprocity Mode 3 (Co-Evolution),5,1,10,10,0,100,1,0.5,0.0,0.0,100,100,0.1,0.5,0.2,3,1,genHalfAndHalf,1,3,17,108044,Config_109,3,"mul(PartnerStanding, mul(-10, -10))",100*PartnerStanding,Strict Discriminator,"add(10, RecipientStanding)",RecipientStanding + 10,Unconditional Good,424.17,374.65,375.83,0.0,405.8
2026-05-03_04-28,Local_VSCode,IR3_Config_109_R4,Indirect Reciprocity Mode 3 (Co-Evolution),5,1,10,10,0,100,1,0.5,0.0,0.0,100,100,0.1,0.5,0.2,3,1,genHalfAndHalf,1,3,17,108045,Config_109,4,"sub(sub(PartnerStanding, add(sub(PartnerStanding, -1), sub(-1, add(sub(PartnerStanding, -1), sub(-1, PartnerStanding))))), -10)",10,Unconditional Cooperator (ALL-C),"mul(DonorAction, add(DonorAction, 1))",DonorAction*(DonorAction + 1),Image Scoring,422.83,407.07,377.17,0.0,401.3
2026-05-03_04-30,Local_VSCode,IR3_Config_109_R5,Indirect Reciprocity Mode 3 (Co-Evolution),5,1,10,10,0,100,1,0.5,0.0,0.0,100,100,0.1,0.5,0.2,3,1,genHalfAndHalf,1,3,17,108046,Config_109,5,"mul(10, 1)",10,Unconditional Cooperator (ALL-C),"mul(-10, DonorAction)",-10*DonorAction,Unconditional Bad,420.5,395.87,379.5,0.0,402.6
2026-05-03_04-31,Local_VSCode,IR3_Config_110_R1,Indirect Reciprocity Mode 3 (Co-Evolution),5,1,10,10,0,100,1,0.5,0.0,0.0,100,100,0.1,0.5,0.2,3,1,genHalfAndHalf,1,10,17,109042,Config_110,1,"mul(mul(10, PartnerStanding), mul(1, 1))",10*PartnerStanding,Strict Discriminator,"add(DonorAction, RecipientStanding)",DonorAction + RecipientStanding,"Novel Ass: (True, True, True, False)",424.17,387.14,375.83,0.0,403.1
2026-05-03_04-32,Local_VSCode,IR3_Config_110_R2,Indirect Reciprocity Mode 3 (Co-Evolution),5,1,10,10,0,100,1,0.5,0.0,0.0,100,100,0.1,0.5,0.2,3,1,genHalfAndHalf,1,10,17,109043,Config_110,2,"sub(add(PartnerStanding, 0), -1)",PartnerStanding + 1,Unconditional Cooperator (ALL-C),"add(sub(RecipientStanding, RecipientStanding), sub(RecipientStanding, RecipientStanding))",0,Unconditional Bad,422.0,391.66,378.0,0.0,403.1
2026-05-03_04-34,Local_VSCode,IR3_Config_110_R3,Indirect Reciprocity Mode 3 (Co-Evolution),5,1,10,10,0,100,1,0.5,0.0,0.0,100,100,0.1,0.5,0.2,3,1,genHalfAndHalf,1,10,17,109044,Config_110,3,"add(10, PartnerStanding)",PartnerStanding + 10,Unconditional Cooperator (ALL-C),"add(-1, DonorAction)",DonorAction - 1,Unconditional Bad,419.83,396.73,380.17,0.0,397.0
2026-05-03_04-35,Local_VSCode,IR3_Config_110_R4,Indirect Reciprocity Mode 3 (Co-Evolution),5,1,10,10,0,100,1,0.5,0.0,0.0,100,100,0.1,0.5,0.2,3,1,genHalfAndHalf,1,10,17,109045,Config_110,4,"sub(add(mul(PartnerStanding, PartnerStanding), mul(PartnerStanding, PartnerStanding)), sub(add(-1, PartnerStanding), mul(PartnerStanding, 10)))",2*PartnerStanding**2 + 9*PartnerStanding + 1,Unconditional Cooperator (ALL-C),"mul(DonorAction, RecipientStanding)",DonorAction*RecipientStanding,Shunning,425.0,392.98,375.0,0.0,399.7
2026-05-03_04-36,Local_VSCode,IR3_Config_110_R5,Indirect Reciprocity Mode 3 (Co-Evolution),5,1,10,10,0,100,1,0.5,0.0,0.0,100,100,0.1,0.5,0.2,3,1,genHalfAndHalf,1,10,17,109046,Config_110,5,"sub(add(PartnerStanding, 10), 0)",PartnerStanding + 10,Unconditional Cooperator (ALL-C),"add(RecipientStanding, -10)",RecipientStanding - 10,Unconditional Bad,423.83,394.15,376.17,0.0,405.9
2026-05-03_04-38,Local_VSCode,IR3_Config_111_R1,Indirect Reciprocity Mode 3 (Co-Evolution),5,1,10,10,0,100,1,0.5,0.0,0.0,100,100,0.5,0.5,0.2,3,1,genHalfAndHalf,1,3,17,110042,Config_111,1,"add(PartnerStanding, sub(mul(sub(PartnerStanding, -1), mul(PartnerStanding, 10)), add(sub(PartnerStanding, PartnerStanding), sub(10, PartnerStanding))))",10*PartnerStanding**2 + 12*PartnerStanding - 10,Strict Discriminator,"add(DonorAction, DonorAction)",2*DonorAction,Image Scoring,428.33,395.4,371.67,0.0,400.0
2026-05-03_04-39,Local_VSCode,IR3_Config_111_R2,Indirect Reciprocity Mode 3 (Co-Evolution),5,1,10,10,0,100,1,0.5,0.0,0.0,100,100,0.5,0.5,0.2,3,1,genHalfAndHalf,1,3,17,110043,Config_111,2,"sub(10, PartnerStanding)",10 - PartnerStanding,Unconditional Cooperator (ALL-C),"sub(DonorAction, DonorAction)",0,Unconditional Bad,424.83,386.48,375.17,0.0,397.8
2026-05-03_04-40,Local_VSCode,IR3_Config_111_R3,Indirect Reciprocity Mode 3 (Co-Evolution),5,1,10,10,0,100,1,0.5,0.0,0.0,100,100,0.5,0.5,0.2,3,1,genHalfAndHalf,1,3,17,110044,Config_111,3,"sub(sub(-1, mul(PartnerStanding, PartnerStanding)), -10)",9 - PartnerStanding**2,Unconditional Cooperator (ALL-C),"mul(DonorAction, mul(DonorAction, 0))",0,Unconditional Bad,425.83,384.75,374.17,0.0,395.9
2026-05-03_04-42,Local_VSCode,IR3_Config_111_R4,Indirect Reciprocity Mode 3 (Co-Evolution),5,1,10,10,0,100,1,0.5,0.0,0.0,100,100,0.5,0.5,0.2,3,1,genHalfAndHalf,1,3,17,110045,Config_111,4,"add(PartnerStanding, PartnerStanding)",2*PartnerStanding,Strict Discriminator,"add(RecipientStanding, RecipientStanding)",2*RecipientStanding,"Novel Ass: (True, False, True, False)",422.67,386.56,377.33,0.0,395.2
2026-05-03_04-43,Local_VSCode,IR3_Config_111_R5,Indirect Reciprocity Mode 3 (Co-Evolution),5,1,10,10,0,100,1,0.5,0.0,0.0,100,100,0.5,0.5,0.2,3,1,genHalfAndHalf,1,3,17,110046,Config_111,5,"add(1, PartnerStanding)",PartnerStanding + 1,Unconditional Cooperator (ALL-C),"add(sub(DonorAction, 10), mul(RecipientStanding, DonorAction))",DonorAction*RecipientStanding + DonorAction - 10,Unconditional Bad,421.5,395.82,378.5,0.0,395.3
2026-05-03_04-45,Local_VSCode,IR3_Config_112_R1,Indirect Reciprocity Mode 3 (Co-Evolution),5,1,10,10,0,100,1,0.5,0.0,0.0,100,100,0.5,0.5,0.2,3,1,genHalfAndHalf,1,10,17,111042,Config_112,1,"add(10, 10)",20,Unconditional Cooperator (ALL-C),"sub(DonorAction, DonorAction)",0,Unconditional Bad,422.5,399.15,377.5,0.0,402.0
2026-05-03_04-46,Local_VSCode,IR3_Config_112_R2,Indirect Reciprocity Mode 3 (Co-Evolution),5,1,10,10,0,100,1,0.5,0.0,0.0,100,100,0.5,0.5,0.2,3,1,genHalfAndHalf,1,10,17,111043,Config_112,2,"sub(10, add(PartnerStanding, PartnerStanding))",10 - 2*PartnerStanding,Unconditional Cooperator (ALL-C),"sub(RecipientStanding, -1)",RecipientStanding + 1,Unconditional Good,421.83,381.85,378.17,0.0,415.2
2026-05-03_04-48,Local_VSCode,IR3_Config_112_R3,Indirect Reciprocity Mode 3 (Co-Evolution),5,1,10,10,0,100,1,0.5,0.0,0.0,100,100,0.5,0.5,0.2,3,1,genHalfAndHalf,1,10,17,111044,Config_112,3,"add(PartnerStanding, PartnerStanding)",2*PartnerStanding,Strict Discriminator,"mul(RecipientStanding, mul(add(add(-1, DonorAction), RecipientStanding), RecipientStanding))",RecipientStanding**2*(DonorAction + RecipientStanding - 1),Shunning,424.0,385.54,376.0,0.0,395.9
2026-05-03_04-49,Local_VSCode,IR3_Config_112_R4,Indirect Reciprocity Mode 3 (Co-Evolution),5,1,10,10,0,100,1,0.5,0.0,0.0,100,100,0.5,0.5,0.2,3,1,genHalfAndHalf,1,10,17,111045,Config_112,4,"mul(10, PartnerStanding)",10*PartnerStanding,Strict Discriminator,"mul(RecipientStanding, RecipientStanding)",RecipientStanding**2,"Novel Ass: (True, False, True, False)",425.67,399.98,374.33,0.0,393.1
2026-05-03_04-50,Local_VSCode,IR3_Config_112_R5,Indirect Reciprocity Mode 3 (Co-Evolution),5,1,10,10,0,100,1,0.5,0.0,0.0,100,100,0.5,0.5,0.2,3,1,genHalfAndHalf,1,10,17,111046,Config_112,5,"add(sub(10, PartnerStanding), sub(PartnerStanding, PartnerStanding))",10 - PartnerStanding,Unconditional Cooperator (ALL-C),"add(10, 10)",20,Unconditional Good,422.0,391.81,378.0,0.0,401.3
2026-05-03_04-50,Local_VSCode,IR3_Config_113_R1,Indirect Reciprocity Mode 3 (Co-Evolution),5,1,10,10,10,10,1,0.5,0.0,0.0,10,100,0.1,0.5,0.2,3,1,genHalfAndHalf,1,3,17,112042,Config_113,1,"sub(add(PartnerStanding, sub(10, PartnerStanding)), PartnerStanding)",10 - PartnerStanding,Unconditional Cooperator (ALL-C),"add(add(mul(DonorAction, DonorAction), mul(0, 10)), add(sub(RecipientStanding, sub(RecipientStanding, DonorAction)), mul(DonorAction, 1)))",DonorAction*(DonorAction + 2),Image Scoring,27.5,23.6,19.83,32.67,28.14
2026-05-03_04-50,Local_VSCode,IR3_Config_113_R2,Indirect Reciprocity Mode 3 (Co-Evolution),5,1,10,10,10,10,1,0.5,0.0,0.0,10,100,0.1,0.5,0.2,3,1,genHalfAndHalf,1,3,17,112043,Config_113,2,"mul(mul(PartnerStanding, PartnerStanding), PartnerStanding)",PartnerStanding**3,Strict Discriminator,"sub(add(10, -1), mul(sub(-1, DonorAction), RecipientStanding))",RecipientStanding*(DonorAction + 1) + 9,Unconditional Good,28.83,24.87,21.0,30.17,29.28
2026-05-03_04-50,Local_VSCode,IR3_Config_113_R3,Indirect Reciprocity Mode 3 (Co-Evolution),5,1,10,10,10,10,1,0.5,0.0,0.0,10,100,0.1,0.5,0.2,3,1,genHalfAndHalf,1,3,17,112044,Config_113,3,"sub(-1, -10)",9,Unconditional Cooperator (ALL-C),"sub(-1, -1)",0,Unconditional Bad,27.33,24.03,19.67,33.0,24.34
2026-05-03_04-50,Local_VSCode,IR3_Config_113_R4,Indirect Reciprocity Mode 3 (Co-Evolution),5,1,10,10,10,10,1,0.5,0.0,0.0,10,100,0.1,0.5,0.2,3,1,genHalfAndHalf,1,3,17,112045,Config_113,4,"mul(PartnerStanding, PartnerStanding)",PartnerStanding**2,Strict Discriminator,"sub(mul(DonorAction, mul(DonorAction, 10)), add(-1, RecipientStanding))",10*DonorAction**2 - RecipientStanding + 1,Simple Standing,30.4,26.4,17.33,22.0,23.82
2026-05-03_04-51,Local_VSCode,IR3_Config_113_R5,Indirect Reciprocity Mode 3 (Co-Evolution),5,1,10,10,10,10,1,0.5,0.0,0.0,10,100,0.1,0.5,0.2,3,1,genHalfAndHalf,1,3,17,112046,Config_113,5,"sub(0, -10)",10,Unconditional Cooperator (ALL-C),"sub(sub(mul(sub(DonorAction, DonorAction), -1), sub(DonorAction, DonorAction)), DonorAction)",-DonorAction,Unconditional Bad,28.5,21.7,19.83,31.67,26.26
2026-05-03_04-51,Local_VSCode,IR3_Config_114_R1,Indirect Reciprocity Mode 3 (Co-Evolution),5,1,10,10,10,10,1,0.5,0.0,0.0,10,100,0.1,0.5,0.2,3,1,genHalfAndHalf,1,10,17,113042,Config_114,1,"sub(sub(PartnerStanding, -10), PartnerStanding)",10,Unconditional Cooperator (ALL-C),"sub(RecipientStanding, add(RecipientStanding, RecipientStanding))",-RecipientStanding,Unconditional Bad,28.0,26.67,19.33,32.67,25.72
2026-05-03_04-51,Local_VSCode,IR3_Config_114_R2,Indirect Reciprocity Mode 3 (Co-Evolution),5,1,10,10,10,10,1,0.5,0.0,0.0,10,100,0.1,0.5,0.2,3,1,genHalfAndHalf,1,10,17,113043,Config_114,2,"mul(mul(PartnerStanding, 10), mul(PartnerStanding, 10))",100*PartnerStanding**2,Strict Discriminator,"mul(RecipientStanding, RecipientStanding)",RecipientStanding**2,"Novel Ass: (True, False, True, False)",29.17,26.5,21.33,29.5,24.6
2026-05-03_04-51,Local_VSCode,IR3_Config_114_R3,Indirect Reciprocity Mode 3 (Co-Evolution),5,1,10,10,10,10,1,0.5,0.0,0.0,10,100,0.1,0.5,0.2,3,1,genHalfAndHalf,1,10,17,113044,Config_114,3,"add(sub(PartnerStanding, -1), sub(PartnerStanding, 0))",2*PartnerStanding + 1,Unconditional Cooperator (ALL-C),"sub(DonorAction, DonorAction)",0,Unconditional Bad,28.83,25.75,21.67,29.5,26.58
2026-05-03_04-51,Local_VSCode,IR3_Config_114_R4,Indirect Reciprocity Mode 3 (Co-Evolution),5,1,10,10,10,10,1,0.5,0.0,0.0,10,100,0.1,0.5,0.2,3,1,genHalfAndHalf,1,10,17,113045,Config_114,4,"add(0, 10)",10,Unconditional Cooperator (ALL-C),"mul(0, 0)",0,Unconditional Bad,28.5,22.18,19.83,31.67,24.22
2026-05-03_04-51,Local_VSCode,IR3_Config_114_R5,Indirect Reciprocity Mode 3 (Co-Evolution),5,1,10,10,10,10,1,0.5,0.0,0.0,10,100,0.1,0.5,0.2,3,1,genHalfAndHalf,1,10,17,113046,Config_114,5,"add(sub(PartnerStanding, -10), sub(PartnerStanding, -10))",2*PartnerStanding + 20,Unconditional Cooperator (ALL-C),"mul(RecipientStanding, add(RecipientStanding, RecipientStanding))",2*RecipientStanding**2,"Novel Ass: (True, False, True, False)",28.83,26.48,20.83,30.33,24.88
2026-05-03_04-51,Local_VSCode,IR3_Config_115_R1,Indirect Reciprocity Mode 3 (Co-Evolution),5,1,10,10,10,10,1,0.5,0.0,0.0,10,100,0.5,0.5,0.2,3,1,genHalfAndHalf,1,3,17,114042,Config_115,1,"add(PartnerStanding, 0)",PartnerStanding,Strict Discriminator,"sub(sub(RecipientStanding, -10), -10)",RecipientStanding + 20,Unconditional Good,27.33,22.67,20.33,32.33,26.28
2026-05-03_04-51,Local_VSCode,IR3_Config_115_R2,Indirect Reciprocity Mode 3 (Co-Evolution),5,1,10,10,10,10,1,0.5,0.0,0.0,10,100,0.5,0.5,0.2,3,1,genHalfAndHalf,1,3,17,114043,Config_115,2,"mul(PartnerStanding, PartnerStanding)",PartnerStanding**2,Strict Discriminator,"sub(DonorAction, -10)",DonorAction + 10,Unconditional Good,26.67,23.21,19.17,34.17,26.38
2026-05-03_04-51,Local_VSCode,IR3_Config_115_R3,Indirect Reciprocity Mode 3 (Co-Evolution),5,1,10,10,10,10,1,0.5,0.0,0.0,10,100,0.5,0.5,0.2,3,1,genHalfAndHalf,1,3,17,114044,Config_115,3,"add(10, 10)",20,Unconditional Cooperator (ALL-C),"sub(0, 0)",0,Unconditional Bad,27.17,24.17,19.67,33.17,24.0
2026-05-03_04-51,Local_VSCode,IR3_Config_115_R4,Indirect Reciprocity Mode 3 (Co-Evolution),5,1,10,10,10,10,1,0.5,0.0,0.0,10,100,0.5,0.5,0.2,3,1,genHalfAndHalf,1,3,17,114045,Config_115,4,"mul(10, 10)",100,Unconditional Cooperator (ALL-C),"add(RecipientStanding, RecipientStanding)",2*RecipientStanding,"Novel Ass: (True, False, True, False)",28.17,24.47,23.33,28.5,24.54
2026-05-03_04-51,Local_VSCode,IR3_Config_115_R5,Indirect Reciprocity Mode 3 (Co-Evolution),5,1,10,10,10,10,1,0.5,0.0,0.0,10,100,0.5,0.5,0.2,3,1,genHalfAndHalf,1,3,17,114046,Config_115,5,"add(10, 10)",20,Unconditional Cooperator (ALL-C),"mul(10, -1)",-10,Unconditional Bad,28.33,21.54,20.33,31.33,26.22
2026-05-03_04-51,Local_VSCode,IR3_Config_116_R1,Indirect Reciprocity Mode 3 (Co-Evolution),5,1,10,10,10,10,1,0.5,0.0,0.0,10,100,0.5,0.5,0.2,3,1,genHalfAndHalf,1,10,17,115042,Config_116,1,"add(PartnerStanding, PartnerStanding)",2*PartnerStanding,Strict Discriminator,"add(RecipientStanding, RecipientStanding)",2*RecipientStanding,"Novel Ass: (True, False, True, False)",27.33,22.44,17.5,35.17,27.36
2026-05-03_04-51,Local_VSCode,IR3_Config_116_R2,Indirect Reciprocity Mode 3 (Co-Evolution),5,1,10,10,10,10,1,0.5,0.0,0.0,10,100,0.5,0.5,0.2,3,1,genHalfAndHalf,1,10,17,115043,Config_116,2,"sub(PartnerStanding, -10)",PartnerStanding + 10,Unconditional Cooperator (ALL-C),"add(DonorAction, DonorAction)",2*DonorAction,Image Scoring,27.0,21.53,23.0,30.0,26.28
2026-05-03_04-51,Local_VSCode,IR3_Config_116_R3,Indirect Reciprocity Mode 3 (Co-Evolution),5,1,10,10,10,10,1,0.5,0.0,0.0,10,100,0.5,0.5,0.2,3,1,genHalfAndHalf,1,10,17,115044,Config_116,3,"mul(10, 10)",100,Unconditional Cooperator (ALL-C),"sub(RecipientStanding, mul(DonorAction, DonorAction))",-DonorAction**2 + RecipientStanding,"Novel Ass: (False, False, True, False)",29.0,23.63,20.33,30.67,24.16
2026-05-03_04-51,Local_VSCode,IR3_Config_116_R4,Indirect Reciprocity Mode 3 (Co-Evolution),5,1,10,10,10,10,1,0.5,0.0,0.0,10,100,0.5,0.5,0.2,3,1,genHalfAndHalf,1,10,17,115045,Config_116,4,"add(PartnerStanding, PartnerStanding)",2*PartnerStanding,Strict Discriminator,"mul(RecipientStanding, 1)",RecipientStanding,"Novel Ass: (True, False, True, False)",27.5,23.37,20.83,31.67,26.56
2026-05-03_04-51,Local_VSCode,IR3_Config_116_R5,Indirect Reciprocity Mode 3 (Co-Evolution),5,1,10,10,10,10,1,0.5,0.0,0.0,10,100,0.5,0.5,0.2,3,1,genHalfAndHalf,1,10,17,115046,Config_116,5,"mul(PartnerStanding, PartnerStanding)",PartnerStanding**2,Strict Discriminator,"add(RecipientStanding, RecipientStanding)",2*RecipientStanding,"Novel Ass: (True, False, True, False)",27.33,22.49,23.67,29.0,26.58
2026-05-03_04-51,Local_VSCode,IR3_Config_117_R1,Indirect Reciprocity Mode 3 (Co-Evolution),5,1,10,10,10,10,1,0.5,0.0,0.0,100,100,0.1,0.5,0.2,3,1,genHalfAndHalf,1,3,17,116042,Config_117,1,"add(PartnerStanding, 1)",PartnerStanding + 1,Unconditional Cooperator (ALL-C),"mul(-1, mul(-1, DonorAction))",DonorAction,Image Scoring,30.33,22.94,19.17,30.5,26.06
2026-05-03_04-52,Local_VSCode,IR3_Config_117_R2,Indirect Reciprocity Mode 3 (Co-Evolution),5,1,10,10,10,10,1,0.5,0.0,0.0,100,100,0.1,0.5,0.2,3,1,genHalfAndHalf,1,3,17,116043,Config_117,2,"add(1, PartnerStanding)",PartnerStanding + 1,Unconditional Cooperator (ALL-C),"sub(sub(-1, DonorAction), DonorAction)",-2*DonorAction - 1,Unconditional Bad,31.33,24.08,18.33,30.33,26.1
2026-05-03_04-52,Local_VSCode,IR3_Config_117_R3,Indirect Reciprocity Mode 3 (Co-Evolution),5,1,10,10,10,10,1,0.5,0.0,0.0,100,100,0.1,0.5,0.2,3,1,genHalfAndHalf,1,3,17,116044,Config_117,3,"add(PartnerStanding, 0)",PartnerStanding,Strict Discriminator,"add(RecipientStanding, RecipientStanding)",2*RecipientStanding,"Novel Ass: (True, False, True, False)",29.33,23.07,18.83,31.83,26.64
2026-05-03_04-52,Local_VSCode,IR3_Config_117_R4,Indirect Reciprocity Mode 3 (Co-Evolution),5,1,10,10,10,10,1,0.5,0.0,0.0,100,100,0.1,0.5,0.2,3,1,genHalfAndHalf,1,3,17,116045,Config_117,4,"add(10, 10)",20,Unconditional Cooperator (ALL-C),"sub(sub(-10, sub(-10, DonorAction)), 10)",DonorAction - 10,Unconditional Bad,29.5,24.44,21.33,29.17,26.94
2026-05-03_04-53,Local_VSCode,IR3_Config_117_R5,Indirect Reciprocity Mode 3 (Co-Evolution),5,1,10,10,10,10,1,0.5,0.0,0.0,100,100,0.1,0.5,0.2,3,1,genHalfAndHalf,1,3,17,116046,Config_117,5,"add(mul(mul(10, PartnerStanding), PartnerStanding), mul(10, PartnerStanding))",10*PartnerStanding*(PartnerStanding + 1),Strict Discriminator,"add(add(sub(-10, RecipientStanding), add(1, DonorAction)), sub(mul(DonorAction, DonorAction), add(-10, DonorAction)))",DonorAction**2 - RecipientStanding + 1,Simple Standing,31.93,25.69,18.5,18.5,27.08
2026-05-03_04-53,Local_VSCode,IR3_Config_118_R1,Indirect Reciprocity Mode 3 (Co-Evolution),5,1,10,10,10,10,1,0.5,0.0,0.0,100,100,0.1,0.5,0.2,3,1,genHalfAndHalf,1,10,17,117042,Config_118,1,"add(PartnerStanding, add(-1, PartnerStanding))",2*PartnerStanding - 1,Strict Discriminator,"add(add(sub(1, DonorAction), 1), RecipientStanding)",-DonorAction + RecipientStanding + 2,Unconditional Good,29.33,24.59,20.0,30.67,26.86
2026-05-03_04-53,Local_VSCode,IR3_Config_118_R2,Indirect Reciprocity Mode 3 (Co-Evolution),5,1,10,10,10,10,1,0.5,0.0,0.0,100,100,0.1,0.5,0.2,3,1,genHalfAndHalf,1,10,17,117043,Config_118,2,"mul(add(sub(PartnerStanding, PartnerStanding), PartnerStanding), mul(10, mul(10, sub(10, -10))))",2000*PartnerStanding,Strict Discriminator,"add(sub(mul(DonorAction, 1), RecipientStanding), 1)",DonorAction - RecipientStanding + 1,Simple Standing,32.43,24.52,18.17,20.33,27.1
2026-05-03_04-53,Local_VSCode,IR3_Config_118_R3,Indirect Reciprocity Mode 3 (Co-Evolution),5,1,10,10,10,10,1,0.5,0.0,0.0,100,100,0.1,0.5,0.2,3,1,genHalfAndHalf,1,10,17,117044,Config_118,3,"mul(1, 1)",1,Unconditional Cooperator (ALL-C),"add(RecipientStanding, mul(RecipientStanding, DonorAction))",RecipientStanding*(DonorAction + 1),"Novel Ass: (True, False, True, False)",30.17,24.76,19.33,30.5,23.2
2026-05-03_04-54,Local_VSCode,IR3_Config_118_R4,Indirect Reciprocity Mode 3 (Co-Evolution),5,1,10,10,10,10,1,0.5,0.0,0.0,100,100,0.1,0.5,0.2,3,1,genHalfAndHalf,1,10,17,117045,Config_118,4,"mul(1, 1)",1,Unconditional Cooperator (ALL-C),"sub(RecipientStanding, add(RecipientStanding, RecipientStanding))",-RecipientStanding,Unconditional Bad,31.0,24.43,18.5,30.5,25.68
2026-05-03_04-54,Local_VSCode,IR3_Config_118_R5,Indirect Reciprocity Mode 3 (Co-Evolution),5,1,10,10,10,10,1,0.5,0.0,0.0,100,100,0.1,0.5,0.2,3,1,genHalfAndHalf,1,10,17,117046,Config_118,5,"sub(add(PartnerStanding, 10), -1)",PartnerStanding + 11,Unconditional Cooperator (ALL-C),"mul(RecipientStanding, DonorAction)",DonorAction*RecipientStanding,Shunning,30.17,24.55,18.83,31.0,26.76
2026-05-03_04-54,Local_VSCode,IR3_Config_119_R1,Indirect Reciprocity Mode 3 (Co-Evolution),5,1,10,10,10,10,1,0.5,0.0,0.0,100,100,0.5,0.5,0.2,3,1,genHalfAndHalf,1,3,17,118042,Config_119,1,"add(10, 0)",10,Unconditional Cooperator (ALL-C),"sub(DonorAction, 1)",DonorAction - 1,Unconditional Bad,30.17,24.97,19.33,30.5,26.22
2026-05-03_04-55,Local_VSCode,IR3_Config_119_R2,Indirect Reciprocity Mode 3 (Co-Evolution),5,1,10,10,10,10,1,0.5,0.0,0.0,100,100,0.5,0.5,0.2,3,1,genHalfAndHalf,1,3,17,118043,Config_119,2,"mul(1, 10)",10,Unconditional Cooperator (ALL-C),"mul(RecipientStanding, 0)",0,Unconditional Bad,30.33,23.96,19.5,30.17,24.26
2026-05-03_04-55,Local_VSCode,IR3_Config_119_R3,Indirect Reciprocity Mode 3 (Co-Evolution),5,1,10,10,10,10,1,0.5,0.0,0.0,100,100,0.5,0.5,0.2,3,1,genHalfAndHalf,1,3,17,118044,Config_119,3,"add(PartnerStanding, 1)",PartnerStanding + 1,Unconditional Cooperator (ALL-C),"mul(RecipientStanding, RecipientStanding)",RecipientStanding**2,"Novel Ass: (True, False, True, False)",29.0,24.66,22.67,28.33,27.7
2026-05-03_04-55,Local_VSCode,IR3_Config_119_R4,Indirect Reciprocity Mode 3 (Co-Evolution),5,1,10,10,10,10,1,0.5,0.0,0.0,100,100,0.5,0.5,0.2,3,1,genHalfAndHalf,1,3,17,118045,Config_119,4,"add(PartnerStanding, add(PartnerStanding, -1))",2*PartnerStanding - 1,Strict Discriminator,"sub(10, RecipientStanding)",10 - RecipientStanding,Unconditional Good,31.17,22.6,17.0,31.83,28.08
2026-05-03_04-55,Local_VSCode,IR3_Config_119_R5,Indirect Reciprocity Mode 3 (Co-Evolution),5,1,10,10,10,10,1,0.5,0.0,0.0,100,100,0.5,0.5,0.2,3,1,genHalfAndHalf,1,3,17,118046,Config_119,5,"mul(PartnerStanding, 10)",10*PartnerStanding,Strict Discriminator,"add(DonorAction, RecipientStanding)",DonorAction + RecipientStanding,"Novel Ass: (True, True, True, False)",28.83,23.62,20.17,31.0,26.34
2026-05-03_04-56,Local_VSCode,IR3_Config_120_R1,Indirect Reciprocity Mode 3 (Co-Evolution),5,1,10,10,10,10,1,0.5,0.0,0.0,100,100,0.5,0.5,0.2,3,1,genHalfAndHalf,1,10,17,119042,Config_120,1,"mul(-1, -10)",10,Unconditional Cooperator (ALL-C),"mul(DonorAction, DonorAction)",DonorAction**2,Image Scoring,29.67,24.26,19.17,31.17,26.36
2026-05-03_04-56,Local_VSCode,IR3_Config_120_R2,Indirect Reciprocity Mode 3 (Co-Evolution),5,1,10,10,10,10,1,0.5,0.0,0.0,100,100,0.5,0.5,0.2,3,1,genHalfAndHalf,1,10,17,119043,Config_120,2,"sub(1, -10)",11,Unconditional Cooperator (ALL-C),"sub(DonorAction, RecipientStanding)",DonorAction - RecipientStanding,"Novel Ass: (False, True, False, False)",28.83,22.2,17.83,33.33,26.84
2026-05-03_04-56,Local_VSCode,IR3_Config_120_R3,Indirect Reciprocity Mode 3 (Co-Evolution),5,1,10,10,10,10,1,0.5,0.0,0.0,100,100,0.5,0.5,0.2,3,1,genHalfAndHalf,1,10,17,119044,Config_120,3,"add(PartnerStanding, 10)",PartnerStanding + 10,Unconditional Cooperator (ALL-C),"mul(-10, 1)",-10,Unconditional Bad,29.33,23.76,20.5,30.17,26.64
2026-05-03_04-57,Local_VSCode,IR3_Config_120_R4,Indirect Reciprocity Mode 3 (Co-Evolution),5,1,10,10,10,10,1,0.5,0.0,0.0,100,100,0.5,0.5,0.2,3,1,genHalfAndHalf,1,10,17,119045,Config_120,4,"add(PartnerStanding, PartnerStanding)",2*PartnerStanding,Strict Discriminator,"add(sub(DonorAction, RecipientStanding), 1)",DonorAction - RecipientStanding + 1,Simple Standing,31.17,25.17,17.33,22.17,27.72
2026-05-03_04-57,Local_VSCode,IR3_Config_120_R5,Indirect Reciprocity Mode 3 (Co-Evolution),5,1,10,10,10,10,1,0.5,0.0,0.0,100,100,0.5,0.5,0.2,3,1,genHalfAndHalf,1,10,17,119046,Config_120,5,"mul(PartnerStanding, PartnerStanding)",PartnerStanding**2,Strict Discriminator,"add(DonorAction, RecipientStanding)",DonorAction + RecipientStanding,"Novel Ass: (True, True, True, False)",29.0,23.58,18.67,32.33,23.86
2026-05-03_04-57,Local_VSCode,IR3_Config_121_R1,Indirect Reciprocity Mode 3 (Co-Evolution),5,1,10,10,10,100,1,0.5,0.0,0.0,10,100,0.1,0.5,0.2,3,1,genHalfAndHalf,1,3,17,120042,Config_121,1,"add(PartnerStanding, PartnerStanding)",2*PartnerStanding,Strict Discriminator,"add(add(DonorAction, 1), sub(mul(mul(DonorAction, 0), mul(sub(DonorAction, RecipientStanding), mul(DonorAction, 0))), RecipientStanding))",DonorAction - RecipientStanding + 1,Simple Standing,262.93,256.82,225.17,209.5,254.7
2026-05-03_04-57,Local_VSCode,IR3_Config_121_R2,Indirect Reciprocity Mode 3 (Co-Evolution),5,1,10,10,10,100,1,0.5,0.0,0.0,10,100,0.1,0.5,0.2,3,1,genHalfAndHalf,1,3,17,120043,Config_121,2,"sub(add(PartnerStanding, -10), -10)",PartnerStanding,Strict Discriminator,"mul(10, RecipientStanding)",10*RecipientStanding,"Novel Ass: (True, False, True, False)",243.5,214.98,226.83,329.67,255.76
2026-05-03_04-58,Local_VSCode,IR3_Config_121_R3,Indirect Reciprocity Mode 3 (Co-Evolution),5,1,10,10,10,100,1,0.5,0.0,0.0,10,100,0.1,0.5,0.2,3,1,genHalfAndHalf,1,3,17,120044,Config_121,3,"sub(mul(sub(PartnerStanding, PartnerStanding), add(add(PartnerStanding, -1), mul(10, PartnerStanding))), -10)",10,Unconditional Cooperator (ALL-C),"sub(0, sub(RecipientStanding, RecipientStanding))",0,Unconditional Bad,245.33,229.97,223.5,331.17,262.36
2026-05-03_04-58,Local_VSCode,IR3_Config_121_R4,Indirect Reciprocity Mode 3 (Co-Evolution),5,1,10,10,10,100,1,0.5,0.0,0.0,10,100,0.1,0.5,0.2,3,1,genHalfAndHalf,1,3,17,120045,Config_121,4,"add(mul(PartnerStanding, 1), sub(add(-1, PartnerStanding), -10))",2*PartnerStanding + 9,Unconditional Cooperator (ALL-C),"add(sub(sub(-1, RecipientStanding), sub(-1, RecipientStanding)), mul(add(sub(sub(RecipientStanding, RecipientStanding), sub(-1, RecipientStanding)), 1), sub(RecipientStanding, RecipientStanding)))",0,Unconditional Bad,244.83,221.58,218.67,336.5,265.34
2026-05-03_04-58,Local_VSCode,IR3_Config_121_R5,Indirect Reciprocity Mode 3 (Co-Evolution),5,1,10,10,10,100,1,0.5,0.0,0.0,10,100,0.1,0.5,0.2,3,1,genHalfAndHalf,1,3,17,120046,Config_121,5,"sub(add(sub(mul(PartnerStanding, add(mul(0, add(PartnerStanding, 0)), 1)), -10), sub(10, PartnerStanding)), -10)",30,Unconditional Cooperator (ALL-C),"mul(DonorAction, DonorAction)",DonorAction**2,Image Scoring,243.0,230.46,225.5,331.5,256.84
2026-05-03_04-58,Local_VSCode,IR3_Config_122_R1,Indirect Reciprocity Mode 3 (Co-Evolution),5,1,10,10,10,100,1,0.5,0.0,0.0,10,100,0.1,0.5,0.2,3,1,genHalfAndHalf,1,10,17,121042,Config_122,1,"mul(10, 10)",100,Unconditional Cooperator (ALL-C),"mul(mul(0, RecipientStanding), DonorAction)",0,Unconditional Bad,246.83,228.95,219.0,334.17,262.66
2026-05-03_04-59,Local_VSCode,IR3_Config_122_R2,Indirect Reciprocity Mode 3 (Co-Evolution),5,1,10,10,10,100,1,0.5,0.0,0.0,10,100,0.1,0.5,0.2,3,1,genHalfAndHalf,1,10,17,121043,Config_122,2,"sub(PartnerStanding, -10)",PartnerStanding + 10,Unconditional Cooperator (ALL-C),"sub(add(mul(RecipientStanding, -1), mul(DonorAction, RecipientStanding)), add(sub(10, DonorAction), add(-10, RecipientStanding)))",DonorAction*RecipientStanding + DonorAction - 2*RecipientStanding,"Novel Ass: (False, True, False, False)",249.0,230.67,214.17,336.83,267.44
2026-05-03_04-59,Local_VSCode,IR3_Config_122_R3,Indirect Reciprocity Mode 3 (Co-Evolution),5,1,10,10,10,100,1,0.5,0.0,0.0,10,100,0.1,0.5,0.2,3,1,genHalfAndHalf,1,10,17,121044,Config_122,3,"sub(10, -1)",11,Unconditional Cooperator (ALL-C),"sub(RecipientStanding, DonorAction)",-DonorAction + RecipientStanding,"Novel Ass: (False, False, True, False)",243.33,221.98,216.17,340.5,259.48
2026-05-03_04-59,Local_VSCode,IR3_Config_122_R4,Indirect Reciprocity Mode 3 (Co-Evolution),5,1,10,10,10,100,1,0.5,0.0,0.0,10,100,0.1,0.5,0.2,3,1,genHalfAndHalf,1,10,17,121045,Config_122,4,"sub(PartnerStanding, add(-10, PartnerStanding))",10,Unconditional Cooperator (ALL-C),"add(RecipientStanding, mul(-10, RecipientStanding))",-9*RecipientStanding,Unconditional Bad,242.17,220.06,219.5,338.33,267.86
2026-05-03_04-59,Local_VSCode,IR3_Config_122_R5,Indirect Reciprocity Mode 3 (Co-Evolution),5,1,10,10,10,100,1,0.5,0.0,0.0,10,100,0.1,0.5,0.2,3,1,genHalfAndHalf,1,10,17,121046,Config_122,5,"add(add(1, PartnerStanding), 1)",PartnerStanding + 2,Unconditional Cooperator (ALL-C),"add(sub(DonorAction, RecipientStanding), mul(mul(DonorAction, DonorAction), add(0, add(-10, mul(RecipientStanding, 10)))))",10*DonorAction**2*(RecipientStanding - 1) + DonorAction - RecipientStanding,Unconditional Bad,246.5,228.57,215.33,338.17,262.58
2026-05-03_05-00,Local_VSCode,IR3_Config_123_R1,Indirect Reciprocity Mode 3 (Co-Evolution),5,1,10,10,10,100,1,0.5,0.0,0.0,10,100,0.5,0.5,0.2,3,1,genHalfAndHalf,1,3,17,122042,Config_123,1,"mul(mul(10, PartnerStanding), add(mul(10, PartnerStanding), 10))",100*PartnerStanding*(PartnerStanding + 1),Strict Discriminator,"add(10, RecipientStanding)",RecipientStanding + 10,Unconditional Good,243.0,231.67,218.0,339.0,255.94
2026-05-03_05-00,Local_VSCode,IR3_Config_123_R2,Indirect Reciprocity Mode 3 (Co-Evolution),5,1,10,10,10,100,1,0.5,0.0,0.0,10,100,0.5,0.5,0.2,3,1,genHalfAndHalf,1,3,17,122043,Config_123,2,"mul(PartnerStanding, PartnerStanding)",PartnerStanding**2,Strict Discriminator,"sub(add(add(DonorAction, DonorAction), DonorAction), add(-1, RecipientStanding))",3*DonorAction - RecipientStanding + 1,Simple Standing,267.97,239.05,221.5,209.33,256.24
2026-05-03_05-00,Local_VSCode,IR3_Config_123_R3,Indirect Reciprocity Mode 3 (Co-Evolution),5,1,10,10,10,100,1,0.5,0.0,0.0,10,100,0.5,0.5,0.2,3,1,genHalfAndHalf,1,3,17,122044,Config_123,3,"add(PartnerStanding, PartnerStanding)",2*PartnerStanding,Strict Discriminator,"add(RecipientStanding, RecipientStanding)",2*RecipientStanding,"Novel Ass: (True, False, True, False)",246.0,223.94,217.83,336.17,268.8
2026-05-03_05-00,Local_VSCode,IR3_Config_123_R4,Indirect Reciprocity Mode 3 (Co-Evolution),5,1,10,10,10,100,1,0.5,0.0,0.0,10,100,0.5,0.5,0.2,3,1,genHalfAndHalf,1,3,17,122045,Config_123,4,"mul(-10, -10)",100,Unconditional Cooperator (ALL-C),"mul(mul(DonorAction, mul(DonorAction, RecipientStanding)), RecipientStanding)",DonorAction**2*RecipientStanding**2,Shunning,243.67,234.0,216.67,339.67,261.54
2026-05-03_05-01,Local_VSCode,IR3_Config_123_R5,Indirect Reciprocity Mode 3 (Co-Evolution),5,1,10,10,10,100,1,0.5,0.0,0.0,10,100,0.5,0.5,0.2,3,1,genHalfAndHalf,1,3,17,122046,Config_123,5,"sub(PartnerStanding, -1)",PartnerStanding + 1,Unconditional Cooperator (ALL-C),"add(DonorAction, DonorAction)",2*DonorAction,Image Scoring,247.33,217.25,215.5,337.17,268.2
2026-05-03_05-01,Local_VSCode,IR3_Config_124_R1,Indirect Reciprocity Mode 3 (Co-Evolution),5,1,10,10,10,100,1,0.5,0.0,0.0,10,100,0.5,0.5,0.2,3,1,genHalfAndHalf,1,10,17,123042,Config_124,1,"mul(1, 1)",1,Unconditional Cooperator (ALL-C),"mul(RecipientStanding, RecipientStanding)",RecipientStanding**2,"Novel Ass: (True, False, True, False)",246.17,223.52,222.33,331.5,259.2
2026-05-03_05-01,Local_VSCode,IR3_Config_124_R2,Indirect Reciprocity Mode 3 (Co-Evolution),5,1,10,10,10,100,1,0.5,0.0,0.0,10,100,0.5,0.5,0.2,3,1,genHalfAndHalf,1,10,17,123043,Config_124,2,"add(10, 10)",20,Unconditional Cooperator (ALL-C),"add(RecipientStanding, DonorAction)",DonorAction + RecipientStanding,"Novel Ass: (True, True, True, False)",241.67,212.15,211.17,347.17,263.58
2026-05-03_05-01,Local_VSCode,IR3_Config_124_R3,Indirect Reciprocity Mode 3 (Co-Evolution),5,1,10,10,10,100,1,0.5,0.0,0.0,10,100,0.5,0.5,0.2,3,1,genHalfAndHalf,1,10,17,123044,Config_124,3,"sub(-1, -10)",9,Unconditional Cooperator (ALL-C),"add(DonorAction, DonorAction)",2*DonorAction,Image Scoring,244.83,207.72,221.33,333.83,258.82
2026-05-03_05-01,Local_VSCode,IR3_Config_124_R4,Indirect Reciprocity Mode 3 (Co-Evolution),5,1,10,10,10,100,1,0.5,0.0,0.0,10,100,0.5,0.5,0.2,3,1,genHalfAndHalf,1,10,17,123045,Config_124,4,"sub(10, PartnerStanding)",10 - PartnerStanding,Unconditional Cooperator (ALL-C),"add(10, sub(DonorAction, DonorAction))",10,Unconditional Good,251.0,230.7,208.17,340.83,253.4
2026-05-03_05-02,Local_VSCode,IR3_Config_124_R5,Indirect Reciprocity Mode 3 (Co-Evolution),5,1,10,10,10,100,1,0.5,0.0,0.0,10,100,0.5,0.5,0.2,3,1,genHalfAndHalf,1,10,17,123046,Config_124,5,"add(PartnerStanding, 10)",PartnerStanding + 10,Unconditional Cooperator (ALL-C),"sub(DonorAction, DonorAction)",0,Unconditional Bad,245.17,219.69,222.0,332.83,263.54
2026-05-03_05-04,Local_VSCode,IR3_Config_125_R1,Indirect Reciprocity Mode 3 (Co-Evolution),5,1,10,10,10,100,1,0.5,0.0,0.0,100,100,0.1,0.5,0.2,3,1,genHalfAndHalf,1,3,17,124042,Config_125,1,"sub(add(10, add(add(PartnerStanding, 0), 0)), add(sub(mul(PartnerStanding, 0), 10), PartnerStanding))",20,Unconditional Cooperator (ALL-C),"mul(DonorAction, DonorAction)",DonorAction**2,Image Scoring,250.83,231.57,221.33,327.83,264.8
2026-05-03_05-06,Local_VSCode,IR3_Config_125_R2,Indirect Reciprocity Mode 3 (Co-Evolution),5,1,10,10,10,100,1,0.5,0.0,0.0,100,100,0.1,0.5,0.2,3,1,genHalfAndHalf,1,3,17,124043,Config_125,2,"add(PartnerStanding, sub(PartnerStanding, PartnerStanding))",PartnerStanding,Strict Discriminator,"sub(sub(DonorAction, add(RecipientStanding, -1)), 0)",DonorAction - RecipientStanding + 1,Simple Standing,271.37,242.82,224.83,200.33,259.5
2026-05-03_05-09,Local_VSCode,IR3_Config_125_R3,Indirect Reciprocity Mode 3 (Co-Evolution),5,1,10,10,10,100,1,0.5,0.0,0.0,100,100,0.1,0.5,0.2,3,1,genHalfAndHalf,1,3,17,124044,Config_125,3,"add(PartnerStanding, add(add(PartnerStanding, PartnerStanding), sub(0, PartnerStanding)))",2*PartnerStanding,Strict Discriminator,"sub(mul(mul(10, DonorAction), mul(RecipientStanding, RecipientStanding)), sub(add(DonorAction, RecipientStanding), sub(mul(mul(DonorAction, DonorAction), mul(-1, sub(DonorAction, DonorAction))), -1)))",10*DonorAction*RecipientStanding**2 - DonorAction - RecipientStanding + 1,Stern Judging,281.73,254.45,168.17,217.17,259.8
2026-05-03_05-11,Local_VSCode,IR3_Config_125_R4,Indirect Reciprocity Mode 3 (Co-Evolution),5,1,10,10,10,100,1,0.5,0.0,0.0,100,100,0.1,0.5,0.2,3,1,genHalfAndHalf,1,3,17,124045,Config_125,4,"add(mul(sub(mul(add(PartnerStanding, PartnerStanding), -10), mul(add(PartnerStanding, 1), add(-1, 1))), sub(PartnerStanding, PartnerStanding)), PartnerStanding)",PartnerStanding,Strict Discriminator,"add(add(mul(RecipientStanding, add(mul(RecipientStanding, DonorAction), add(DonorAction, -1))), 1), mul(mul(add(-1, RecipientStanding), mul(DonorAction, DonorAction)), 1))",DonorAction**2*(RecipientStanding - 1) + RecipientStanding*(DonorAction*RecipientStanding + DonorAction - 1) + 1,Stern Judging,285.67,259.9,160.17,219.5,262.62
2026-05-03_05-13,Local_VSCode,IR3_Config_125_R5,Indirect Reciprocity Mode 3 (Co-Evolution),5,1,10,10,10,100,1,0.5,0.0,0.0,100,100,0.1,0.5,0.2,3,1,genHalfAndHalf,1,3,17,124046,Config_125,5,"mul(add(add(add(PartnerStanding, 1), 10), add(1, 1)), PartnerStanding)",PartnerStanding*(PartnerStanding + 13),Strict Discriminator,"add(10, sub(mul(sub(sub(10, DonorAction), mul(-1, 0)), mul(-1, RecipientStanding)), 0))",RecipientStanding*(DonorAction - 10) + 10,Simple Standing,270.4,240.85,224.0,203.33,261.68
2026-05-03_05-16,Local_VSCode,IR3_Config_126_R1,Indirect Reciprocity Mode 3 (Co-Evolution),5,1,10,10,10,100,1,0.5,0.0,0.0,100,100,0.1,0.5,0.2,3,1,genHalfAndHalf,1,10,17,125042,Config_126,1,"sub(add(add(PartnerStanding, PartnerStanding), 0), PartnerStanding)",PartnerStanding,Strict Discriminator,"mul(sub(add(1, DonorAction), RecipientStanding), 1)",DonorAction - RecipientStanding + 1,Simple Standing,273.0,234.21,211.17,215.17,253.18
2026-05-03_05-18,Local_VSCode,IR3_Config_126_R2,Indirect Reciprocity Mode 3 (Co-Evolution),5,1,10,10,10,100,1,0.5,0.0,0.0,100,100,0.1,0.5,0.2,3,1,genHalfAndHalf,1,10,17,125043,Config_126,2,"add(mul(add(-1, 10), add(PartnerStanding, add(PartnerStanding, 0))), mul(add(mul(sub(1, 0), mul(-1, 0)), mul(sub(-10, -10), add(mul(add(-1, 10), add(PartnerStanding, add(PartnerStanding, 0))), 1))), add(mul(PartnerStanding, PartnerStanding), add(PartnerStanding, 1))))",18*PartnerStanding,Strict Discriminator,"sub(sub(DonorAction, RecipientStanding), -1)",DonorAction - RecipientStanding + 1,Simple Standing,273.13,244.12,218.33,209.33,260.78
2026-05-03_05-20,Local_VSCode,IR3_Config_126_R3,Indirect Reciprocity Mode 3 (Co-Evolution),5,1,10,10,10,100,1,0.5,0.0,0.0,100,100,0.1,0.5,0.2,3,1,genHalfAndHalf,1,10,17,125044,Config_126,3,"add(mul(PartnerStanding, 10), mul(-1, -1))",10*PartnerStanding + 1,Unconditional Cooperator (ALL-C),"mul(sub(add(mul(10, RecipientStanding), RecipientStanding), mul(-1, RecipientStanding)), add(sub(RecipientStanding, RecipientStanding), sub(DonorAction, RecipientStanding)))",12*RecipientStanding*(DonorAction - RecipientStanding),Unconditional Bad,253.17,223.96,212.83,334.0,257.48
2026-05-03_05-22,Local_VSCode,IR3_Config_126_R4,Indirect Reciprocity Mode 3 (Co-Evolution),5,1,10,10,10,100,1,0.5,0.0,0.0,100,100,0.1,0.5,0.2,3,1,genHalfAndHalf,1,10,17,125045,Config_126,4,"mul(sub(mul(-10, PartnerStanding), sub(-10, PartnerStanding)), add(add(PartnerStanding, PartnerStanding), add(0, PartnerStanding)))",3*PartnerStanding*(10 - 9*PartnerStanding),Strict Discriminator,"add(mul(mul(add(mul(-10, DonorAction), add(1, 1)), add(1, DonorAction)), mul(sub(RecipientStanding, 1), -1)), DonorAction)",DonorAction + 2*(DonorAction + 1)*(5*DonorAction - 1)*(RecipientStanding - 1),Stern Judging,278.27,245.02,158.67,229.33,267.68
2026-05-03_05-25,Local_VSCode,IR3_Config_126_R5,Indirect Reciprocity Mode 3 (Co-Evolution),5,1,10,10,10,100,1,0.5,0.0,0.0,100,100,0.1,0.5,0.2,3,1,genHalfAndHalf,1,10,17,125046,Config_126,5,"add(add(add(mul(PartnerStanding, PartnerStanding), -1), mul(PartnerStanding, PartnerStanding)), sub(1, PartnerStanding))",PartnerStanding*(2*PartnerStanding - 1),Strict Discriminator,"add(DonorAction, sub(add(DonorAction, 1), add(DonorAction, RecipientStanding)))",DonorAction - RecipientStanding + 1,Simple Standing,273.7,239.71,223.17,201.0,262.58
2026-05-03_05-27,Local_VSCode,IR3_Config_127_R1,Indirect Reciprocity Mode 3 (Co-Evolution),5,1,10,10,10,100,1,0.5,0.0,0.0,100,100,0.5,0.5,0.2,3,1,genHalfAndHalf,1,3,17,126042,Config_127,1,"mul(PartnerStanding, PartnerStanding)",PartnerStanding**2,Strict Discriminator,"add(sub(mul(-1, -1), mul(RecipientStanding, 0)), add(sub(DonorAction, RecipientStanding), mul(1, DonorAction)))",2*DonorAction - RecipientStanding + 1,Simple Standing,271.43,241.92,208.83,217.33,260.9
2026-05-03_05-30,Local_VSCode,IR3_Config_127_R2,Indirect Reciprocity Mode 3 (Co-Evolution),5,1,10,10,10,100,1,0.5,0.0,0.0,100,100,0.5,0.5,0.2,3,1,genHalfAndHalf,1,3,17,126043,Config_127,2,"mul(PartnerStanding, PartnerStanding)",PartnerStanding**2,Strict Discriminator,"add(mul(mul(mul(mul(DonorAction, DonorAction), mul(DonorAction, DonorAction)), DonorAction), mul(DonorAction, DonorAction)), sub(1, RecipientStanding))",DonorAction**7 - RecipientStanding + 1,Simple Standing,276.3,241.35,218.0,201.83,259.46
2026-05-03_05-32,Local_VSCode,IR3_Config_127_R3,Indirect Reciprocity Mode 3 (Co-Evolution),5,1,10,10,10,100,1,0.5,0.0,0.0,100,100,0.5,0.5,0.2,3,1,genHalfAndHalf,1,3,17,126044,Config_127,3,"add(PartnerStanding, PartnerStanding)",2*PartnerStanding,Strict Discriminator,"sub(sub(DonorAction, -1), RecipientStanding)",DonorAction - RecipientStanding + 1,Simple Standing,272.0,239.89,215.83,207.5,255.4
2026-05-03_05-34,Local_VSCode,IR3_Config_127_R4,Indirect Reciprocity Mode 3 (Co-Evolution),5,1,10,10,10,100,1,0.5,0.0,0.0,100,100,0.5,0.5,0.2,3,1,genHalfAndHalf,1,3,17,126045,Config_127,4,"add(add(PartnerStanding, PartnerStanding), PartnerStanding)",3*PartnerStanding,Strict Discriminator,"sub(1, sub(RecipientStanding, DonorAction))",DonorAction - RecipientStanding + 1,Simple Standing,275.07,243.04,220.0,200.0,262.92
2026-05-03_05-36,Local_VSCode,IR3_Config_127_R5,Indirect Reciprocity Mode 3 (Co-Evolution),5,1,10,10,10,100,1,0.5,0.0,0.0,100,100,0.5,0.5,0.2,3,1,genHalfAndHalf,1,3,17,126046,Config_127,5,"sub(mul(-1, add(PartnerStanding, sub(-1, -1))), sub(PartnerStanding, 10))",10 - 2*PartnerStanding,Unconditional Cooperator (ALL-C),"mul(RecipientStanding, RecipientStanding)",RecipientStanding**2,"Novel Ass: (True, False, True, False)",247.83,228.42,217.83,334.33,265.42
2026-05-03_05-39,Local_VSCode,IR3_Config_128_R1,Indirect Reciprocity Mode 3 (Co-Evolution),5,1,10,10,10,100,1,0.5,0.0,0.0,100,100,0.5,0.5,0.2,3,1,genHalfAndHalf,1,10,17,127042,Config_128,1,"sub(1, add(-10, PartnerStanding))",11 - PartnerStanding,Unconditional Cooperator (ALL-C),"sub(sub(10, DonorAction), DonorAction)",10 - 2*DonorAction,Unconditional Good,251.33,226.7,218.83,329.83,257.38
2026-05-03_05-41,Local_VSCode,IR3_Config_128_R2,Indirect Reciprocity Mode 3 (Co-Evolution),5,1,10,10,10,100,1,0.5,0.0,0.0,100,100,0.5,0.5,0.2,3,1,genHalfAndHalf,1,10,17,127043,Config_128,2,"sub(0, add(-10, 1))",9,Unconditional Cooperator (ALL-C),"mul(10, 10)",100,Unconditional Good,250.83,223.05,214.17,335.0,262.7
2026-05-03_05-43,Local_VSCode,IR3_Config_128_R3,Indirect Reciprocity Mode 3 (Co-Evolution),5,1,10,10,10,100,1,0.5,0.0,0.0,100,100,0.5,0.5,0.2,3,1,genHalfAndHalf,1,10,17,127044,Config_128,3,"mul(mul(1, 10), add(10, -1))",90,Unconditional Cooperator (ALL-C),"sub(DonorAction, DonorAction)",0,Unconditional Bad,250.0,226.84,215.0,335.0,257.9
2026-05-03_05-45,Local_VSCode,IR3_Config_128_R4,Indirect Reciprocity Mode 3 (Co-Evolution),5,1,10,10,10,100,1,0.5,0.0,0.0,100,100,0.5,0.5,0.2,3,1,genHalfAndHalf,1,10,17,127045,Config_128,4,"add(PartnerStanding, PartnerStanding)",2*PartnerStanding,Strict Discriminator,"add(sub(sub(DonorAction, -1), sub(RecipientStanding, DonorAction)), DonorAction)",3*DonorAction - RecipientStanding + 1,Simple Standing,273.57,244.68,219.83,206.33,264.36
2026-05-03_05-48,Local_VSCode,IR3_Config_128_R5,Indirect Reciprocity Mode 3 (Co-Evolution),5,1,10,10,10,100,1,0.5,0.0,0.0,100,100,0.5,0.5,0.2,3,1,genHalfAndHalf,1,10,17,127046,Config_128,5,"add(1, PartnerStanding)",PartnerStanding + 1,Unconditional Cooperator (ALL-C),"sub(10, add(RecipientStanding, DonorAction))",-DonorAction - RecipientStanding + 10,Unconditional Good,252.33,229.25,218.17,329.5,258.26
