Timestamp,Machine_ID,Run_ID,Mode,BENEFIT_TO_COST_RATIO,COST,NUM_IGSS,NUM_UC,NUM_D,NUM_ROUNDS,INITIAL_ENDOWMENT,ENDOWMENT_FRACTION,EXECUTION_ERROR_RATE,PERCEPTION_ERROR_RATE,POP_SIZE,MAX_GENS,PARSIMONY_TAX,CXPB,MUTPB,TOURNAMENT_SIZE,HOF_SIZE,INIT_METHOD,TREE_MIN_DEPTH,TREE_MAX_DEPTH,STATIC_DEPTH_LIMIT,SEED,CONFIG_GROUP,REPETITION,Best_Rule_Raw,Best_Rule_SymPy,Identified_Strategy,iGSS_Max_Fitness,iGSS_Avg_Fitness,UC_Fitness,D_Fitness,Control_Baseline,Manual_Validation
2026-05-02_11-16,Local_VSCode,IR2NoD_Config_1_R1,Indirect Reciprocity Mode 2 (Assessment w/ No Donor Var),2,1,10,0,0,10,1,0.5,0.0,0.0,10,100,0.1,0.5,0.2,3,1,genHalfAndHalf,1,3,17,42,Config_1,1,"mul(RecipientStanding, DonorAction)",DonorAction*RecipientStanding,Shunning,10.0,10.0,0.0,0.0,10.0,
2026-05-02_11-16,Local_VSCode,IR2NoD_Config_1_R2,Indirect Reciprocity Mode 2 (Assessment w/ No Donor Var),2,1,10,0,0,10,1,0.5,0.0,0.0,10,100,0.1,0.5,0.2,3,1,genHalfAndHalf,1,3,17,43,Config_1,2,"mul(DonorAction, DonorAction)",DonorAction**2,Image Scoring (binary),10.0,10.0,0.0,0.0,10.0,
2026-05-02_11-16,Local_VSCode,IR2NoD_Config_1_R3,Indirect Reciprocity Mode 2 (Assessment w/ No Donor Var),2,1,10,0,0,10,1,0.5,0.0,0.0,10,100,0.1,0.5,0.2,3,1,genHalfAndHalf,1,3,17,44,Config_1,3,"mul(RecipientStanding, RecipientStanding)",RecipientStanding**2,"Novel Rule: (True, False, True, False)",10.0,8.09,0.0,0.0,10.0,
2026-05-02_11-16,Local_VSCode,IR2NoD_Config_1_R4,Indirect Reciprocity Mode 2 (Assessment w/ No Donor Var),2,1,10,0,0,10,1,0.5,0.0,0.0,10,100,0.1,0.5,0.2,3,1,genHalfAndHalf,1,3,17,45,Config_1,4,"add(RecipientStanding, DonorAction)",DonorAction + RecipientStanding,"Novel Rule: (True, True, True, False)",10.0,9.06,0.0,0.0,10.0,
2026-05-02_11-16,Local_VSCode,IR2NoD_Config_1_R5,Indirect Reciprocity Mode 2 (Assessment w/ No Donor Var),2,1,10,0,0,10,1,0.5,0.0,0.0,10,100,0.1,0.5,0.2,3,1,genHalfAndHalf,1,3,17,46,Config_1,5,"add(RecipientStanding, RecipientStanding)",2*RecipientStanding,"Novel Rule: (True, False, True, False)",10.0,7.13,0.0,0.0,10.0,
2026-05-02_11-16,Local_VSCode,IR2NoD_Config_2_R1,Indirect Reciprocity Mode 2 (Assessment w/ No Donor Var),2,1,10,0,0,10,1,0.5,0.0,0.0,10,100,0.1,0.5,0.2,3,1,genHalfAndHalf,1,10,17,1042,Config_2,1,"sub(10, RecipientStanding)",10 - RecipientStanding,Unconditional Good,10.0,7.17,0.0,0.0,10.0,
2026-05-02_11-16,Local_VSCode,IR2NoD_Config_2_R2,Indirect Reciprocity Mode 2 (Assessment w/ No Donor Var),2,1,10,0,0,10,1,0.5,0.0,0.0,10,100,0.1,0.5,0.2,3,1,genHalfAndHalf,1,10,17,1043,Config_2,2,"mul(DonorAction, RecipientStanding)",DonorAction*RecipientStanding,Shunning,10.0,7.15,0.0,0.0,10.0,
2026-05-02_11-16,Local_VSCode,IR2NoD_Config_2_R3,Indirect Reciprocity Mode 2 (Assessment w/ No Donor Var),2,1,10,0,0,10,1,0.5,0.0,0.0,10,100,0.1,0.5,0.2,3,1,genHalfAndHalf,1,10,17,1044,Config_2,3,"mul(RecipientStanding, DonorAction)",DonorAction*RecipientStanding,Shunning,10.0,9.04,0.0,0.0,10.0,
2026-05-02_11-16,Local_VSCode,IR2NoD_Config_2_R4,Indirect Reciprocity Mode 2 (Assessment w/ No Donor Var),2,1,10,0,0,10,1,0.5,0.0,0.0,10,100,0.1,0.5,0.2,3,1,genHalfAndHalf,1,10,17,1045,Config_2,4,"mul(10, DonorAction)",10*DonorAction,Image Scoring (binary),10.0,10.0,0.0,0.0,10.0,
2026-05-02_11-16,Local_VSCode,IR2NoD_Config_2_R5,Indirect Reciprocity Mode 2 (Assessment w/ No Donor Var),2,1,10,0,0,10,1,0.5,0.0,0.0,10,100,0.1,0.5,0.2,3,1,genHalfAndHalf,1,10,17,1046,Config_2,5,"mul(RecipientStanding, RecipientStanding)",RecipientStanding**2,"Novel Rule: (True, False, True, False)",10.0,8.11,0.0,0.0,10.0,
2026-05-02_11-16,Local_VSCode,IR2NoD_Config_3_R1,Indirect Reciprocity Mode 2 (Assessment w/ No Donor Var),2,1,10,0,0,100,1,0.5,0.0,0.0,10,100,0.1,0.5,0.2,3,1,genHalfAndHalf,1,3,17,2042,Config_3,1,"add(DonorAction, 10)",DonorAction + 10,Unconditional Good,100.0,100.0,0.0,0.0,100.0,
2026-05-02_11-16,Local_VSCode,IR2NoD_Config_3_R2,Indirect Reciprocity Mode 2 (Assessment w/ No Donor Var),2,1,10,0,0,100,1,0.5,0.0,0.0,10,100,0.1,0.5,0.2,3,1,genHalfAndHalf,1,3,17,2043,Config_3,2,"sub(10, DonorAction)",10 - DonorAction,Unconditional Good,100.0,65.23,0.0,0.0,100.0,
2026-05-02_11-16,Local_VSCode,IR2NoD_Config_3_R3,Indirect Reciprocity Mode 2 (Assessment w/ No Donor Var),2,1,10,0,0,100,1,0.5,0.0,0.0,10,100,0.1,0.5,0.2,3,1,genHalfAndHalf,1,3,17,2044,Config_3,3,"mul(RecipientStanding, DonorAction)",DonorAction*RecipientStanding,Shunning,100.0,90.04,0.0,0.0,100.0,
2026-05-02_11-16,Local_VSCode,IR2NoD_Config_3_R4,Indirect Reciprocity Mode 2 (Assessment w/ No Donor Var),2,1,10,0,0,100,1,0.5,0.0,0.0,10,100,0.1,0.5,0.2,3,1,genHalfAndHalf,1,3,17,2045,Config_3,4,"add(RecipientStanding, RecipientStanding)",2*RecipientStanding,"Novel Rule: (True, False, True, False)",100.0,90.05,0.0,0.0,100.0,
2026-05-02_11-16,Local_VSCode,IR2NoD_Config_3_R5,Indirect Reciprocity Mode 2 (Assessment w/ No Donor Var),2,1,10,0,0,100,1,0.5,0.0,0.0,10,100,0.1,0.5,0.2,3,1,genHalfAndHalf,1,3,17,2046,Config_3,5,"add(RecipientStanding, 10)",RecipientStanding + 10,Unconditional Good,100.0,90.05,0.0,0.0,100.0,
2026-05-02_11-17,Local_VSCode,IR2NoD_Config_4_R1,Indirect Reciprocity Mode 2 (Assessment w/ No Donor Var),2,1,10,0,0,100,1,0.5,0.0,0.0,10,100,0.1,0.5,0.2,3,1,genHalfAndHalf,1,10,17,3042,Config_4,1,"add(DonorAction, DonorAction)",2*DonorAction,Image Scoring (binary),100.0,100.0,0.0,0.0,100.0,
2026-05-02_11-17,Local_VSCode,IR2NoD_Config_4_R2,Indirect Reciprocity Mode 2 (Assessment w/ No Donor Var),2,1,10,0,0,100,1,0.5,0.0,0.0,10,100,0.1,0.5,0.2,3,1,genHalfAndHalf,1,10,17,3043,Config_4,2,"mul(1, RecipientStanding)",RecipientStanding,"Novel Rule: (True, False, True, False)",100.0,90.05,0.0,0.0,100.0,
2026-05-02_11-17,Local_VSCode,IR2NoD_Config_4_R3,Indirect Reciprocity Mode 2 (Assessment w/ No Donor Var),2,1,10,0,0,100,1,0.5,0.0,0.0,10,100,0.1,0.5,0.2,3,1,genHalfAndHalf,1,10,17,3044,Config_4,3,"add(DonorAction, DonorAction)",2*DonorAction,Image Scoring (binary),100.0,70.16,0.0,0.0,100.0,
2026-05-02_11-17,Local_VSCode,IR2NoD_Config_4_R4,Indirect Reciprocity Mode 2 (Assessment w/ No Donor Var),2,1,10,0,0,100,1,0.5,0.0,0.0,10,100,0.1,0.5,0.2,3,1,genHalfAndHalf,1,10,17,3045,Config_4,4,"add(DonorAction, DonorAction)",2*DonorAction,Image Scoring (binary),100.0,100.0,0.0,0.0,100.0,
2026-05-02_11-17,Local_VSCode,IR2NoD_Config_4_R5,Indirect Reciprocity Mode 2 (Assessment w/ No Donor Var),2,1,10,0,0,100,1,0.5,0.0,0.0,10,100,0.1,0.5,0.2,3,1,genHalfAndHalf,1,10,17,3046,Config_4,5,"mul(-10, -10)",100,Unconditional Good,100.0,100.0,0.0,0.0,100.0,
2026-05-02_11-17,Local_VSCode,IR2NoD_Config_5_R1,Indirect Reciprocity Mode 2 (Assessment w/ No Donor Var),2,1,10,0,10,10,1,0.5,0.0,0.0,10,100,0.1,0.5,0.2,3,1,genHalfAndHalf,1,3,17,4042,Config_5,1,"mul(DonorAction, DonorAction)",DonorAction**2,Image Scoring (binary),1.33,0.68,0.0,0.6,4.56,
2026-05-02_11-17,Local_VSCode,IR2NoD_Config_5_R2,Indirect Reciprocity Mode 2 (Assessment w/ No Donor Var),2,1,10,0,10,10,1,0.5,0.0,0.0,10,100,0.1,0.5,0.2,3,1,genHalfAndHalf,1,3,17,4043,Config_5,2,"sub(sub(DonorAction, -1), sub(RecipientStanding, DonorAction))",2*DonorAction - RecipientStanding + 1,Simple Standing,3.57,2.78,0.0,3.13,4.04,
2026-05-02_11-17,Local_VSCode,IR2NoD_Config_5_R3,Indirect Reciprocity Mode 2 (Assessment w/ No Donor Var),2,1,10,0,10,10,1,0.5,0.0,0.0,10,100,0.1,0.5,0.2,3,1,genHalfAndHalf,1,3,17,4044,Config_5,3,"add(1, DonorAction)",DonorAction + 1,Unconditional Good,1.6,0.35,0.0,8.4,4.26,
2026-05-02_11-17,Local_VSCode,IR2NoD_Config_5_R4,Indirect Reciprocity Mode 2 (Assessment w/ No Donor Var),2,1,10,0,10,10,1,0.5,0.0,0.0,10,100,0.1,0.5,0.2,3,1,genHalfAndHalf,1,3,17,4045,Config_5,4,"mul(DonorAction, DonorAction)",DonorAction**2,Image Scoring (binary),1.33,0.77,0.0,0.27,4.28,
2026-05-02_11-17,Local_VSCode,IR2NoD_Config_5_R5,Indirect Reciprocity Mode 2 (Assessment w/ No Donor Var),2,1,10,0,10,10,1,0.5,0.0,0.0,10,100,0.1,0.5,0.2,3,1,genHalfAndHalf,1,3,17,4046,Config_5,5,"mul(DonorAction, RecipientStanding)",DonorAction*RecipientStanding,Shunning,1.07,0.7,0.0,0.6,4.2,
2026-05-02_11-17,Local_VSCode,IR2NoD_Config_6_R1,Indirect Reciprocity Mode 2 (Assessment w/ No Donor Var),2,1,10,0,10,10,1,0.5,0.0,0.0,10,100,0.1,0.5,0.2,3,1,genHalfAndHalf,1,10,17,5042,Config_6,1,"add(sub(sub(mul(1, 0), RecipientStanding), -1), DonorAction)",DonorAction - RecipientStanding + 1,Simple Standing,3.73,1.74,0.0,2.87,4.4,
2026-05-02_11-17,Local_VSCode,IR2NoD_Config_6_R2,Indirect Reciprocity Mode 2 (Assessment w/ No Donor Var),2,1,10,0,10,10,1,0.5,0.0,0.0,10,100,0.1,0.5,0.2,3,1,genHalfAndHalf,1,10,17,5043,Config_6,2,"mul(DonorAction, DonorAction)",DonorAction**2,Image Scoring (binary),1.23,0.43,0.0,0.47,4.58,
2026-05-02_11-17,Local_VSCode,IR2NoD_Config_6_R3,Indirect Reciprocity Mode 2 (Assessment w/ No Donor Var),2,1,10,0,10,10,1,0.5,0.0,0.0,10,100,0.1,0.5,0.2,3,1,genHalfAndHalf,1,10,17,5044,Config_6,3,"add(DonorAction, sub(sub(DonorAction, -1), RecipientStanding))",2*DonorAction - RecipientStanding + 1,Simple Standing,3.5,2.44,0.0,2.93,3.88,
2026-05-02_11-17,Local_VSCode,IR2NoD_Config_6_R4,Indirect Reciprocity Mode 2 (Assessment w/ No Donor Var),2,1,10,0,10,10,1,0.5,0.0,0.0,10,100,0.1,0.5,0.2,3,1,genHalfAndHalf,1,10,17,5045,Config_6,4,"add(sub(sub(DonorAction, -1), RecipientStanding), DonorAction)",2*DonorAction - RecipientStanding + 1,Simple Standing,3.83,1.22,0.0,2.87,4.3,
2026-05-02_11-17,Local_VSCode,IR2NoD_Config_6_R5,Indirect Reciprocity Mode 2 (Assessment w/ No Donor Var),2,1,10,0,10,10,1,0.5,0.0,0.0,10,100,0.1,0.5,0.2,3,1,genHalfAndHalf,1,10,17,5046,Config_6,5,"sub(add(1, DonorAction), RecipientStanding)",DonorAction - RecipientStanding + 1,Simple Standing,3.63,2.97,0.0,3.07,4.58,
2026-05-02_11-18,Local_VSCode,IR2NoD_Config_7_R1,Indirect Reciprocity Mode 2 (Assessment w/ No Donor Var),2,1,10,0,10,100,1,0.5,0.0,0.0,10,100,0.1,0.5,0.2,3,1,genHalfAndHalf,1,3,17,6042,Config_7,1,"mul(RecipientStanding, RecipientStanding)",RecipientStanding**2,"Novel Rule: (True, False, True, False)",1.33,-1.31,0.0,98.67,47.56,
2026-05-02_11-18,Local_VSCode,IR2NoD_Config_7_R2,Indirect Reciprocity Mode 2 (Assessment w/ No Donor Var),2,1,10,0,10,100,1,0.5,0.0,0.0,10,100,0.1,0.5,0.2,3,1,genHalfAndHalf,1,3,17,6043,Config_7,2,"mul(DonorAction, DonorAction)",DonorAction**2,Image Scoring (binary),1.23,0.81,0.0,0.47,46.62,
2026-05-02_11-18,Local_VSCode,IR2NoD_Config_7_R3,Indirect Reciprocity Mode 2 (Assessment w/ No Donor Var),2,1,10,0,10,100,1,0.5,0.0,0.0,10,100,0.1,0.5,0.2,3,1,genHalfAndHalf,1,3,17,6044,Config_7,3,"mul(mul(10, RecipientStanding), DonorAction)",10*DonorAction*RecipientStanding,Shunning,1.47,0.89,0.0,0.4,46.28,
2026-05-02_11-18,Local_VSCode,IR2NoD_Config_7_R4,Indirect Reciprocity Mode 2 (Assessment w/ No Donor Var),2,1,10,0,10,100,1,0.5,0.0,0.0,10,100,0.1,0.5,0.2,3,1,genHalfAndHalf,1,3,17,6045,Config_7,4,"add(DonorAction, DonorAction)",2*DonorAction,Image Scoring (binary),1.03,0.18,0.0,0.53,47.3,
2026-05-02_11-18,Local_VSCode,IR2NoD_Config_7_R5,Indirect Reciprocity Mode 2 (Assessment w/ No Donor Var),2,1,10,0,10,100,1,0.5,0.0,0.0,10,100,0.1,0.5,0.2,3,1,genHalfAndHalf,1,3,17,6046,Config_7,5,"add(add(sub(sub(DonorAction, RecipientStanding), RecipientStanding), add(DonorAction, 1)), sub(add(DonorAction, DonorAction), sub(RecipientStanding, DonorAction)))",5*DonorAction - 3*RecipientStanding + 1,Simple Standing,33.5,27.3,0.0,31.13,47.84,
2026-05-02_11-19,Local_VSCode,IR2NoD_Config_8_R1,Indirect Reciprocity Mode 2 (Assessment w/ No Donor Var),2,1,10,0,10,100,1,0.5,0.0,0.0,10,100,0.1,0.5,0.2,3,1,genHalfAndHalf,1,10,17,7042,Config_8,1,"add(add(10, DonorAction), mul(mul(1, RecipientStanding), -10))",DonorAction - 10*RecipientStanding + 10,Simple Standing,32.3,11.99,0.0,32.0,46.5,
2026-05-02_11-19,Local_VSCode,IR2NoD_Config_8_R2,Indirect Reciprocity Mode 2 (Assessment w/ No Donor Var),2,1,10,0,10,100,1,0.5,0.0,0.0,10,100,0.1,0.5,0.2,3,1,genHalfAndHalf,1,10,17,7043,Config_8,2,"add(mul(DonorAction, DonorAction), sub(1, RecipientStanding))",DonorAction**2 - RecipientStanding + 1,Simple Standing,33.67,11.58,0.0,33.07,48.02,
2026-05-02_11-19,Local_VSCode,IR2NoD_Config_8_R3,Indirect Reciprocity Mode 2 (Assessment w/ No Donor Var),2,1,10,0,10,100,1,0.5,0.0,0.0,10,100,0.1,0.5,0.2,3,1,genHalfAndHalf,1,10,17,7044,Config_8,3,"add(sub(DonorAction, mul(sub(RecipientStanding, 1), add(10, 1))), sub(RecipientStanding, 1))",DonorAction - 10*RecipientStanding + 10,Simple Standing,33.07,17.64,0.0,31.0,45.14,
2026-05-02_11-19,Local_VSCode,IR2NoD_Config_8_R4,Indirect Reciprocity Mode 2 (Assessment w/ No Donor Var),2,1,10,0,10,100,1,0.5,0.0,0.0,10,100,0.1,0.5,0.2,3,1,genHalfAndHalf,1,10,17,7045,Config_8,4,"sub(DonorAction, sub(RecipientStanding, 1))",DonorAction - RecipientStanding + 1,Simple Standing,32.67,12.45,0.0,33.07,47.74,
2026-05-02_11-20,Local_VSCode,IR2NoD_Config_8_R5,Indirect Reciprocity Mode 2 (Assessment w/ No Donor Var),2,1,10,0,10,100,1,0.5,0.0,0.0,10,100,0.1,0.5,0.2,3,1,genHalfAndHalf,1,10,17,7046,Config_8,5,"mul(DonorAction, DonorAction)",DonorAction**2,Image Scoring (binary),1.37,0.63,0.0,0.33,47.02,
2026-05-02_11-20,Local_VSCode,IR2NoD_Config_9_R1,Indirect Reciprocity Mode 2 (Assessment w/ No Donor Var),2,1,10,10,0,10,1,0.5,0.0,0.0,10,100,0.1,0.5,0.2,3,1,genHalfAndHalf,1,3,17,8042,Config_9,1,"sub(sub(1, DonorAction), DonorAction)",1 - 2*DonorAction,"Novel Rule: (False, False, True, True)",14.57,11.8,-1.4,0.0,9.68,
2026-05-02_11-20,Local_VSCode,IR2NoD_Config_9_R2,Indirect Reciprocity Mode 2 (Assessment w/ No Donor Var),2,1,10,10,0,10,1,0.5,0.0,0.0,10,100,0.1,0.5,0.2,3,1,genHalfAndHalf,1,3,17,8043,Config_9,2,"add(-10, 1)",-9,Unconditional Bad,12.1,10.68,-1.6,0.0,9.28,
2026-05-02_11-20,Local_VSCode,IR2NoD_Config_9_R3,Indirect Reciprocity Mode 2 (Assessment w/ No Donor Var),2,1,10,10,0,10,1,0.5,0.0,0.0,10,100,0.1,0.5,0.2,3,1,genHalfAndHalf,1,3,17,8044,Config_9,3,"add(RecipientStanding, DonorAction)",DonorAction + RecipientStanding,"Novel Rule: (True, True, True, False)",13.4,9.99,6.6,0.0,9.28,
2026-05-02_11-20,Local_VSCode,IR2NoD_Config_9_R4,Indirect Reciprocity Mode 2 (Assessment w/ No Donor Var),2,1,10,10,0,10,1,0.5,0.0,0.0,10,100,0.1,0.5,0.2,3,1,genHalfAndHalf,1,3,17,8045,Config_9,4,"sub(sub(DonorAction, add(-1, DonorAction)), DonorAction)",1 - DonorAction,"Novel Rule: (False, False, True, True)",14.53,12.69,-1.0,0.0,9.6,
2026-05-02_11-20,Local_VSCode,IR2NoD_Config_9_R5,Indirect Reciprocity Mode 2 (Assessment w/ No Donor Var),2,1,10,10,0,10,1,0.5,0.0,0.0,10,100,0.1,0.5,0.2,3,1,genHalfAndHalf,1,3,17,8046,Config_9,5,"add(-10, -10)",-20,Unconditional Bad,12.03,10.94,-1.6,0.0,10.64,
2026-05-02_11-20,Local_VSCode,IR2NoD_Config_10_R1,Indirect Reciprocity Mode 2 (Assessment w/ No Donor Var),2,1,10,10,0,10,1,0.5,0.0,0.0,10,100,0.1,0.5,0.2,3,1,genHalfAndHalf,1,10,17,9042,Config_10,1,"mul(1, mul(sub(mul(DonorAction, DonorAction), mul(sub(DonorAction, 1), -10)), -10))",-10*DonorAction**2 - 100*DonorAction + 100,"Novel Rule: (False, False, True, True)",14.9,12.28,-1.47,0.0,11.24,
2026-05-02_11-20,Local_VSCode,IR2NoD_Config_10_R2,Indirect Reciprocity Mode 2 (Assessment w/ No Donor Var),2,1,10,10,0,10,1,0.5,0.0,0.0,10,100,0.1,0.5,0.2,3,1,genHalfAndHalf,1,10,17,9043,Config_10,2,"add(add(sub(mul(RecipientStanding, RecipientStanding), add(RecipientStanding, DonorAction)), mul(sub(1, RecipientStanding), RecipientStanding)), 1)",1 - DonorAction,"Novel Rule: (False, False, True, True)",14.83,13.15,-1.07,0.0,10.44,
2026-05-02_11-20,Local_VSCode,IR2NoD_Config_10_R3,Indirect Reciprocity Mode 2 (Assessment w/ No Donor Var),2,1,10,10,0,10,1,0.5,0.0,0.0,10,100,0.1,0.5,0.2,3,1,genHalfAndHalf,1,10,17,9044,Config_10,3,"add(DonorAction, DonorAction)",2*DonorAction,Image Scoring (binary),12.6,10.9,7.4,0.0,10.28,
2026-05-02_11-20,Local_VSCode,IR2NoD_Config_10_R4,Indirect Reciprocity Mode 2 (Assessment w/ No Donor Var),2,1,10,10,0,10,1,0.5,0.0,0.0,10,100,0.1,0.5,0.2,3,1,genHalfAndHalf,1,10,17,9045,Config_10,4,"sub(1, mul(DonorAction, DonorAction))",1 - DonorAction**2,"Novel Rule: (False, False, True, True)",13.9,13.01,-0.87,0.0,8.84,
2026-05-02_11-20,Local_VSCode,IR2NoD_Config_10_R5,Indirect Reciprocity Mode 2 (Assessment w/ No Donor Var),2,1,10,10,0,10,1,0.5,0.0,0.0,10,100,0.1,0.5,0.2,3,1,genHalfAndHalf,1,10,17,9046,Config_10,5,"sub(1, add(DonorAction, DonorAction))",1 - 2*DonorAction,"Novel Rule: (False, False, True, True)",15.53,12.34,-1.87,0.0,10.04,
2026-05-02_11-20,Local_VSCode,IR2NoD_Config_11_R1,Indirect Reciprocity Mode 2 (Assessment w/ No Donor Var),2,1,10,10,0,100,1,0.5,0.0,0.0,10,100,0.1,0.5,0.2,3,1,genHalfAndHalf,1,3,17,10042,Config_11,1,"sub(RecipientStanding, add(sub(-1, RecipientStanding), add(DonorAction, add(add(add(DonorAction, add(add(add(add(DonorAction, RecipientStanding), RecipientStanding), RecipientStanding), RecipientStanding)), RecipientStanding), RecipientStanding))))",-3*DonorAction - 4*RecipientStanding + 1,"Novel Rule: (False, False, False, True)",142.63,129.4,-8.93,0.0,99.76,
2026-05-02_11-21,Local_VSCode,IR2NoD_Config_11_R2,Indirect Reciprocity Mode 2 (Assessment w/ No Donor Var),2,1,10,10,0,100,1,0.5,0.0,0.0,10,100,0.1,0.5,0.2,3,1,genHalfAndHalf,1,3,17,10043,Config_11,2,"add(sub(10, sub(mul(add(RecipientStanding, DonorAction), add(add(add(RecipientStanding, RecipientStanding), add(10, DonorAction)), 0)), add(sub(1, DonorAction), add(10, add(add(RecipientStanding, RecipientStanding), sub(-1, RecipientStanding)))))), sub(sub(RecipientStanding, DonorAction), 10))",-2*DonorAction + 2*RecipientStanding - (DonorAction + RecipientStanding)*(DonorAction + 2*RecipientStanding + 10) + 10,"Novel Rule: (False, False, False, True)",141.7,133.22,-9.73,0.0,99.6,
2026-05-02_11-21,Local_VSCode,IR2NoD_Config_11_R3,Indirect Reciprocity Mode 2 (Assessment w/ No Donor Var),2,1,10,10,0,100,1,0.5,0.0,0.0,10,100,0.1,0.5,0.2,3,1,genHalfAndHalf,1,3,17,10044,Config_11,3,"sub(sub(1, sub(RecipientStanding, 0)), sub(mul(mul(RecipientStanding, sub(10, RecipientStanding)), RecipientStanding), sub(RecipientStanding, DonorAction)))",-DonorAction + RecipientStanding**2*(RecipientStanding - 10) + 1,"Novel Rule: (False, False, False, True)",141.47,128.43,-9.0,0.0,102.28,
2026-05-02_11-21,Local_VSCode,IR2NoD_Config_11_R4,Indirect Reciprocity Mode 2 (Assessment w/ No Donor Var),2,1,10,10,0,100,1,0.5,0.0,0.0,10,100,0.1,0.5,0.2,3,1,genHalfAndHalf,1,3,17,10045,Config_11,4,"sub(1, DonorAction)",1 - DonorAction,"Novel Rule: (False, False, True, True)",140.73,129.06,-8.0,0.0,102.84,
2026-05-02_11-21,Local_VSCode,IR2NoD_Config_11_R5,Indirect Reciprocity Mode 2 (Assessment w/ No Donor Var),2,1,10,10,0,100,1,0.5,0.0,0.0,10,100,0.1,0.5,0.2,3,1,genHalfAndHalf,1,3,17,10046,Config_11,5,"sub(mul(add(-1, DonorAction), add(-1, DonorAction)), add(-1, DonorAction))",-DonorAction + (DonorAction - 1)**2 + 1,"Novel Rule: (False, False, True, True)",141.6,132.78,-9.0,0.0,98.92,
2026-05-02_11-22,Local_VSCode,IR2NoD_Config_12_R1,Indirect Reciprocity Mode 2 (Assessment w/ No Donor Var),2,1,10,10,0,100,1,0.5,0.0,0.0,10,100,0.1,0.5,0.2,3,1,genHalfAndHalf,1,10,17,11042,Config_12,1,"mul(add(DonorAction, -1), add(mul(add(add(DonorAction, RecipientStanding), sub(RecipientStanding, mul(10, RecipientStanding))), sub(10, mul(DonorAction, DonorAction))), -1))",-(DonorAction - 1)*((DonorAction - 8*RecipientStanding)*(DonorAction**2 - 10) + 1),"Novel Rule: (False, False, True, True)",142.8,125.91,-9.27,0.0,103.6,
2026-05-02_11-22,Local_VSCode,IR2NoD_Config_12_R2,Indirect Reciprocity Mode 2 (Assessment w/ No Donor Var),2,1,10,10,0,100,1,0.5,0.0,0.0,10,100,0.1,0.5,0.2,3,1,genHalfAndHalf,1,10,17,11043,Config_12,2,"mul(-1, add(sub(DonorAction, mul(RecipientStanding, mul(RecipientStanding, -10))), -1))",-DonorAction - 10*RecipientStanding**2 + 1,"Novel Rule: (False, False, False, True)",142.63,136.45,-9.87,0.0,101.24,
2026-05-02_11-22,Local_VSCode,IR2NoD_Config_12_R3,Indirect Reciprocity Mode 2 (Assessment w/ No Donor Var),2,1,10,10,0,100,1,0.5,0.0,0.0,10,100,0.1,0.5,0.2,3,1,genHalfAndHalf,1,10,17,11044,Config_12,3,"mul(mul(1, mul(1, add(add(mul(mul(1, sub(RecipientStanding, 0)), sub(RecipientStanding, 0)), -1), sub(DonorAction, mul(RecipientStanding, RecipientStanding))))), -1)",1 - DonorAction,"Novel Rule: (False, False, True, True)",142.33,122.81,-9.33,0.0,99.08,
2026-05-02_11-22,Local_VSCode,IR2NoD_Config_12_R4,Indirect Reciprocity Mode 2 (Assessment w/ No Donor Var),2,1,10,10,0,100,1,0.5,0.0,0.0,10,100,0.1,0.5,0.2,3,1,genHalfAndHalf,1,10,17,11045,Config_12,4,"sub(mul(add(DonorAction, DonorAction), mul(DonorAction, -1)), -1)",1 - 2*DonorAction**2,"Novel Rule: (False, False, True, True)",140.8,128.65,-8.07,0.0,94.56,
2026-05-02_11-22,Local_VSCode,IR2NoD_Config_12_R5,Indirect Reciprocity Mode 2 (Assessment w/ No Donor Var),2,1,10,10,0,100,1,0.5,0.0,0.0,10,100,0.1,0.5,0.2,3,1,genHalfAndHalf,1,10,17,11046,Config_12,5,"mul(add(add(DonorAction, add(DonorAction, -1)), add(sub(DonorAction, RecipientStanding), mul(10, DonorAction))), -1)",-13*DonorAction + RecipientStanding + 1,"Novel Rule: (False, False, True, True)",143.13,132.1,-9.87,0.0,98.28,
2026-05-02_11-22,Local_VSCode,IR2NoD_Config_13_R1,Indirect Reciprocity Mode 2 (Assessment w/ No Donor Var),2,1,10,10,10,10,1,0.5,0.0,0.0,10,100,0.1,0.5,0.2,3,1,genHalfAndHalf,1,3,17,12042,Config_13,1,"mul(RecipientStanding, DonorAction)",DonorAction*RecipientStanding,Shunning,8.23,6.37,-3.33,6.4,7.26,
2026-05-02_11-22,Local_VSCode,IR2NoD_Config_13_R2,Indirect Reciprocity Mode 2 (Assessment w/ No Donor Var),2,1,10,10,10,10,1,0.5,0.0,0.0,10,100,0.1,0.5,0.2,3,1,genHalfAndHalf,1,3,17,12043,Config_13,2,"mul(DonorAction, -1)",-DonorAction,Unconditional Bad,8.83,7.86,-3.67,5.33,5.76,
2026-05-02_11-22,Local_VSCode,IR2NoD_Config_13_R3,Indirect Reciprocity Mode 2 (Assessment w/ No Donor Var),2,1,10,10,10,10,1,0.5,0.0,0.0,10,100,0.1,0.5,0.2,3,1,genHalfAndHalf,1,3,17,12044,Config_13,3,"sub(DonorAction, mul(1, 10))",DonorAction - 10,Unconditional Bad,8.6,6.9,-3.67,5.6,6.12,
2026-05-02_11-22,Local_VSCode,IR2NoD_Config_13_R4,Indirect Reciprocity Mode 2 (Assessment w/ No Donor Var),2,1,10,10,10,10,1,0.5,0.0,0.0,10,100,0.1,0.5,0.2,3,1,genHalfAndHalf,1,3,17,12045,Config_13,4,"mul(RecipientStanding, DonorAction)",DonorAction*RecipientStanding,Shunning,8.03,6.56,-3.67,6.93,5.78,
2026-05-02_11-23,Local_VSCode,IR2NoD_Config_13_R5,Indirect Reciprocity Mode 2 (Assessment w/ No Donor Var),2,1,10,10,10,10,1,0.5,0.0,0.0,10,100,0.1,0.5,0.2,3,1,genHalfAndHalf,1,3,17,12046,Config_13,5,"sub(DonorAction, DonorAction)",0,Unconditional Bad,8.2,7.15,-4.07,6.4,7.1,
2026-05-02_11-23,Local_VSCode,IR2NoD_Config_14_R1,Indirect Reciprocity Mode 2 (Assessment w/ No Donor Var),2,1,10,10,10,10,1,0.5,0.0,0.0,10,100,0.1,0.5,0.2,3,1,genHalfAndHalf,1,10,17,13042,Config_14,1,"sub(RecipientStanding, RecipientStanding)",0,Unconditional Bad,7.8,7.09,-4.13,6.93,6.72,
2026-05-02_11-23,Local_VSCode,IR2NoD_Config_14_R2,Indirect Reciprocity Mode 2 (Assessment w/ No Donor Var),2,1,10,10,10,10,1,0.5,0.0,0.0,10,100,0.1,0.5,0.2,3,1,genHalfAndHalf,1,10,17,13043,Config_14,2,"mul(DonorAction, add(DonorAction, -1))",DonorAction*(DonorAction - 1),Unconditional Bad,8.07,6.87,-3.47,5.87,7.26,
2026-05-02_11-23,Local_VSCode,IR2NoD_Config_14_R3,Indirect Reciprocity Mode 2 (Assessment w/ No Donor Var),2,1,10,10,10,10,1,0.5,0.0,0.0,10,100,0.1,0.5,0.2,3,1,genHalfAndHalf,1,10,17,13044,Config_14,3,"add(-10, DonorAction)",DonorAction - 10,Unconditional Bad,8.33,7.56,-4.2,6.27,6.06,
2026-05-02_11-23,Local_VSCode,IR2NoD_Config_14_R4,Indirect Reciprocity Mode 2 (Assessment w/ No Donor Var),2,1,10,10,10,10,1,0.5,0.0,0.0,10,100,0.1,0.5,0.2,3,1,genHalfAndHalf,1,10,17,13045,Config_14,4,"mul(RecipientStanding, 0)",0,Unconditional Bad,8.27,7.41,-4.27,6.53,5.82,
2026-05-02_11-23,Local_VSCode,IR2NoD_Config_14_R5,Indirect Reciprocity Mode 2 (Assessment w/ No Donor Var),2,1,10,10,10,10,1,0.5,0.0,0.0,10,100,0.1,0.5,0.2,3,1,genHalfAndHalf,1,10,17,13046,Config_14,5,"sub(RecipientStanding, RecipientStanding)",0,Unconditional Bad,7.83,7.3,-3.73,6.53,7.18,
2026-05-02_11-23,Local_VSCode,IR2NoD_Config_15_R1,Indirect Reciprocity Mode 2 (Assessment w/ No Donor Var),2,1,10,10,10,100,1,0.5,0.0,0.0,10,100,0.1,0.5,0.2,3,1,genHalfAndHalf,1,3,17,14042,Config_15,1,"mul(mul(sub(add(DonorAction, RecipientStanding), 10), mul(10, 10)), mul(mul(10, RecipientStanding), RecipientStanding))",1000*RecipientStanding**2*(DonorAction + RecipientStanding - 10),Unconditional Bad,75.0,66.86,-39.07,64.6,65.42,
2026-05-02_11-23,Local_VSCode,IR2NoD_Config_15_R2,Indirect Reciprocity Mode 2 (Assessment w/ No Donor Var),2,1,10,10,10,100,1,0.5,0.0,0.0,10,100,0.1,0.5,0.2,3,1,genHalfAndHalf,1,3,17,14043,Config_15,2,"add(RecipientStanding, sub(sub(RecipientStanding, DonorAction), RecipientStanding))",-DonorAction + RecipientStanding,"Novel Rule: (False, False, True, False)",73.0,58.98,-36.8,64.53,65.72,
2026-05-02_11-23,Local_VSCode,IR2NoD_Config_15_R3,Indirect Reciprocity Mode 2 (Assessment w/ No Donor Var),2,1,10,10,10,100,1,0.5,0.0,0.0,10,100,0.1,0.5,0.2,3,1,genHalfAndHalf,1,3,17,14044,Config_15,3,"mul(DonorAction, -10)",-10*DonorAction,Unconditional Bad,73.57,69.07,-42.4,69.4,66.22,
2026-05-02_11-23,Local_VSCode,IR2NoD_Config_15_R4,Indirect Reciprocity Mode 2 (Assessment w/ No Donor Var),2,1,10,10,10,100,1,0.5,0.0,0.0,10,100,0.1,0.5,0.2,3,1,genHalfAndHalf,1,3,17,14045,Config_15,4,"add(-1, mul(mul(RecipientStanding, 0), mul(0, -1)))",-1,Unconditional Bad,74.93,72.46,-40.8,66.4,64.08,
2026-05-02_11-24,Local_VSCode,IR2NoD_Config_15_R5,Indirect Reciprocity Mode 2 (Assessment w/ No Donor Var),2,1,10,10,10,100,1,0.5,0.0,0.0,10,100,0.1,0.5,0.2,3,1,genHalfAndHalf,1,3,17,14046,Config_15,5,"add(-10, mul(DonorAction, -10))",-10*DonorAction - 10,Unconditional Bad,73.3,66.12,-39.33,66.53,67.72,
2026-05-02_11-24,Local_VSCode,IR2NoD_Config_16_R1,Indirect Reciprocity Mode 2 (Assessment w/ No Donor Var),2,1,10,10,10,100,1,0.5,0.0,0.0,10,100,0.1,0.5,0.2,3,1,genHalfAndHalf,1,10,17,15042,Config_16,1,"mul(DonorAction, mul(-1, mul(RecipientStanding, -1)))",DonorAction*RecipientStanding,Shunning,73.03,65.75,-37.87,66.93,66.24,
2026-05-02_11-24,Local_VSCode,IR2NoD_Config_16_R2,Indirect Reciprocity Mode 2 (Assessment w/ No Donor Var),2,1,10,10,10,100,1,0.5,0.0,0.0,10,100,0.1,0.5,0.2,3,1,genHalfAndHalf,1,10,17,15043,Config_16,2,"sub(mul(-10, 0), mul(DonorAction, 1))",-DonorAction,Unconditional Bad,72.93,65.89,-38.8,66.47,64.84,
2026-05-02_11-24,Local_VSCode,IR2NoD_Config_16_R3,Indirect Reciprocity Mode 2 (Assessment w/ No Donor Var),2,1,10,10,10,100,1,0.5,0.0,0.0,10,100,0.1,0.5,0.2,3,1,genHalfAndHalf,1,10,17,15044,Config_16,3,"sub(RecipientStanding, add(add(DonorAction, DonorAction), DonorAction))",-3*DonorAction + RecipientStanding,"Novel Rule: (False, False, True, False)",74.83,72.21,-38.53,64.53,67.68,
2026-05-02_11-25,Local_VSCode,IR2NoD_Config_16_R4,Indirect Reciprocity Mode 2 (Assessment w/ No Donor Var),2,1,10,10,10,100,1,0.5,0.0,0.0,10,100,0.1,0.5,0.2,3,1,genHalfAndHalf,1,10,17,15045,Config_16,4,"mul(add(mul(DonorAction, add(mul(DonorAction, add(DonorAction, RecipientStanding)), DonorAction)), DonorAction), RecipientStanding)",DonorAction*RecipientStanding*(DonorAction*(DonorAction + RecipientStanding + 1) + 1),Shunning,73.43,69.78,-40.8,69.0,65.98,
2026-05-02_11-25,Local_VSCode,IR2NoD_Config_16_R5,Indirect Reciprocity Mode 2 (Assessment w/ No Donor Var),2,1,10,10,10,100,1,0.5,0.0,0.0,10,100,0.1,0.5,0.2,3,1,genHalfAndHalf,1,10,17,15046,Config_16,5,"mul(DonorAction, -10)",-10*DonorAction,Unconditional Bad,73.5,64.56,-40.13,67.13,63.66,
2026-05-02_11-25,Local_VSCode,IR2NoD_Config_17_R1,Indirect Reciprocity Mode 2 (Assessment w/ No Donor Var),2,1,10,0,0,10,1,0.5,0.0,0.0,10,100,0.5,0.5,0.2,3,1,genHalfAndHalf,1,3,17,16042,Config_17,1,"add(RecipientStanding, RecipientStanding)",2*RecipientStanding,"Novel Rule: (True, False, True, False)",10.0,8.11,0.0,0.0,10.0,
2026-05-02_11-25,Local_VSCode,IR2NoD_Config_17_R2,Indirect Reciprocity Mode 2 (Assessment w/ No Donor Var),2,1,10,0,0,10,1,0.5,0.0,0.0,10,100,0.5,0.5,0.2,3,1,genHalfAndHalf,1,3,17,16043,Config_17,2,"sub(10, DonorAction)",10 - DonorAction,Unconditional Good,10.0,7.15,0.0,0.0,10.0,
2026-05-02_11-25,Local_VSCode,IR2NoD_Config_17_R3,Indirect Reciprocity Mode 2 (Assessment w/ No Donor Var),2,1,10,0,0,10,1,0.5,0.0,0.0,10,100,0.5,0.5,0.2,3,1,genHalfAndHalf,1,3,17,16044,Config_17,3,"mul(DonorAction, RecipientStanding)",DonorAction*RecipientStanding,Shunning,10.0,9.05,0.0,0.0,10.0,
2026-05-02_11-25,Local_VSCode,IR2NoD_Config_17_R4,Indirect Reciprocity Mode 2 (Assessment w/ No Donor Var),2,1,10,0,0,10,1,0.5,0.0,0.0,10,100,0.5,0.5,0.2,3,1,genHalfAndHalf,1,3,17,16045,Config_17,4,"mul(DonorAction, RecipientStanding)",DonorAction*RecipientStanding,Shunning,10.0,10.0,0.0,0.0,10.0,
2026-05-02_11-25,Local_VSCode,IR2NoD_Config_17_R5,Indirect Reciprocity Mode 2 (Assessment w/ No Donor Var),2,1,10,0,0,10,1,0.5,0.0,0.0,10,100,0.5,0.5,0.2,3,1,genHalfAndHalf,1,3,17,16046,Config_17,5,"mul(RecipientStanding, DonorAction)",DonorAction*RecipientStanding,Shunning,10.0,10.0,0.0,0.0,10.0,
2026-05-02_11-25,Local_VSCode,IR2NoD_Config_18_R1,Indirect Reciprocity Mode 2 (Assessment w/ No Donor Var),2,1,10,0,0,10,1,0.5,0.0,0.0,10,100,0.5,0.5,0.2,3,1,genHalfAndHalf,1,10,17,17042,Config_18,1,"mul(DonorAction, 10)",10*DonorAction,Image Scoring (binary),10.0,8.1,0.0,0.0,10.0,
2026-05-02_11-25,Local_VSCode,IR2NoD_Config_18_R2,Indirect Reciprocity Mode 2 (Assessment w/ No Donor Var),2,1,10,0,0,10,1,0.5,0.0,0.0,10,100,0.5,0.5,0.2,3,1,genHalfAndHalf,1,10,17,17043,Config_18,2,"add(1, DonorAction)",DonorAction + 1,Unconditional Good,10.0,10.0,0.0,0.0,10.0,
2026-05-02_11-25,Local_VSCode,IR2NoD_Config_18_R3,Indirect Reciprocity Mode 2 (Assessment w/ No Donor Var),2,1,10,0,0,10,1,0.5,0.0,0.0,10,100,0.5,0.5,0.2,3,1,genHalfAndHalf,1,10,17,17044,Config_18,3,"mul(1, DonorAction)",DonorAction,Image Scoring (binary),10.0,10.0,0.0,0.0,10.0,
2026-05-02_11-25,Local_VSCode,IR2NoD_Config_18_R4,Indirect Reciprocity Mode 2 (Assessment w/ No Donor Var),2,1,10,0,0,10,1,0.5,0.0,0.0,10,100,0.5,0.5,0.2,3,1,genHalfAndHalf,1,10,17,17045,Config_18,4,"mul(DonorAction, 1)",DonorAction,Image Scoring (binary),10.0,10.0,0.0,0.0,10.0,
2026-05-02_11-25,Local_VSCode,IR2NoD_Config_18_R5,Indirect Reciprocity Mode 2 (Assessment w/ No Donor Var),2,1,10,0,0,10,1,0.5,0.0,0.0,10,100,0.5,0.5,0.2,3,1,genHalfAndHalf,1,10,17,17046,Config_18,5,"mul(RecipientStanding, RecipientStanding)",RecipientStanding**2,"Novel Rule: (True, False, True, False)",10.0,10.0,0.0,0.0,10.0,
2026-05-02_11-25,Local_VSCode,IR2NoD_Config_19_R1,Indirect Reciprocity Mode 2 (Assessment w/ No Donor Var),2,1,10,0,0,100,1,0.5,0.0,0.0,10,100,0.5,0.5,0.2,3,1,genHalfAndHalf,1,3,17,18042,Config_19,1,"add(RecipientStanding, DonorAction)",DonorAction + RecipientStanding,"Novel Rule: (True, True, True, False)",100.0,100.0,0.0,0.0,100.0,
2026-05-02_11-25,Local_VSCode,IR2NoD_Config_19_R2,Indirect Reciprocity Mode 2 (Assessment w/ No Donor Var),2,1,10,0,0,100,1,0.5,0.0,0.0,10,100,0.5,0.5,0.2,3,1,genHalfAndHalf,1,3,17,18043,Config_19,2,"add(1, DonorAction)",DonorAction + 1,Unconditional Good,100.0,100.0,0.0,0.0,100.0,
2026-05-02_11-25,Local_VSCode,IR2NoD_Config_19_R3,Indirect Reciprocity Mode 2 (Assessment w/ No Donor Var),2,1,10,0,0,100,1,0.5,0.0,0.0,10,100,0.5,0.5,0.2,3,1,genHalfAndHalf,1,3,17,18044,Config_19,3,"add(10, DonorAction)",DonorAction + 10,Unconditional Good,100.0,90.06,0.0,0.0,100.0,
2026-05-02_11-25,Local_VSCode,IR2NoD_Config_19_R4,Indirect Reciprocity Mode 2 (Assessment w/ No Donor Var),2,1,10,0,0,100,1,0.5,0.0,0.0,10,100,0.5,0.5,0.2,3,1,genHalfAndHalf,1,3,17,18045,Config_19,4,"add(RecipientStanding, DonorAction)",DonorAction + RecipientStanding,"Novel Rule: (True, True, True, False)",100.0,70.14,0.0,0.0,100.0,
2026-05-02_11-25,Local_VSCode,IR2NoD_Config_19_R5,Indirect Reciprocity Mode 2 (Assessment w/ No Donor Var),2,1,10,0,0,100,1,0.5,0.0,0.0,10,100,0.5,0.5,0.2,3,1,genHalfAndHalf,1,3,17,18046,Config_19,5,"add(DonorAction, 1)",DonorAction + 1,Unconditional Good,100.0,80.1,0.0,0.0,100.0,
2026-05-02_11-25,Local_VSCode,IR2NoD_Config_20_R1,Indirect Reciprocity Mode 2 (Assessment w/ No Donor Var),2,1,10,0,0,100,1,0.5,0.0,0.0,10,100,0.5,0.5,0.2,3,1,genHalfAndHalf,1,10,17,19042,Config_20,1,"sub(10, RecipientStanding)",10 - RecipientStanding,Unconditional Good,100.0,90.06,0.0,0.0,100.0,
2026-05-02_11-25,Local_VSCode,IR2NoD_Config_20_R2,Indirect Reciprocity Mode 2 (Assessment w/ No Donor Var),2,1,10,0,0,100,1,0.5,0.0,0.0,10,100,0.5,0.5,0.2,3,1,genHalfAndHalf,1,10,17,19043,Config_20,2,"add(DonorAction, DonorAction)",2*DonorAction,Image Scoring (binary),100.0,90.05,0.0,0.0,100.0,
2026-05-02_11-25,Local_VSCode,IR2NoD_Config_20_R3,Indirect Reciprocity Mode 2 (Assessment w/ No Donor Var),2,1,10,0,0,100,1,0.5,0.0,0.0,10,100,0.5,0.5,0.2,3,1,genHalfAndHalf,1,10,17,19044,Config_20,3,"mul(DonorAction, DonorAction)",DonorAction**2,Image Scoring (binary),100.0,90.05,0.0,0.0,100.0,
2026-05-02_11-26,Local_VSCode,IR2NoD_Config_20_R4,Indirect Reciprocity Mode 2 (Assessment w/ No Donor Var),2,1,10,0,0,100,1,0.5,0.0,0.0,10,100,0.5,0.5,0.2,3,1,genHalfAndHalf,1,10,17,19045,Config_20,4,"add(1, DonorAction)",DonorAction + 1,Unconditional Good,100.0,100.0,0.0,0.0,100.0,
2026-05-02_11-26,Local_VSCode,IR2NoD_Config_20_R5,Indirect Reciprocity Mode 2 (Assessment w/ No Donor Var),2,1,10,0,0,100,1,0.5,0.0,0.0,10,100,0.5,0.5,0.2,3,1,genHalfAndHalf,1,10,17,19046,Config_20,5,"mul(DonorAction, RecipientStanding)",DonorAction*RecipientStanding,Shunning,100.0,100.0,0.0,0.0,100.0,
2026-05-02_11-26,Local_VSCode,IR2NoD_Config_21_R1,Indirect Reciprocity Mode 2 (Assessment w/ No Donor Var),2,1,10,0,10,10,1,0.5,0.0,0.0,10,100,0.5,0.5,0.2,3,1,genHalfAndHalf,1,3,17,20042,Config_21,1,"mul(DonorAction, DonorAction)",DonorAction**2,Image Scoring (binary),1.33,0.74,0.0,0.47,4.6,
2026-05-02_11-26,Local_VSCode,IR2NoD_Config_21_R2,Indirect Reciprocity Mode 2 (Assessment w/ No Donor Var),2,1,10,0,10,10,1,0.5,0.0,0.0,10,100,0.5,0.5,0.2,3,1,genHalfAndHalf,1,3,17,20043,Config_21,2,"mul(1, 1)",1,Unconditional Good,1.33,0.09,0.0,8.67,4.12,
2026-05-02_11-26,Local_VSCode,IR2NoD_Config_21_R3,Indirect Reciprocity Mode 2 (Assessment w/ No Donor Var),2,1,10,0,10,10,1,0.5,0.0,0.0,10,100,0.5,0.5,0.2,3,1,genHalfAndHalf,1,3,17,20044,Config_21,3,"mul(DonorAction, DonorAction)",DonorAction**2,Image Scoring (binary),1.1,0.52,0.0,0.6,4.42,
2026-05-02_11-26,Local_VSCode,IR2NoD_Config_21_R4,Indirect Reciprocity Mode 2 (Assessment w/ No Donor Var),2,1,10,0,10,10,1,0.5,0.0,0.0,10,100,0.5,0.5,0.2,3,1,genHalfAndHalf,1,3,17,20045,Config_21,4,"mul(DonorAction, DonorAction)",DonorAction**2,Image Scoring (binary),1.5,0.7,0.0,0.6,4.5,
2026-05-02_11-26,Local_VSCode,IR2NoD_Config_21_R5,Indirect Reciprocity Mode 2 (Assessment w/ No Donor Var),2,1,10,0,10,10,1,0.5,0.0,0.0,10,100,0.5,0.5,0.2,3,1,genHalfAndHalf,1,3,17,20046,Config_21,5,"mul(DonorAction, DonorAction)",DonorAction**2,Image Scoring (binary),1.17,0.57,0.0,0.4,4.42,
2026-05-02_11-26,Local_VSCode,IR2NoD_Config_22_R1,Indirect Reciprocity Mode 2 (Assessment w/ No Donor Var),2,1,10,0,10,10,1,0.5,0.0,0.0,10,100,0.5,0.5,0.2,3,1,genHalfAndHalf,1,10,17,21042,Config_22,1,"sub(RecipientStanding, -1)",RecipientStanding + 1,Unconditional Good,1.07,0.41,0.0,8.93,4.36,
2026-05-02_11-26,Local_VSCode,IR2NoD_Config_22_R2,Indirect Reciprocity Mode 2 (Assessment w/ No Donor Var),2,1,10,0,10,10,1,0.5,0.0,0.0,10,100,0.5,0.5,0.2,3,1,genHalfAndHalf,1,10,17,21043,Config_22,2,"sub(DonorAction, 0)",DonorAction,Image Scoring (binary),1.23,0.86,0.0,0.33,3.98,
2026-05-02_11-26,Local_VSCode,IR2NoD_Config_22_R3,Indirect Reciprocity Mode 2 (Assessment w/ No Donor Var),2,1,10,0,10,10,1,0.5,0.0,0.0,10,100,0.5,0.5,0.2,3,1,genHalfAndHalf,1,10,17,21044,Config_22,3,"add(0, DonorAction)",DonorAction,Image Scoring (binary),1.2,0.38,0.0,0.47,4.14,
2026-05-02_11-26,Local_VSCode,IR2NoD_Config_22_R4,Indirect Reciprocity Mode 2 (Assessment w/ No Donor Var),2,1,10,0,10,10,1,0.5,0.0,0.0,10,100,0.5,0.5,0.2,3,1,genHalfAndHalf,1,10,17,21045,Config_22,4,"add(DonorAction, sub(1, RecipientStanding))",DonorAction - RecipientStanding + 1,Simple Standing,3.43,1.65,0.0,3.53,4.6,
2026-05-02_11-26,Local_VSCode,IR2NoD_Config_22_R5,Indirect Reciprocity Mode 2 (Assessment w/ No Donor Var),2,1,10,0,10,10,1,0.5,0.0,0.0,10,100,0.5,0.5,0.2,3,1,genHalfAndHalf,1,10,17,21046,Config_22,5,"mul(RecipientStanding, 10)",10*RecipientStanding,"Novel Rule: (True, False, True, False)",1.2,0.7,0.0,8.8,4.32,
2026-05-02_11-26,Local_VSCode,IR2NoD_Config_23_R1,Indirect Reciprocity Mode 2 (Assessment w/ No Donor Var),2,1,10,0,10,100,1,0.5,0.0,0.0,10,100,0.5,0.5,0.2,3,1,genHalfAndHalf,1,3,17,22042,Config_23,1,"mul(DonorAction, DonorAction)",DonorAction**2,Image Scoring (binary),1.2,0.71,0.0,0.2,46.9,
2026-05-02_11-26,Local_VSCode,IR2NoD_Config_23_R2,Indirect Reciprocity Mode 2 (Assessment w/ No Donor Var),2,1,10,0,10,100,1,0.5,0.0,0.0,10,100,0.5,0.5,0.2,3,1,genHalfAndHalf,1,3,17,22043,Config_23,2,"add(sub(1, RecipientStanding), DonorAction)",DonorAction - RecipientStanding + 1,Simple Standing,32.33,15.94,0.0,31.93,47.44,
2026-05-02_11-26,Local_VSCode,IR2NoD_Config_23_R3,Indirect Reciprocity Mode 2 (Assessment w/ No Donor Var),2,1,10,0,10,100,1,0.5,0.0,0.0,10,100,0.5,0.5,0.2,3,1,genHalfAndHalf,1,3,17,22044,Config_23,3,"add(sub(1, RecipientStanding), DonorAction)",DonorAction - RecipientStanding + 1,Simple Standing,33.2,15.35,0.0,32.93,47.5,
2026-05-02_11-27,Local_VSCode,IR2NoD_Config_23_R4,Indirect Reciprocity Mode 2 (Assessment w/ No Donor Var),2,1,10,0,10,100,1,0.5,0.0,0.0,10,100,0.5,0.5,0.2,3,1,genHalfAndHalf,1,3,17,22045,Config_23,4,"mul(DonorAction, DonorAction)",DonorAction**2,Image Scoring (binary),0.8,0.46,0.0,0.53,47.04,
2026-05-02_11-27,Local_VSCode,IR2NoD_Config_23_R5,Indirect Reciprocity Mode 2 (Assessment w/ No Donor Var),2,1,10,0,10,100,1,0.5,0.0,0.0,10,100,0.5,0.5,0.2,3,1,genHalfAndHalf,1,3,17,22046,Config_23,5,"mul(DonorAction, DonorAction)",DonorAction**2,Image Scoring (binary),1.03,0.61,0.0,0.07,47.42,
2026-05-02_11-27,Local_VSCode,IR2NoD_Config_24_R1,Indirect Reciprocity Mode 2 (Assessment w/ No Donor Var),2,1,10,0,10,100,1,0.5,0.0,0.0,10,100,0.5,0.5,0.2,3,1,genHalfAndHalf,1,10,17,23042,Config_24,1,"mul(add(mul(DonorAction, -1), add(RecipientStanding, -1)), sub(add(RecipientStanding, -1), add(mul(DonorAction, DonorAction), 10)))",(DonorAction - RecipientStanding + 1)*(DonorAction**2 - RecipientStanding + 11),Simple Standing,32.73,27.63,0.0,32.67,46.56,
2026-05-02_11-27,Local_VSCode,IR2NoD_Config_24_R2,Indirect Reciprocity Mode 2 (Assessment w/ No Donor Var),2,1,10,0,10,100,1,0.5,0.0,0.0,10,100,0.5,0.5,0.2,3,1,genHalfAndHalf,1,10,17,23043,Config_24,2,"mul(DonorAction, DonorAction)",DonorAction**2,Image Scoring (binary),1.13,0.74,0.0,0.13,47.44,
2026-05-02_11-28,Local_VSCode,IR2NoD_Config_24_R3,Indirect Reciprocity Mode 2 (Assessment w/ No Donor Var),2,1,10,0,10,100,1,0.5,0.0,0.0,10,100,0.5,0.5,0.2,3,1,genHalfAndHalf,1,10,17,23044,Config_24,3,"mul(DonorAction, DonorAction)",DonorAction**2,Image Scoring (binary),1.23,0.66,0.0,0.33,47.16,
2026-05-02_11-28,Local_VSCode,IR2NoD_Config_24_R4,Indirect Reciprocity Mode 2 (Assessment w/ No Donor Var),2,1,10,0,10,100,1,0.5,0.0,0.0,10,100,0.5,0.5,0.2,3,1,genHalfAndHalf,1,10,17,23045,Config_24,4,"add(sub(DonorAction, sub(RecipientStanding, DonorAction)), add(mul(-1, -1), add(DonorAction, DonorAction)))",4*DonorAction - RecipientStanding + 1,Simple Standing,32.53,19.01,0.0,32.67,48.6,
2026-05-02_11-28,Local_VSCode,IR2NoD_Config_24_R5,Indirect Reciprocity Mode 2 (Assessment w/ No Donor Var),2,1,10,0,10,100,1,0.5,0.0,0.0,10,100,0.5,0.5,0.2,3,1,genHalfAndHalf,1,10,17,23046,Config_24,5,"sub(DonorAction, add(-1, RecipientStanding))",DonorAction - RecipientStanding + 1,Simple Standing,32.03,15.77,0.0,32.0,48.44,
2026-05-02_11-28,Local_VSCode,IR2NoD_Config_25_R1,Indirect Reciprocity Mode 2 (Assessment w/ No Donor Var),2,1,10,10,0,10,1,0.5,0.0,0.0,10,100,0.5,0.5,0.2,3,1,genHalfAndHalf,1,3,17,24042,Config_25,1,"sub(RecipientStanding, DonorAction)",-DonorAction + RecipientStanding,"Novel Rule: (False, False, True, False)",11.93,10.98,-1.33,0.0,10.68,
2026-05-02_11-28,Local_VSCode,IR2NoD_Config_25_R2,Indirect Reciprocity Mode 2 (Assessment w/ No Donor Var),2,1,10,10,0,10,1,0.5,0.0,0.0,10,100,0.5,0.5,0.2,3,1,genHalfAndHalf,1,3,17,24043,Config_25,2,"mul(DonorAction, DonorAction)",DonorAction**2,Image Scoring (binary),12.2,10.3,7.8,0.0,9.32,
2026-05-02_11-28,Local_VSCode,IR2NoD_Config_25_R3,Indirect Reciprocity Mode 2 (Assessment w/ No Donor Var),2,1,10,10,0,10,1,0.5,0.0,0.0,10,100,0.5,0.5,0.2,3,1,genHalfAndHalf,1,3,17,24044,Config_25,3,"add(10, mul(DonorAction, -10))",10 - 10*DonorAction,"Novel Rule: (False, False, True, True)",13.8,12.49,-0.13,0.0,10.92,
2026-05-02_11-28,Local_VSCode,IR2NoD_Config_25_R4,Indirect Reciprocity Mode 2 (Assessment w/ No Donor Var),2,1,10,10,0,10,1,0.5,0.0,0.0,10,100,0.5,0.5,0.2,3,1,genHalfAndHalf,1,3,17,24045,Config_25,4,"mul(RecipientStanding, RecipientStanding)",RecipientStanding**2,"Novel Rule: (True, False, True, False)",11.73,10.33,8.27,0.0,9.68,
2026-05-02_11-28,Local_VSCode,IR2NoD_Config_25_R5,Indirect Reciprocity Mode 2 (Assessment w/ No Donor Var),2,1,10,10,0,10,1,0.5,0.0,0.0,10,100,0.5,0.5,0.2,3,1,genHalfAndHalf,1,3,17,24046,Config_25,5,"sub(RecipientStanding, RecipientStanding)",0,Unconditional Bad,11.47,10.88,-0.93,0.0,9.88,
2026-05-02_11-28,Local_VSCode,IR2NoD_Config_26_R1,Indirect Reciprocity Mode 2 (Assessment w/ No Donor Var),2,1,10,10,0,10,1,0.5,0.0,0.0,10,100,0.5,0.5,0.2,3,1,genHalfAndHalf,1,10,17,25042,Config_26,1,"sub(DonorAction, DonorAction)",0,Unconditional Bad,11.77,10.79,-1.33,0.0,10.72,
2026-05-02_11-28,Local_VSCode,IR2NoD_Config_26_R2,Indirect Reciprocity Mode 2 (Assessment w/ No Donor Var),2,1,10,10,0,10,1,0.5,0.0,0.0,10,100,0.5,0.5,0.2,3,1,genHalfAndHalf,1,10,17,25043,Config_26,2,"sub(0, 0)",0,Unconditional Bad,12.1,10.45,-1.53,0.0,10.16,
2026-05-02_11-28,Local_VSCode,IR2NoD_Config_26_R3,Indirect Reciprocity Mode 2 (Assessment w/ No Donor Var),2,1,10,10,0,10,1,0.5,0.0,0.0,10,100,0.5,0.5,0.2,3,1,genHalfAndHalf,1,10,17,25044,Config_26,3,"sub(1, DonorAction)",1 - DonorAction,"Novel Rule: (False, False, True, True)",14.5,11.86,-1.0,0.0,10.44,
2026-05-02_11-29,Local_VSCode,IR2NoD_Config_26_R4,Indirect Reciprocity Mode 2 (Assessment w/ No Donor Var),2,1,10,10,0,10,1,0.5,0.0,0.0,10,100,0.5,0.5,0.2,3,1,genHalfAndHalf,1,10,17,25045,Config_26,4,"add(1, mul(DonorAction, -1))",1 - DonorAction,"Novel Rule: (False, False, True, True)",15.17,11.32,-1.73,0.0,9.72,
2026-05-02_11-29,Local_VSCode,IR2NoD_Config_26_R5,Indirect Reciprocity Mode 2 (Assessment w/ No Donor Var),2,1,10,10,0,10,1,0.5,0.0,0.0,10,100,0.5,0.5,0.2,3,1,genHalfAndHalf,1,10,17,25046,Config_26,5,"sub(1, DonorAction)",1 - DonorAction,"Novel Rule: (False, False, True, True)",14.23,13.1,-0.6,0.0,10.92,
2026-05-02_11-29,Local_VSCode,IR2NoD_Config_27_R1,Indirect Reciprocity Mode 2 (Assessment w/ No Donor Var),2,1,10,10,0,100,1,0.5,0.0,0.0,10,100,0.5,0.5,0.2,3,1,genHalfAndHalf,1,3,17,26042,Config_27,1,"sub(1, DonorAction)",1 - DonorAction,"Novel Rule: (False, False, True, True)",143.0,123.95,-9.47,0.0,99.84,
2026-05-02_11-29,Local_VSCode,IR2NoD_Config_27_R2,Indirect Reciprocity Mode 2 (Assessment w/ No Donor Var),2,1,10,10,0,100,1,0.5,0.0,0.0,10,100,0.5,0.5,0.2,3,1,genHalfAndHalf,1,3,17,26043,Config_27,2,"sub(sub(sub(DonorAction, -1), add(RecipientStanding, DonorAction)), DonorAction)",-DonorAction - RecipientStanding + 1,"Novel Rule: (False, False, False, True)",141.63,110.94,-8.87,0.0,100.36,
2026-05-02_11-29,Local_VSCode,IR2NoD_Config_27_R3,Indirect Reciprocity Mode 2 (Assessment w/ No Donor Var),2,1,10,10,0,100,1,0.5,0.0,0.0,10,100,0.5,0.5,0.2,3,1,genHalfAndHalf,1,3,17,26044,Config_27,3,"add(mul(DonorAction, -1), 1)",1 - DonorAction,"Novel Rule: (False, False, True, True)",138.9,130.88,-6.73,0.0,101.92,
2026-05-02_11-30,Local_VSCode,IR2NoD_Config_27_R4,Indirect Reciprocity Mode 2 (Assessment w/ No Donor Var),2,1,10,10,0,100,1,0.5,0.0,0.0,10,100,0.5,0.5,0.2,3,1,genHalfAndHalf,1,3,17,26045,Config_27,4,"mul(DonorAction, sub(DonorAction, DonorAction))",0,Unconditional Bad,109.3,103.14,-8.93,0.0,96.4,
2026-05-02_11-30,Local_VSCode,IR2NoD_Config_27_R5,Indirect Reciprocity Mode 2 (Assessment w/ No Donor Var),2,1,10,10,0,100,1,0.5,0.0,0.0,10,100,0.5,0.5,0.2,3,1,genHalfAndHalf,1,3,17,26046,Config_27,5,"sub(RecipientStanding, sub(add(mul(DonorAction, DonorAction), sub(-1, 1)), sub(sub(-1, DonorAction), mul(RecipientStanding, 1))))",-DonorAction**2 - DonorAction + 1,"Novel Rule: (False, False, True, True)",142.03,126.95,-8.2,0.0,101.68,
2026-05-02_11-30,Local_VSCode,IR2NoD_Config_28_R1,Indirect Reciprocity Mode 2 (Assessment w/ No Donor Var),2,1,10,10,0,100,1,0.5,0.0,0.0,10,100,0.5,0.5,0.2,3,1,genHalfAndHalf,1,10,17,27042,Config_28,1,"sub(mul(add(DonorAction, -1), add(add(-10, 0), sub(-10, 0))), mul(DonorAction, sub(1, DonorAction)))",DonorAction**2 - 21*DonorAction + 20,"Novel Rule: (False, False, True, True)",141.73,135.34,-8.47,0.0,93.96,
2026-05-02_11-30,Local_VSCode,IR2NoD_Config_28_R2,Indirect Reciprocity Mode 2 (Assessment w/ No Donor Var),2,1,10,10,0,100,1,0.5,0.0,0.0,10,100,0.5,0.5,0.2,3,1,genHalfAndHalf,1,10,17,27043,Config_28,2,"sub(1, DonorAction)",1 - DonorAction,"Novel Rule: (False, False, True, True)",140.77,133.9,-7.87,0.0,104.28,
2026-05-02_11-30,Local_VSCode,IR2NoD_Config_28_R3,Indirect Reciprocity Mode 2 (Assessment w/ No Donor Var),2,1,10,10,0,100,1,0.5,0.0,0.0,10,100,0.5,0.5,0.2,3,1,genHalfAndHalf,1,10,17,27044,Config_28,3,"mul(DonorAction, sub(DonorAction, DonorAction))",0,Unconditional Bad,109.2,105.59,-8.67,0.0,96.32,
2026-05-02_11-31,Local_VSCode,IR2NoD_Config_28_R4,Indirect Reciprocity Mode 2 (Assessment w/ No Donor Var),2,1,10,10,0,100,1,0.5,0.0,0.0,10,100,0.5,0.5,0.2,3,1,genHalfAndHalf,1,10,17,27045,Config_28,4,"mul(add(DonorAction, RecipientStanding), sub(RecipientStanding, RecipientStanding))",0,Unconditional Bad,110.87,106.38,-10.4,0.0,101.52,
2026-05-02_11-31,Local_VSCode,IR2NoD_Config_28_R5,Indirect Reciprocity Mode 2 (Assessment w/ No Donor Var),2,1,10,10,0,100,1,0.5,0.0,0.0,10,100,0.5,0.5,0.2,3,1,genHalfAndHalf,1,10,17,27046,Config_28,5,"sub(1, DonorAction)",1 - DonorAction,"Novel Rule: (False, False, True, True)",140.2,125.67,-6.53,0.0,101.04,
2026-05-02_11-31,Local_VSCode,IR2NoD_Config_29_R1,Indirect Reciprocity Mode 2 (Assessment w/ No Donor Var),2,1,10,10,10,10,1,0.5,0.0,0.0,10,100,0.5,0.5,0.2,3,1,genHalfAndHalf,1,3,17,28042,Config_29,1,"mul(-10, RecipientStanding)",-10*RecipientStanding,Unconditional Bad,7.67,5.83,-4.07,6.8,6.98,
2026-05-02_11-32,Local_VSCode,IR2NoD_Config_29_R2,Indirect Reciprocity Mode 2 (Assessment w/ No Donor Var),2,1,10,10,10,10,1,0.5,0.0,0.0,10,100,0.5,0.5,0.2,3,1,genHalfAndHalf,1,3,17,28043,Config_29,2,"add(0, 0)",0,Unconditional Bad,8.17,6.6,-3.27,5.6,6.14,
2026-05-02_11-32,Local_VSCode,IR2NoD_Config_29_R3,Indirect Reciprocity Mode 2 (Assessment w/ No Donor Var),2,1,10,10,10,10,1,0.5,0.0,0.0,10,100,0.5,0.5,0.2,3,1,genHalfAndHalf,1,3,17,28044,Config_29,3,"sub(1, 1)",0,Unconditional Bad,8.03,7.23,-3.0,5.6,7.02,
2026-05-02_11-32,Local_VSCode,IR2NoD_Config_29_R4,Indirect Reciprocity Mode 2 (Assessment w/ No Donor Var),2,1,10,10,10,10,1,0.5,0.0,0.0,10,100,0.5,0.5,0.2,3,1,genHalfAndHalf,1,3,17,28045,Config_29,4,"sub(RecipientStanding, RecipientStanding)",0,Unconditional Bad,8.13,6.77,-3.47,5.73,5.06,
2026-05-02_11-32,Local_VSCode,IR2NoD_Config_29_R5,Indirect Reciprocity Mode 2 (Assessment w/ No Donor Var),2,1,10,10,10,10,1,0.5,0.0,0.0,10,100,0.5,0.5,0.2,3,1,genHalfAndHalf,1,3,17,28046,Config_29,5,"sub(10, 10)",0,Unconditional Bad,7.67,6.95,-2.87,5.73,5.68,
2026-05-02_11-32,Local_VSCode,IR2NoD_Config_30_R1,Indirect Reciprocity Mode 2 (Assessment w/ No Donor Var),2,1,10,10,10,10,1,0.5,0.0,0.0,10,100,0.5,0.5,0.2,3,1,genHalfAndHalf,1,10,17,29042,Config_30,1,"sub(-10, -10)",0,Unconditional Bad,8.5,7.21,-4.13,6.13,6.8,
2026-05-02_11-32,Local_VSCode,IR2NoD_Config_30_R2,Indirect Reciprocity Mode 2 (Assessment w/ No Donor Var),2,1,10,10,10,10,1,0.5,0.0,0.0,10,100,0.5,0.5,0.2,3,1,genHalfAndHalf,1,10,17,29043,Config_30,2,"mul(RecipientStanding, DonorAction)",DonorAction*RecipientStanding,Shunning,7.87,6.5,-3.6,7.33,6.24,
2026-05-02_11-32,Local_VSCode,IR2NoD_Config_30_R3,Indirect Reciprocity Mode 2 (Assessment w/ No Donor Var),2,1,10,10,10,10,1,0.5,0.0,0.0,10,100,0.5,0.5,0.2,3,1,genHalfAndHalf,1,10,17,29044,Config_30,3,"mul(RecipientStanding, 0)",0,Unconditional Bad,7.97,7.2,-3.27,5.8,5.74,
2026-05-02_11-32,Local_VSCode,IR2NoD_Config_30_R4,Indirect Reciprocity Mode 2 (Assessment w/ No Donor Var),2,1,10,10,10,10,1,0.5,0.0,0.0,10,100,0.5,0.5,0.2,3,1,genHalfAndHalf,1,10,17,29045,Config_30,4,"sub(RecipientStanding, RecipientStanding)",0,Unconditional Bad,8.23,6.8,-4.47,6.67,6.84,
2026-05-02_11-32,Local_VSCode,IR2NoD_Config_30_R5,Indirect Reciprocity Mode 2 (Assessment w/ No Donor Var),2,1,10,10,10,10,1,0.5,0.0,0.0,10,100,0.5,0.5,0.2,3,1,genHalfAndHalf,1,10,17,29046,Config_30,5,"sub(-1, -1)",0,Unconditional Bad,8.17,7.19,-2.87,5.4,6.46,
2026-05-02_11-33,Local_VSCode,IR2NoD_Config_31_R1,Indirect Reciprocity Mode 2 (Assessment w/ No Donor Var),2,1,10,10,10,100,1,0.5,0.0,0.0,10,100,0.5,0.5,0.2,3,1,genHalfAndHalf,1,3,17,30042,Config_31,1,"mul(DonorAction, RecipientStanding)",DonorAction*RecipientStanding,Shunning,73.63,65.74,-39.4,67.47,63.8,
2026-05-02_12-25,Local_VSCode,IR2NoD_Config_31_R2,Indirect Reciprocity Mode 2 (Assessment w/ No Donor Var),2,1,10,10,10,100,1,0.5,0.0,0.0,10,100,0.5,0.5,0.2,3,1,genHalfAndHalf,1,3,17,30043,Config_31,2,"add(0, mul(0, DonorAction))",0,Unconditional Bad,72.9,67.11,-39.67,67.33,64.32,
2026-05-02_12-25,Local_VSCode,IR2NoD_Config_31_R3,Indirect Reciprocity Mode 2 (Assessment w/ No Donor Var),2,1,10,10,10,100,1,0.5,0.0,0.0,10,100,0.5,0.5,0.2,3,1,genHalfAndHalf,1,3,17,30044,Config_31,3,"sub(1, 10)",-9,Unconditional Bad,72.33,61.31,-38.13,66.27,65.14,
2026-05-02_12-26,Local_VSCode,IR2NoD_Config_31_R4,Indirect Reciprocity Mode 2 (Assessment w/ No Donor Var),2,1,10,10,10,100,1,0.5,0.0,0.0,10,100,0.5,0.5,0.2,3,1,genHalfAndHalf,1,3,17,30045,Config_31,4,"sub(DonorAction, DonorAction)",0,Unconditional Bad,72.37,59.7,-38.47,66.6,66.78,
2026-05-02_12-26,Local_VSCode,IR2NoD_Config_31_R5,Indirect Reciprocity Mode 2 (Assessment w/ No Donor Var),2,1,10,10,10,100,1,0.5,0.0,0.0,10,100,0.5,0.5,0.2,3,1,genHalfAndHalf,1,3,17,30046,Config_31,5,"mul(mul(DonorAction, RecipientStanding), -10)",-10*DonorAction*RecipientStanding,Unconditional Bad,74.97,64.6,-41.8,67.27,64.88,
2026-05-02_12-26,Local_VSCode,IR2NoD_Config_32_R1,Indirect Reciprocity Mode 2 (Assessment w/ No Donor Var),2,1,10,10,10,100,1,0.5,0.0,0.0,10,100,0.5,0.5,0.2,3,1,genHalfAndHalf,1,10,17,31042,Config_32,1,"mul(sub(DonorAction, 10), DonorAction)",DonorAction*(DonorAction - 10),Unconditional Bad,73.8,65.56,-39.53,66.27,64.56,
2026-05-02_12-27,Local_VSCode,IR2NoD_Config_32_R2,Indirect Reciprocity Mode 2 (Assessment w/ No Donor Var),2,1,10,10,10,100,1,0.5,0.0,0.0,10,100,0.5,0.5,0.2,3,1,genHalfAndHalf,1,10,17,31043,Config_32,2,"sub(DonorAction, DonorAction)",0,Unconditional Bad,72.33,55.25,-41.47,69.67,67.88,
2026-05-02_12-28,Local_VSCode,IR2NoD_Config_32_R3,Indirect Reciprocity Mode 2 (Assessment w/ No Donor Var),2,1,10,10,10,100,1,0.5,0.0,0.0,10,100,0.5,0.5,0.2,3,1,genHalfAndHalf,1,10,17,31044,Config_32,3,"add(0, 0)",0,Unconditional Bad,73.7,70.71,-40.2,67.0,64.88,
2026-05-02_12-28,Local_VSCode,IR2NoD_Config_32_R4,Indirect Reciprocity Mode 2 (Assessment w/ No Donor Var),2,1,10,10,10,100,1,0.5,0.0,0.0,10,100,0.5,0.5,0.2,3,1,genHalfAndHalf,1,10,17,31045,Config_32,4,"add(0, 0)",0,Unconditional Bad,72.23,65.65,-40.8,69.07,64.76,
2026-05-02_12-29,Local_VSCode,IR2NoD_Config_32_R5,Indirect Reciprocity Mode 2 (Assessment w/ No Donor Var),2,1,10,10,10,100,1,0.5,0.0,0.0,10,100,0.5,0.5,0.2,3,1,genHalfAndHalf,1,10,17,31046,Config_32,5,"mul(RecipientStanding, sub(1, RecipientStanding))",RecipientStanding*(1 - RecipientStanding),Unconditional Bad,72.57,55.44,-38.27,66.27,65.54,
2026-05-02_12-29,Local_VSCode,IR2NoD_Config_33_R1,Indirect Reciprocity Mode 2 (Assessment w/ No Donor Var),2,1,10,0,0,10,1,0.5,0.0,0.0,100,100,0.1,0.5,0.2,3,1,genHalfAndHalf,1,3,17,32042,Config_33,1,"add(DonorAction, DonorAction)",2*DonorAction,Image Scoring (binary),10.0,9.34,0.0,0.0,10.0,
2026-05-02_12-30,Local_VSCode,IR2NoD_Config_33_R2,Indirect Reciprocity Mode 2 (Assessment w/ No Donor Var),2,1,10,0,0,10,1,0.5,0.0,0.0,100,100,0.1,0.5,0.2,3,1,genHalfAndHalf,1,3,17,32043,Config_33,2,"mul(RecipientStanding, RecipientStanding)",RecipientStanding**2,"Novel Rule: (True, False, True, False)",10.0,9.09,0.0,0.0,10.0,
2026-05-02_12-30,Local_VSCode,IR2NoD_Config_33_R3,Indirect Reciprocity Mode 2 (Assessment w/ No Donor Var),2,1,10,0,0,10,1,0.5,0.0,0.0,100,100,0.1,0.5,0.2,3,1,genHalfAndHalf,1,3,17,32044,Config_33,3,"mul(RecipientStanding, 10)",10*RecipientStanding,"Novel Rule: (True, False, True, False)",10.0,9.34,0.0,0.0,10.0,
2026-05-02_12-30,Local_VSCode,IR2NoD_Config_33_R4,Indirect Reciprocity Mode 2 (Assessment w/ No Donor Var),2,1,10,0,0,10,1,0.5,0.0,0.0,100,100,0.1,0.5,0.2,3,1,genHalfAndHalf,1,3,17,32045,Config_33,4,"add(RecipientStanding, RecipientStanding)",2*RecipientStanding,"Novel Rule: (True, False, True, False)",10.0,9.14,0.0,0.0,10.0,
2026-05-02_12-31,Local_VSCode,IR2NoD_Config_33_R5,Indirect Reciprocity Mode 2 (Assessment w/ No Donor Var),2,1,10,0,0,10,1,0.5,0.0,0.0,100,100,0.1,0.5,0.2,3,1,genHalfAndHalf,1,3,17,32046,Config_33,5,"add(DonorAction, RecipientStanding)",DonorAction + RecipientStanding,"Novel Rule: (True, True, True, False)",10.0,9.34,0.0,0.0,10.0,
2026-05-02_12-31,Local_VSCode,IR2NoD_Config_34_R1,Indirect Reciprocity Mode 2 (Assessment w/ No Donor Var),2,1,10,0,0,10,1,0.5,0.0,0.0,100,100,0.1,0.5,0.2,3,1,genHalfAndHalf,1,10,17,33042,Config_34,1,"add(RecipientStanding, 0)",RecipientStanding,"Novel Rule: (True, False, True, False)",10.0,9.24,0.0,0.0,10.0,
2026-05-02_12-31,Local_VSCode,IR2NoD_Config_34_R2,Indirect Reciprocity Mode 2 (Assessment w/ No Donor Var),2,1,10,0,0,10,1,0.5,0.0,0.0,100,100,0.1,0.5,0.2,3,1,genHalfAndHalf,1,10,17,33043,Config_34,2,"mul(DonorAction, DonorAction)",DonorAction**2,Image Scoring (binary),10.0,8.95,0.0,0.0,10.0,
2026-05-02_12-32,Local_VSCode,IR2NoD_Config_34_R3,Indirect Reciprocity Mode 2 (Assessment w/ No Donor Var),2,1,10,0,0,10,1,0.5,0.0,0.0,100,100,0.1,0.5,0.2,3,1,genHalfAndHalf,1,10,17,33044,Config_34,3,"add(10, 1)",11,Unconditional Good,10.0,9.34,0.0,0.0,10.0,
2026-05-02_12-32,Local_VSCode,IR2NoD_Config_34_R4,Indirect Reciprocity Mode 2 (Assessment w/ No Donor Var),2,1,10,0,0,10,1,0.5,0.0,0.0,100,100,0.1,0.5,0.2,3,1,genHalfAndHalf,1,10,17,33045,Config_34,4,"mul(DonorAction, DonorAction)",DonorAction**2,Image Scoring (binary),10.0,9.34,0.0,0.0,10.0,
2026-05-02_12-33,Local_VSCode,IR2NoD_Config_34_R5,Indirect Reciprocity Mode 2 (Assessment w/ No Donor Var),2,1,10,0,0,10,1,0.5,0.0,0.0,100,100,0.1,0.5,0.2,3,1,genHalfAndHalf,1,10,17,33046,Config_34,5,"mul(RecipientStanding, 10)",10*RecipientStanding,"Novel Rule: (True, False, True, False)",10.0,8.67,0.0,0.0,10.0,
2026-05-02_12-35,Local_VSCode,IR2NoD_Config_35_R1,Indirect Reciprocity Mode 2 (Assessment w/ No Donor Var),2,1,10,0,0,100,1,0.5,0.0,0.0,100,100,0.1,0.5,0.2,3,1,genHalfAndHalf,1,3,17,34042,Config_35,1,"mul(10, DonorAction)",10*DonorAction,Image Scoring (binary),100.0,92.04,0.0,0.0,100.0,
2026-05-02_12-37,Local_VSCode,IR2NoD_Config_35_R2,Indirect Reciprocity Mode 2 (Assessment w/ No Donor Var),2,1,10,0,0,100,1,0.5,0.0,0.0,100,100,0.1,0.5,0.2,3,1,genHalfAndHalf,1,3,17,34043,Config_35,2,"add(DonorAction, 0)",DonorAction,Image Scoring (binary),100.0,92.54,0.0,0.0,100.0,
2026-05-02_12-39,Local_VSCode,IR2NoD_Config_35_R3,Indirect Reciprocity Mode 2 (Assessment w/ No Donor Var),2,1,10,0,0,100,1,0.5,0.0,0.0,100,100,0.1,0.5,0.2,3,1,genHalfAndHalf,1,3,17,34044,Config_35,3,"add(DonorAction, RecipientStanding)",DonorAction + RecipientStanding,"Novel Rule: (True, True, True, False)",100.0,95.53,0.0,0.0,100.0,
2026-05-02_12-41,Local_VSCode,IR2NoD_Config_35_R4,Indirect Reciprocity Mode 2 (Assessment w/ No Donor Var),2,1,10,0,0,100,1,0.5,0.0,0.0,100,100,0.1,0.5,0.2,3,1,genHalfAndHalf,1,3,17,34045,Config_35,4,"add(RecipientStanding, RecipientStanding)",2*RecipientStanding,"Novel Rule: (True, False, True, False)",100.0,97.02,0.0,0.0,100.0,
2026-05-02_12-43,Local_VSCode,IR2NoD_Config_35_R5,Indirect Reciprocity Mode 2 (Assessment w/ No Donor Var),2,1,10,0,0,100,1,0.5,0.0,0.0,100,100,0.1,0.5,0.2,3,1,genHalfAndHalf,1,3,17,34046,Config_35,5,"sub(10, RecipientStanding)",10 - RecipientStanding,Unconditional Good,100.0,96.02,0.0,0.0,100.0,
2026-05-02_12-45,Local_VSCode,IR2NoD_Config_36_R1,Indirect Reciprocity Mode 2 (Assessment w/ No Donor Var),2,1,10,0,0,100,1,0.5,0.0,0.0,100,100,0.1,0.5,0.2,3,1,genHalfAndHalf,1,10,17,35042,Config_36,1,"add(RecipientStanding, RecipientStanding)",2*RecipientStanding,"Novel Rule: (True, False, True, False)",100.0,92.04,0.0,0.0,100.0,
2026-05-02_12-47,Local_VSCode,IR2NoD_Config_36_R2,Indirect Reciprocity Mode 2 (Assessment w/ No Donor Var),2,1,10,0,0,100,1,0.5,0.0,0.0,100,100,0.1,0.5,0.2,3,1,genHalfAndHalf,1,10,17,35043,Config_36,2,"sub(10, DonorAction)",10 - DonorAction,Unconditional Good,100.0,91.55,0.0,0.0,100.0,
2026-05-02_12-49,Local_VSCode,IR2NoD_Config_36_R3,Indirect Reciprocity Mode 2 (Assessment w/ No Donor Var),2,1,10,0,0,100,1,0.5,0.0,0.0,100,100,0.1,0.5,0.2,3,1,genHalfAndHalf,1,10,17,35044,Config_36,3,"add(-1, 10)",9,Unconditional Good,100.0,86.55,0.0,0.0,100.0,
2026-05-02_12-51,Local_VSCode,IR2NoD_Config_36_R4,Indirect Reciprocity Mode 2 (Assessment w/ No Donor Var),2,1,10,0,0,100,1,0.5,0.0,0.0,100,100,0.1,0.5,0.2,3,1,genHalfAndHalf,1,10,17,35045,Config_36,4,"mul(RecipientStanding, DonorAction)",DonorAction*RecipientStanding,Shunning,100.0,90.05,0.0,0.0,100.0,
2026-05-02_12-53,Local_VSCode,IR2NoD_Config_36_R5,Indirect Reciprocity Mode 2 (Assessment w/ No Donor Var),2,1,10,0,0,100,1,0.5,0.0,0.0,100,100,0.1,0.5,0.2,3,1,genHalfAndHalf,1,10,17,35046,Config_36,5,"mul(DonorAction, RecipientStanding)",DonorAction*RecipientStanding,Shunning,100.0,90.05,0.0,0.0,100.0,
2026-05-02_12-53,Local_VSCode,IR2NoD_Config_37_R1,Indirect Reciprocity Mode 2 (Assessment w/ No Donor Var),2,1,10,0,10,10,1,0.5,0.0,0.0,100,100,0.1,0.5,0.2,3,1,genHalfAndHalf,1,3,17,36042,Config_37,1,"sub(sub(DonorAction, add(-10, -1)), sub(RecipientStanding, -10))",DonorAction - RecipientStanding + 1,Simple Standing,4.0,1.11,0.0,3.0,4.56,
2026-05-02_12-54,Local_VSCode,IR2NoD_Config_37_R2,Indirect Reciprocity Mode 2 (Assessment w/ No Donor Var),2,1,10,0,10,10,1,0.5,0.0,0.0,100,100,0.1,0.5,0.2,3,1,genHalfAndHalf,1,3,17,36043,Config_37,2,"sub(add(1, DonorAction), RecipientStanding)",DonorAction - RecipientStanding + 1,Simple Standing,4.03,1.49,0.0,2.73,4.5,
2026-05-02_12-54,Local_VSCode,IR2NoD_Config_37_R3,Indirect Reciprocity Mode 2 (Assessment w/ No Donor Var),2,1,10,0,10,10,1,0.5,0.0,0.0,100,100,0.1,0.5,0.2,3,1,genHalfAndHalf,1,3,17,36044,Config_37,3,"sub(add(1, DonorAction), RecipientStanding)",DonorAction - RecipientStanding + 1,Simple Standing,3.93,1.35,0.0,3.0,4.5,
2026-05-02_12-55,Local_VSCode,IR2NoD_Config_37_R4,Indirect Reciprocity Mode 2 (Assessment w/ No Donor Var),2,1,10,0,10,10,1,0.5,0.0,0.0,100,100,0.1,0.5,0.2,3,1,genHalfAndHalf,1,3,17,36045,Config_37,4,"sub(1, sub(sub(RecipientStanding, DonorAction), DonorAction))",2*DonorAction - RecipientStanding + 1,Simple Standing,4.4,0.88,0.0,2.6,4.4,
2026-05-02_12-56,Local_VSCode,IR2NoD_Config_37_R5,Indirect Reciprocity Mode 2 (Assessment w/ No Donor Var),2,1,10,0,10,10,1,0.5,0.0,0.0,100,100,0.1,0.5,0.2,3,1,genHalfAndHalf,1,3,17,36046,Config_37,5,"sub(add(DonorAction, 1), RecipientStanding)",DonorAction - RecipientStanding + 1,Simple Standing,4.27,1.57,0.0,3.2,4.14,
2026-05-02_12-56,Local_VSCode,IR2NoD_Config_38_R1,Indirect Reciprocity Mode 2 (Assessment w/ No Donor Var),2,1,10,0,10,10,1,0.5,0.0,0.0,100,100,0.1,0.5,0.2,3,1,genHalfAndHalf,1,10,17,37042,Config_38,1,"sub(sub(DonorAction, RecipientStanding), -1)",DonorAction - RecipientStanding + 1,Simple Standing,4.13,1.08,0.0,2.93,4.36,
2026-05-02_12-57,Local_VSCode,IR2NoD_Config_38_R2,Indirect Reciprocity Mode 2 (Assessment w/ No Donor Var),2,1,10,0,10,10,1,0.5,0.0,0.0,100,100,0.1,0.5,0.2,3,1,genHalfAndHalf,1,10,17,37043,Config_38,2,"sub(1, sub(RecipientStanding, DonorAction))",DonorAction - RecipientStanding + 1,Simple Standing,4.37,1.52,0.0,2.2,4.14,
2026-05-02_12-57,Local_VSCode,IR2NoD_Config_38_R3,Indirect Reciprocity Mode 2 (Assessment w/ No Donor Var),2,1,10,0,10,10,1,0.5,0.0,0.0,100,100,0.1,0.5,0.2,3,1,genHalfAndHalf,1,10,17,37044,Config_38,3,"add(mul(add(RecipientStanding, -1), sub(sub(-1, DonorAction), DonorAction)), DonorAction)",DonorAction - (2*DonorAction + 1)*(RecipientStanding - 1),Simple Standing,4.27,2.09,0.0,2.73,4.26,
2026-05-02_12-58,Local_VSCode,IR2NoD_Config_38_R4,Indirect Reciprocity Mode 2 (Assessment w/ No Donor Var),2,1,10,0,10,10,1,0.5,0.0,0.0,100,100,0.1,0.5,0.2,3,1,genHalfAndHalf,1,10,17,37045,Config_38,4,"add(sub(1, RecipientStanding), DonorAction)",DonorAction - RecipientStanding + 1,Simple Standing,3.97,1.61,0.0,3.33,4.4,
2026-05-02_12-58,Local_VSCode,IR2NoD_Config_38_R5,Indirect Reciprocity Mode 2 (Assessment w/ No Donor Var),2,1,10,0,10,10,1,0.5,0.0,0.0,100,100,0.1,0.5,0.2,3,1,genHalfAndHalf,1,10,17,37046,Config_38,5,"add(sub(DonorAction, add(-1, RecipientStanding)), sub(DonorAction, add(-1, RecipientStanding)))",2*DonorAction - 2*RecipientStanding + 2,Simple Standing,4.63,2.22,0.0,1.73,4.4,
2026-05-02_13-02,Local_VSCode,IR2NoD_Config_39_R1,Indirect Reciprocity Mode 2 (Assessment w/ No Donor Var),2,1,10,0,10,100,1,0.5,0.0,0.0,100,100,0.1,0.5,0.2,3,1,genHalfAndHalf,1,3,17,38042,Config_39,1,"sub(0, sub(add(-1, 0), sub(add(DonorAction, DonorAction), RecipientStanding)))",2*DonorAction - RecipientStanding + 1,Simple Standing,34.77,14.2,0.0,30.67,45.68,
2026-05-02_13-06,Local_VSCode,IR2NoD_Config_39_R2,Indirect Reciprocity Mode 2 (Assessment w/ No Donor Var),2,1,10,0,10,100,1,0.5,0.0,0.0,100,100,0.1,0.5,0.2,3,1,genHalfAndHalf,1,3,17,38043,Config_39,2,"add(sub(DonorAction, RecipientStanding), sub(mul(mul(mul(mul(add(DonorAction, DonorAction), add(10, RecipientStanding)), RecipientStanding), 0), 1), -1))",DonorAction - RecipientStanding + 1,Simple Standing,35.8,23.64,0.0,29.33,46.22,
2026-05-02_13-09,Local_VSCode,IR2NoD_Config_39_R3,Indirect Reciprocity Mode 2 (Assessment w/ No Donor Var),2,1,10,0,10,100,1,0.5,0.0,0.0,100,100,0.1,0.5,0.2,3,1,genHalfAndHalf,1,3,17,38044,Config_39,3,"add(sub(1, DonorAction), add(DonorAction, sub(DonorAction, RecipientStanding)))",DonorAction - RecipientStanding + 1,Simple Standing,34.43,12.79,0.0,32.67,46.44,
2026-05-02_13-12,Local_VSCode,IR2NoD_Config_39_R4,Indirect Reciprocity Mode 2 (Assessment w/ No Donor Var),2,1,10,0,10,100,1,0.5,0.0,0.0,100,100,0.1,0.5,0.2,3,1,genHalfAndHalf,1,3,17,38045,Config_39,4,"sub(DonorAction, sub(RecipientStanding, 1))",DonorAction - RecipientStanding + 1,Simple Standing,34.1,15.87,0.0,29.93,47.42,
2026-05-02_13-15,Local_VSCode,IR2NoD_Config_39_R5,Indirect Reciprocity Mode 2 (Assessment w/ No Donor Var),2,1,10,0,10,100,1,0.5,0.0,0.0,100,100,0.1,0.5,0.2,3,1,genHalfAndHalf,1,3,17,38046,Config_39,5,"sub(DonorAction, add(-1, RecipientStanding))",DonorAction - RecipientStanding + 1,Simple Standing,35.33,13.89,0.0,30.27,47.4,
2026-05-02_13-18,Local_VSCode,IR2NoD_Config_40_R1,Indirect Reciprocity Mode 2 (Assessment w/ No Donor Var),2,1,10,0,10,100,1,0.5,0.0,0.0,100,100,0.1,0.5,0.2,3,1,genHalfAndHalf,1,10,17,39042,Config_40,1,"add(1, sub(DonorAction, RecipientStanding))",DonorAction - RecipientStanding + 1,Simple Standing,34.97,13.9,0.0,29.6,47.24,
2026-05-02_13-22,Local_VSCode,IR2NoD_Config_40_R2,Indirect Reciprocity Mode 2 (Assessment w/ No Donor Var),2,1,10,0,10,100,1,0.5,0.0,0.0,100,100,0.1,0.5,0.2,3,1,genHalfAndHalf,1,10,17,39043,Config_40,2,"add(add(DonorAction, add(mul(add(1, RecipientStanding), sub(DonorAction, RecipientStanding)), add(add(10, 1), mul(DonorAction, DonorAction)))), add(RecipientStanding, -10))",DonorAction**2 + DonorAction + RecipientStanding + (DonorAction - RecipientStanding)*(RecipientStanding + 1) + 1,Simple Standing,34.83,16.2,0.0,31.0,46.7,
2026-05-02_13-26,Local_VSCode,IR2NoD_Config_40_R3,Indirect Reciprocity Mode 2 (Assessment w/ No Donor Var),2,1,10,0,10,100,1,0.5,0.0,0.0,100,100,0.1,0.5,0.2,3,1,genHalfAndHalf,1,10,17,39044,Config_40,3,"sub(sub(DonorAction, -1), RecipientStanding)",DonorAction - RecipientStanding + 1,Simple Standing,33.87,10.72,0.0,30.27,46.34,
2026-05-02_13-29,Local_VSCode,IR2NoD_Config_40_R4,Indirect Reciprocity Mode 2 (Assessment w/ No Donor Var),2,1,10,0,10,100,1,0.5,0.0,0.0,100,100,0.1,0.5,0.2,3,1,genHalfAndHalf,1,10,17,39045,Config_40,4,"add(sub(DonorAction, RecipientStanding), 1)",DonorAction - RecipientStanding + 1,Simple Standing,34.87,13.79,0.0,30.07,46.18,
2026-05-02_13-33,Local_VSCode,IR2NoD_Config_40_R5,Indirect Reciprocity Mode 2 (Assessment w/ No Donor Var),2,1,10,0,10,100,1,0.5,0.0,0.0,100,100,0.1,0.5,0.2,3,1,genHalfAndHalf,1,10,17,39046,Config_40,5,"add(sub(DonorAction, RecipientStanding), add(sub(DonorAction, RecipientStanding), 1))",2*DonorAction - 2*RecipientStanding + 1,Simple Standing,35.17,18.88,0.0,29.13,46.56,
2026-05-02_13-33,Local_VSCode,IR2NoD_Config_41_R1,Indirect Reciprocity Mode 2 (Assessment w/ No Donor Var),2,1,10,10,0,10,1,0.5,0.0,0.0,100,100,0.1,0.5,0.2,3,1,genHalfAndHalf,1,3,17,40042,Config_41,1,"sub(sub(sub(0, DonorAction), DonorAction), -1)",1 - 2*DonorAction,"Novel Rule: (False, False, True, True)",15.43,12.61,-1.73,0.0,11.16,
2026-05-02_13-34,Local_VSCode,IR2NoD_Config_41_R2,Indirect Reciprocity Mode 2 (Assessment w/ No Donor Var),2,1,10,10,0,10,1,0.5,0.0,0.0,100,100,0.1,0.5,0.2,3,1,genHalfAndHalf,1,3,17,40043,Config_41,2,"sub(1, DonorAction)",1 - DonorAction,"Novel Rule: (False, False, True, True)",15.53,12.57,-2.13,0.0,10.8,
2026-05-02_13-34,Local_VSCode,IR2NoD_Config_41_R3,Indirect Reciprocity Mode 2 (Assessment w/ No Donor Var),2,1,10,10,0,10,1,0.5,0.0,0.0,100,100,0.1,0.5,0.2,3,1,genHalfAndHalf,1,3,17,40044,Config_41,3,"mul(-1, add(DonorAction, -1))",1 - DonorAction,"Novel Rule: (False, False, True, True)",15.2,12.59,-1.67,0.0,9.2,
2026-05-02_13-35,Local_VSCode,IR2NoD_Config_41_R4,Indirect Reciprocity Mode 2 (Assessment w/ No Donor Var),2,1,10,10,0,10,1,0.5,0.0,0.0,100,100,0.1,0.5,0.2,3,1,genHalfAndHalf,1,3,17,40045,Config_41,4,"sub(1, DonorAction)",1 - DonorAction,"Novel Rule: (False, False, True, True)",15.23,12.95,-1.73,0.0,9.68,
2026-05-02_13-35,Local_VSCode,IR2NoD_Config_41_R5,Indirect Reciprocity Mode 2 (Assessment w/ No Donor Var),2,1,10,10,0,10,1,0.5,0.0,0.0,100,100,0.1,0.5,0.2,3,1,genHalfAndHalf,1,3,17,40046,Config_41,5,"sub(1, DonorAction)",1 - DonorAction,"Novel Rule: (False, False, True, True)",14.93,12.29,-1.33,0.0,9.72,
2026-05-02_13-36,Local_VSCode,IR2NoD_Config_42_R1,Indirect Reciprocity Mode 2 (Assessment w/ No Donor Var),2,1,10,10,0,10,1,0.5,0.0,0.0,100,100,0.1,0.5,0.2,3,1,genHalfAndHalf,1,10,17,41042,Config_42,1,"sub(1, DonorAction)",1 - DonorAction,"Novel Rule: (False, False, True, True)",15.77,12.36,-2.07,0.0,10.2,
2026-05-02_13-36,Local_VSCode,IR2NoD_Config_42_R2,Indirect Reciprocity Mode 2 (Assessment w/ No Donor Var),2,1,10,10,0,10,1,0.5,0.0,0.0,100,100,0.1,0.5,0.2,3,1,genHalfAndHalf,1,10,17,41043,Config_42,2,"sub(1, DonorAction)",1 - DonorAction,"Novel Rule: (False, False, True, True)",15.1,12.29,-1.53,0.0,10.52,
2026-05-02_13-37,Local_VSCode,IR2NoD_Config_42_R3,Indirect Reciprocity Mode 2 (Assessment w/ No Donor Var),2,1,10,10,0,10,1,0.5,0.0,0.0,100,100,0.1,0.5,0.2,3,1,genHalfAndHalf,1,10,17,41044,Config_42,3,"add(10, mul(mul(-10, 10), DonorAction))",10 - 100*DonorAction,"Novel Rule: (False, False, True, True)",15.7,12.5,-2.27,0.0,10.0,
2026-05-02_13-38,Local_VSCode,IR2NoD_Config_42_R4,Indirect Reciprocity Mode 2 (Assessment w/ No Donor Var),2,1,10,10,0,10,1,0.5,0.0,0.0,100,100,0.1,0.5,0.2,3,1,genHalfAndHalf,1,10,17,41045,Config_42,4,"sub(1, DonorAction)",1 - DonorAction,"Novel Rule: (False, False, True, True)",15.3,12.08,-1.87,0.0,9.16,
2026-05-02_13-38,Local_VSCode,IR2NoD_Config_42_R5,Indirect Reciprocity Mode 2 (Assessment w/ No Donor Var),2,1,10,10,0,10,1,0.5,0.0,0.0,100,100,0.1,0.5,0.2,3,1,genHalfAndHalf,1,10,17,41046,Config_42,5,"mul(add(-1, DonorAction), add(-1, -1))",2 - 2*DonorAction,"Novel Rule: (False, False, True, True)",15.67,12.4,-2.0,0.0,11.0,
2026-05-02_13-42,Local_VSCode,IR2NoD_Config_43_R1,Indirect Reciprocity Mode 2 (Assessment w/ No Donor Var),2,1,10,10,0,100,1,0.5,0.0,0.0,100,100,0.1,0.5,0.2,3,1,genHalfAndHalf,1,3,17,42042,Config_43,1,"sub(add(0, 1), mul(mul(1, 10), add(DonorAction, 0)))",1 - 10*DonorAction,"Novel Rule: (False, False, True, True)",143.53,127.28,-10.47,0.0,99.68,
2026-05-02_13-45,Local_VSCode,IR2NoD_Config_43_R2,Indirect Reciprocity Mode 2 (Assessment w/ No Donor Var),2,1,10,10,0,100,1,0.5,0.0,0.0,100,100,0.1,0.5,0.2,3,1,genHalfAndHalf,1,3,17,42043,Config_43,2,"add(1, mul(add(mul(mul(RecipientStanding, RecipientStanding), sub(DonorAction, DonorAction)), 1), add(mul(DonorAction, sub(DonorAction, 10)), mul(mul(RecipientStanding, sub(DonorAction, 10)), sub(DonorAction, RecipientStanding)))))",DonorAction*(DonorAction - 10) + RecipientStanding*(DonorAction - 10)*(DonorAction - RecipientStanding) + 1,"Novel Rule: (False, False, True, True)",144.67,130.56,-11.47,0.0,102.28,
2026-05-02_13-49,Local_VSCode,IR2NoD_Config_43_R3,Indirect Reciprocity Mode 2 (Assessment w/ No Donor Var),2,1,10,10,0,100,1,0.5,0.0,0.0,100,100,0.1,0.5,0.2,3,1,genHalfAndHalf,1,3,17,42044,Config_43,3,"sub(1, DonorAction)",1 - DonorAction,"Novel Rule: (False, False, True, True)",142.77,124.59,-9.67,0.0,101.32,
2026-05-02_13-52,Local_VSCode,IR2NoD_Config_43_R4,Indirect Reciprocity Mode 2 (Assessment w/ No Donor Var),2,1,10,10,0,100,1,0.5,0.0,0.0,100,100,0.1,0.5,0.2,3,1,genHalfAndHalf,1,3,17,42045,Config_43,4,"sub(add(mul(RecipientStanding, DonorAction), add(1, DonorAction)), add(add(DonorAction, DonorAction), RecipientStanding))",DonorAction*RecipientStanding - DonorAction - RecipientStanding + 1,"Novel Rule: (False, False, False, True)",143.27,124.87,-11.4,0.0,95.92,
2026-05-02_13-56,Local_VSCode,IR2NoD_Config_43_R5,Indirect Reciprocity Mode 2 (Assessment w/ No Donor Var),2,1,10,10,0,100,1,0.5,0.0,0.0,100,100,0.1,0.5,0.2,3,1,genHalfAndHalf,1,3,17,42046,Config_43,5,"sub(1, DonorAction)",1 - DonorAction,"Novel Rule: (False, False, True, True)",143.97,125.26,-10.53,0.0,100.08,
2026-05-02_14-00,Local_VSCode,IR2NoD_Config_44_R1,Indirect Reciprocity Mode 2 (Assessment w/ No Donor Var),2,1,10,10,0,100,1,0.5,0.0,0.0,100,100,0.1,0.5,0.2,3,1,genHalfAndHalf,1,10,17,43042,Config_44,1,"mul(sub(-10, RecipientStanding), add(add(add(RecipientStanding, DonorAction), add(add(RecipientStanding, DonorAction), sub(mul(sub(DonorAction, 1), 1), 1))), sub(DonorAction, 1)))",-(RecipientStanding + 10)*(4*DonorAction + 2*RecipientStanding - 3),"Novel Rule: (False, False, True, True)",143.8,130.83,-10.4,0.0,103.44,
2026-05-02_14-03,Local_VSCode,IR2NoD_Config_44_R2,Indirect Reciprocity Mode 2 (Assessment w/ No Donor Var),2,1,10,10,0,100,1,0.5,0.0,0.0,100,100,0.1,0.5,0.2,3,1,genHalfAndHalf,1,10,17,43043,Config_44,2,"sub(1, add(sub(RecipientStanding, RecipientStanding), DonorAction))",1 - DonorAction,"Novel Rule: (False, False, True, True)",144.1,125.79,-10.6,0.0,99.28,
2026-05-02_14-07,Local_VSCode,IR2NoD_Config_44_R3,Indirect Reciprocity Mode 2 (Assessment w/ No Donor Var),2,1,10,10,0,100,1,0.5,0.0,0.0,100,100,0.1,0.5,0.2,3,1,genHalfAndHalf,1,10,17,43044,Config_44,3,"sub(add(1, DonorAction), add(DonorAction, DonorAction))",1 - DonorAction,"Novel Rule: (False, False, True, True)",143.47,126.43,-10.73,0.0,101.36,
2026-05-02_14-10,Local_VSCode,IR2NoD_Config_44_R4,Indirect Reciprocity Mode 2 (Assessment w/ No Donor Var),2,1,10,10,0,100,1,0.5,0.0,0.0,100,100,0.1,0.5,0.2,3,1,genHalfAndHalf,1,10,17,43045,Config_44,4,"sub(1, add(DonorAction, add(DonorAction, mul(add(DonorAction, DonorAction), DonorAction))))",-2*DonorAction**2 - 2*DonorAction + 1,"Novel Rule: (False, False, True, True)",143.97,131.02,-11.53,0.0,101.28,
2026-05-02_14-14,Local_VSCode,IR2NoD_Config_44_R5,Indirect Reciprocity Mode 2 (Assessment w/ No Donor Var),2,1,10,10,0,100,1,0.5,0.0,0.0,100,100,0.1,0.5,0.2,3,1,genHalfAndHalf,1,10,17,43046,Config_44,5,"sub(1, add(RecipientStanding, DonorAction))",-DonorAction - RecipientStanding + 1,"Novel Rule: (False, False, False, True)",144.63,124.88,-11.8,0.0,101.16,
2026-05-02_14-14,Local_VSCode,IR2NoD_Config_45_R1,Indirect Reciprocity Mode 2 (Assessment w/ No Donor Var),2,1,10,10,10,10,1,0.5,0.0,0.0,100,100,0.1,0.5,0.2,3,1,genHalfAndHalf,1,3,17,44042,Config_45,1,"add(-10, -10)",-20,Unconditional Bad,8.7,6.77,-3.93,5.73,6.86,
2026-05-02_14-15,Local_VSCode,IR2NoD_Config_45_R2,Indirect Reciprocity Mode 2 (Assessment w/ No Donor Var),2,1,10,10,10,10,1,0.5,0.0,0.0,100,100,0.1,0.5,0.2,3,1,genHalfAndHalf,1,3,17,44043,Config_45,2,"sub(-10, DonorAction)",-DonorAction - 10,Unconditional Bad,8.77,6.94,-5.0,6.67,5.92,
2026-05-02_14-16,Local_VSCode,IR2NoD_Config_45_R3,Indirect Reciprocity Mode 2 (Assessment w/ No Donor Var),2,1,10,10,10,10,1,0.5,0.0,0.0,100,100,0.1,0.5,0.2,3,1,genHalfAndHalf,1,3,17,44044,Config_45,3,"mul(0, 1)",0,Unconditional Bad,8.73,6.74,-4.6,6.27,6.96,
2026-05-02_14-17,Local_VSCode,IR2NoD_Config_45_R4,Indirect Reciprocity Mode 2 (Assessment w/ No Donor Var),2,1,10,10,10,10,1,0.5,0.0,0.0,100,100,0.1,0.5,0.2,3,1,genHalfAndHalf,1,3,17,44045,Config_45,4,"sub(DonorAction, DonorAction)",0,Unconditional Bad,8.6,6.82,-3.87,5.8,6.0,
2026-05-02_14-17,Local_VSCode,IR2NoD_Config_45_R5,Indirect Reciprocity Mode 2 (Assessment w/ No Donor Var),2,1,10,10,10,10,1,0.5,0.0,0.0,100,100,0.1,0.5,0.2,3,1,genHalfAndHalf,1,3,17,44046,Config_45,5,"mul(0, 0)",0,Unconditional Bad,8.9,7.02,-5.07,6.6,6.32,
2026-05-02_14-18,Local_VSCode,IR2NoD_Config_46_R1,Indirect Reciprocity Mode 2 (Assessment w/ No Donor Var),2,1,10,10,10,10,1,0.5,0.0,0.0,100,100,0.1,0.5,0.2,3,1,genHalfAndHalf,1,10,17,45042,Config_46,1,"sub(0, DonorAction)",-DonorAction,Unconditional Bad,8.87,7.13,-4.67,6.2,5.7,
2026-05-02_14-19,Local_VSCode,IR2NoD_Config_46_R2,Indirect Reciprocity Mode 2 (Assessment w/ No Donor Var),2,1,10,10,10,10,1,0.5,0.0,0.0,100,100,0.1,0.5,0.2,3,1,genHalfAndHalf,1,10,17,45043,Config_46,2,"sub(1, 1)",0,Unconditional Bad,8.43,6.72,-5.0,7.2,5.72,
2026-05-02_14-20,Local_VSCode,IR2NoD_Config_46_R3,Indirect Reciprocity Mode 2 (Assessment w/ No Donor Var),2,1,10,10,10,10,1,0.5,0.0,0.0,100,100,0.1,0.5,0.2,3,1,genHalfAndHalf,1,10,17,45044,Config_46,3,"mul(DonorAction, RecipientStanding)",DonorAction*RecipientStanding,Shunning,8.67,6.72,-3.33,6.47,6.52,
2026-05-02_14-20,Local_VSCode,IR2NoD_Config_46_R4,Indirect Reciprocity Mode 2 (Assessment w/ No Donor Var),2,1,10,10,10,10,1,0.5,0.0,0.0,100,100,0.1,0.5,0.2,3,1,genHalfAndHalf,1,10,17,45045,Config_46,4,"sub(-10, -10)",0,Unconditional Bad,8.67,6.84,-4.07,5.93,5.84,
2026-05-02_14-21,Local_VSCode,IR2NoD_Config_46_R5,Indirect Reciprocity Mode 2 (Assessment w/ No Donor Var),2,1,10,10,10,10,1,0.5,0.0,0.0,100,100,0.1,0.5,0.2,3,1,genHalfAndHalf,1,10,17,45046,Config_46,5,"mul(RecipientStanding, 0)",0,Unconditional Bad,8.7,6.78,-4.47,6.27,5.84,
2026-05-02_14-26,Local_VSCode,IR2NoD_Config_47_R1,Indirect Reciprocity Mode 2 (Assessment w/ No Donor Var),2,1,10,10,10,100,1,0.5,0.0,0.0,100,100,0.1,0.5,0.2,3,1,genHalfAndHalf,1,3,17,46042,Config_47,1,"mul(sub(RecipientStanding, DonorAction), add(DonorAction, DonorAction))",2*DonorAction*(-DonorAction + RecipientStanding),Unconditional Bad,75.33,65.99,-41.0,66.13,65.64,
2026-05-02_14-31,Local_VSCode,IR2NoD_Config_47_R2,Indirect Reciprocity Mode 2 (Assessment w/ No Donor Var),2,1,10,10,10,100,1,0.5,0.0,0.0,100,100,0.1,0.5,0.2,3,1,genHalfAndHalf,1,3,17,46043,Config_47,2,"sub(-1, RecipientStanding)",-RecipientStanding - 1,Unconditional Bad,74.8,66.6,-40.33,66.07,64.42,
2026-05-02_14-37,Local_VSCode,IR2NoD_Config_47_R3,Indirect Reciprocity Mode 2 (Assessment w/ No Donor Var),2,1,10,10,10,100,1,0.5,0.0,0.0,100,100,0.1,0.5,0.2,3,1,genHalfAndHalf,1,3,17,46044,Config_47,3,"sub(-1, RecipientStanding)",-RecipientStanding - 1,Unconditional Bad,76.2,65.76,-38.93,63.07,63.24,
2026-05-02_14-52,Local_VSCode,IR2NoD_Config_47_R4,Indirect Reciprocity Mode 2 (Assessment w/ No Donor Var),2,1,10,10,10,100,1,0.5,0.0,0.0,100,100,0.1,0.5,0.2,3,1,genHalfAndHalf,1,3,17,46045,Config_47,4,"add(-1, 1)",0,Unconditional Bad,74.67,65.13,-40.07,66.0,66.0,
2026-05-02_14-57,Local_VSCode,IR2NoD_Config_47_R5,Indirect Reciprocity Mode 2 (Assessment w/ No Donor Var),2,1,10,10,10,100,1,0.5,0.0,0.0,100,100,0.1,0.5,0.2,3,1,genHalfAndHalf,1,3,17,46046,Config_47,5,"mul(-10, RecipientStanding)",-10*RecipientStanding,Unconditional Bad,74.87,58.69,-38.73,64.33,64.6,
2026-05-02_15-03,Local_VSCode,IR2NoD_Config_48_R1,Indirect Reciprocity Mode 2 (Assessment w/ No Donor Var),2,1,10,10,10,100,1,0.5,0.0,0.0,100,100,0.1,0.5,0.2,3,1,genHalfAndHalf,1,10,17,47042,Config_48,1,"sub(1, 1)",0,Unconditional Bad,74.7,65.48,-42.07,67.87,67.8,
2026-05-02_15-09,Local_VSCode,IR2NoD_Config_48_R2,Indirect Reciprocity Mode 2 (Assessment w/ No Donor Var),2,1,10,10,10,100,1,0.5,0.0,0.0,100,100,0.1,0.5,0.2,3,1,genHalfAndHalf,1,10,17,47043,Config_48,2,"mul(add(DonorAction, -10), sub(DonorAction, 0))",DonorAction*(DonorAction - 10),Unconditional Bad,74.73,66.48,-39.13,64.73,65.8,
2026-05-02_15-15,Local_VSCode,IR2NoD_Config_48_R3,Indirect Reciprocity Mode 2 (Assessment w/ No Donor Var),2,1,10,10,10,100,1,0.5,0.0,0.0,100,100,0.1,0.5,0.2,3,1,genHalfAndHalf,1,10,17,47044,Config_48,3,"mul(mul(sub(-10, DonorAction), RecipientStanding), DonorAction)",-DonorAction*RecipientStanding*(DonorAction + 10),Unconditional Bad,75.47,67.71,-41.73,66.8,64.94,
2026-05-02_15-21,Local_VSCode,IR2NoD_Config_48_R4,Indirect Reciprocity Mode 2 (Assessment w/ No Donor Var),2,1,10,10,10,100,1,0.5,0.0,0.0,100,100,0.1,0.5,0.2,3,1,genHalfAndHalf,1,10,17,47045,Config_48,4,"mul(RecipientStanding, DonorAction)",DonorAction*RecipientStanding,Shunning,75.37,64.54,-41.6,67.73,62.8,
2026-05-02_15-27,Local_VSCode,IR2NoD_Config_48_R5,Indirect Reciprocity Mode 2 (Assessment w/ No Donor Var),2,1,10,10,10,100,1,0.5,0.0,0.0,100,100,0.1,0.5,0.2,3,1,genHalfAndHalf,1,10,17,47046,Config_48,5,"sub(sub(0, RecipientStanding), add(add(RecipientStanding, RecipientStanding), DonorAction))",-DonorAction - 3*RecipientStanding,Unconditional Bad,75.03,67.69,-40.47,65.93,63.48,
2026-05-02_15-27,Local_VSCode,IR2NoD_Config_49_R1,Indirect Reciprocity Mode 2 (Assessment w/ No Donor Var),2,1,10,0,0,10,1,0.5,0.0,0.0,100,100,0.5,0.5,0.2,3,1,genHalfAndHalf,1,3,17,48042,Config_49,1,"mul(RecipientStanding, 1)",RecipientStanding,"Novel Rule: (True, False, True, False)",10.0,9.0,0.0,0.0,10.0,
2026-05-02_15-28,Local_VSCode,IR2NoD_Config_49_R2,Indirect Reciprocity Mode 2 (Assessment w/ No Donor Var),2,1,10,0,0,10,1,0.5,0.0,0.0,100,100,0.5,0.5,0.2,3,1,genHalfAndHalf,1,3,17,48043,Config_49,2,"mul(RecipientStanding, DonorAction)",DonorAction*RecipientStanding,Shunning,10.0,9.28,0.0,0.0,10.0,
2026-05-02_15-28,Local_VSCode,IR2NoD_Config_49_R3,Indirect Reciprocity Mode 2 (Assessment w/ No Donor Var),2,1,10,0,0,10,1,0.5,0.0,0.0,100,100,0.5,0.5,0.2,3,1,genHalfAndHalf,1,3,17,48044,Config_49,3,"add(0, DonorAction)",DonorAction,Image Scoring (binary),10.0,9.57,0.0,0.0,10.0,
2026-05-02_15-28,Local_VSCode,IR2NoD_Config_49_R4,Indirect Reciprocity Mode 2 (Assessment w/ No Donor Var),2,1,10,0,0,10,1,0.5,0.0,0.0,100,100,0.5,0.5,0.2,3,1,genHalfAndHalf,1,3,17,48045,Config_49,4,"mul(RecipientStanding, RecipientStanding)",RecipientStanding**2,"Novel Rule: (True, False, True, False)",10.0,9.24,0.0,0.0,10.0,
2026-05-02_15-29,Local_VSCode,IR2NoD_Config_49_R5,Indirect Reciprocity Mode 2 (Assessment w/ No Donor Var),2,1,10,0,0,10,1,0.5,0.0,0.0,100,100,0.5,0.5,0.2,3,1,genHalfAndHalf,1,3,17,48046,Config_49,5,"add(RecipientStanding, DonorAction)",DonorAction + RecipientStanding,"Novel Rule: (True, True, True, False)",10.0,9.14,0.0,0.0,10.0,
2026-05-02_15-29,Local_VSCode,IR2NoD_Config_50_R1,Indirect Reciprocity Mode 2 (Assessment w/ No Donor Var),2,1,10,0,0,10,1,0.5,0.0,0.0,100,100,0.5,0.5,0.2,3,1,genHalfAndHalf,1,10,17,49042,Config_50,1,"mul(DonorAction, 10)",10*DonorAction,Image Scoring (binary),10.0,9.05,0.0,0.0,10.0,
2026-05-02_15-30,Local_VSCode,IR2NoD_Config_50_R2,Indirect Reciprocity Mode 2 (Assessment w/ No Donor Var),2,1,10,0,0,10,1,0.5,0.0,0.0,100,100,0.5,0.5,0.2,3,1,genHalfAndHalf,1,10,17,49043,Config_50,2,"mul(RecipientStanding, RecipientStanding)",RecipientStanding**2,"Novel Rule: (True, False, True, False)",10.0,8.95,0.0,0.0,10.0,
2026-05-02_15-30,Local_VSCode,IR2NoD_Config_50_R3,Indirect Reciprocity Mode 2 (Assessment w/ No Donor Var),2,1,10,0,0,10,1,0.5,0.0,0.0,100,100,0.5,0.5,0.2,3,1,genHalfAndHalf,1,10,17,49044,Config_50,3,"mul(DonorAction, DonorAction)",DonorAction**2,Image Scoring (binary),10.0,8.62,0.0,0.0,10.0,
2026-05-02_15-30,Local_VSCode,IR2NoD_Config_50_R4,Indirect Reciprocity Mode 2 (Assessment w/ No Donor Var),2,1,10,0,0,10,1,0.5,0.0,0.0,100,100,0.5,0.5,0.2,3,1,genHalfAndHalf,1,10,17,49045,Config_50,4,"add(DonorAction, RecipientStanding)",DonorAction + RecipientStanding,"Novel Rule: (True, True, True, False)",10.0,9.53,0.0,0.0,10.0,
2026-05-02_15-31,Local_VSCode,IR2NoD_Config_50_R5,Indirect Reciprocity Mode 2 (Assessment w/ No Donor Var),2,1,10,0,0,10,1,0.5,0.0,0.0,100,100,0.5,0.5,0.2,3,1,genHalfAndHalf,1,10,17,49046,Config_50,5,"add(DonorAction, DonorAction)",2*DonorAction,Image Scoring (binary),10.0,9.52,0.0,0.0,10.0,
2026-05-02_15-33,Local_VSCode,IR2NoD_Config_51_R1,Indirect Reciprocity Mode 2 (Assessment w/ No Donor Var),2,1,10,0,0,100,1,0.5,0.0,0.0,100,100,0.5,0.5,0.2,3,1,genHalfAndHalf,1,3,17,50042,Config_51,1,"mul(DonorAction, 10)",10*DonorAction,Image Scoring (binary),100.0,92.04,0.0,0.0,100.0,
2026-05-02_15-35,Local_VSCode,IR2NoD_Config_51_R2,Indirect Reciprocity Mode 2 (Assessment w/ No Donor Var),2,1,10,0,0,100,1,0.5,0.0,0.0,100,100,0.5,0.5,0.2,3,1,genHalfAndHalf,1,3,17,50043,Config_51,2,"add(0, RecipientStanding)",RecipientStanding,"Novel Rule: (True, False, True, False)",100.0,87.55,0.0,0.0,100.0,
2026-05-02_15-37,Local_VSCode,IR2NoD_Config_51_R3,Indirect Reciprocity Mode 2 (Assessment w/ No Donor Var),2,1,10,0,0,100,1,0.5,0.0,0.0,100,100,0.5,0.5,0.2,3,1,genHalfAndHalf,1,3,17,50044,Config_51,3,"add(RecipientStanding, 1)",RecipientStanding + 1,Unconditional Good,100.0,93.54,0.0,0.0,100.0,
2026-05-02_15-39,Local_VSCode,IR2NoD_Config_51_R4,Indirect Reciprocity Mode 2 (Assessment w/ No Donor Var),2,1,10,0,0,100,1,0.5,0.0,0.0,100,100,0.5,0.5,0.2,3,1,genHalfAndHalf,1,3,17,50045,Config_51,4,"add(1, RecipientStanding)",RecipientStanding + 1,Unconditional Good,100.0,92.54,0.0,0.0,100.0,
2026-05-02_15-41,Local_VSCode,IR2NoD_Config_51_R5,Indirect Reciprocity Mode 2 (Assessment w/ No Donor Var),2,1,10,0,0,100,1,0.5,0.0,0.0,100,100,0.5,0.5,0.2,3,1,genHalfAndHalf,1,3,17,50046,Config_51,5,"mul(1, RecipientStanding)",RecipientStanding,"Novel Rule: (True, False, True, False)",100.0,89.05,0.0,0.0,100.0,
2026-05-02_15-42,Local_VSCode,IR2NoD_Config_52_R1,Indirect Reciprocity Mode 2 (Assessment w/ No Donor Var),2,1,10,0,0,100,1,0.5,0.0,0.0,100,100,0.5,0.5,0.2,3,1,genHalfAndHalf,1,10,17,51042,Config_52,1,"mul(RecipientStanding, RecipientStanding)",RecipientStanding**2,"Novel Rule: (True, False, True, False)",100.0,94.03,0.0,0.0,100.0,
2026-05-02_15-44,Local_VSCode,IR2NoD_Config_52_R2,Indirect Reciprocity Mode 2 (Assessment w/ No Donor Var),2,1,10,0,0,100,1,0.5,0.0,0.0,100,100,0.5,0.5,0.2,3,1,genHalfAndHalf,1,10,17,51043,Config_52,2,"mul(RecipientStanding, RecipientStanding)",RecipientStanding**2,"Novel Rule: (True, False, True, False)",100.0,91.04,0.0,0.0,100.0,
2026-05-02_15-46,Local_VSCode,IR2NoD_Config_52_R3,Indirect Reciprocity Mode 2 (Assessment w/ No Donor Var),2,1,10,0,0,100,1,0.5,0.0,0.0,100,100,0.5,0.5,0.2,3,1,genHalfAndHalf,1,10,17,51044,Config_52,3,"mul(DonorAction, 1)",DonorAction,Image Scoring (binary),100.0,92.54,0.0,0.0,100.0,
2026-05-02_15-48,Local_VSCode,IR2NoD_Config_52_R4,Indirect Reciprocity Mode 2 (Assessment w/ No Donor Var),2,1,10,0,0,100,1,0.5,0.0,0.0,100,100,0.5,0.5,0.2,3,1,genHalfAndHalf,1,10,17,51045,Config_52,4,"add(DonorAction, RecipientStanding)",DonorAction + RecipientStanding,"Novel Rule: (True, True, True, False)",100.0,94.53,0.0,0.0,100.0,
2026-05-02_15-50,Local_VSCode,IR2NoD_Config_52_R5,Indirect Reciprocity Mode 2 (Assessment w/ No Donor Var),2,1,10,0,0,100,1,0.5,0.0,0.0,100,100,0.5,0.5,0.2,3,1,genHalfAndHalf,1,10,17,51046,Config_52,5,"sub(RecipientStanding, 0)",RecipientStanding,"Novel Rule: (True, False, True, False)",100.0,87.06,0.0,0.0,100.0,
2026-05-02_15-50,Local_VSCode,IR2NoD_Config_53_R1,Indirect Reciprocity Mode 2 (Assessment w/ No Donor Var),2,1,10,0,10,10,1,0.5,0.0,0.0,100,100,0.5,0.5,0.2,3,1,genHalfAndHalf,1,3,17,52042,Config_53,1,"add(DonorAction, sub(1, RecipientStanding))",DonorAction - RecipientStanding + 1,Simple Standing,4.13,1.12,0.0,2.67,4.32,
2026-05-02_15-51,Local_VSCode,IR2NoD_Config_53_R2,Indirect Reciprocity Mode 2 (Assessment w/ No Donor Var),2,1,10,0,10,10,1,0.5,0.0,0.0,100,100,0.5,0.5,0.2,3,1,genHalfAndHalf,1,3,17,52043,Config_53,2,"sub(add(DonorAction, 1), RecipientStanding)",DonorAction - RecipientStanding + 1,Simple Standing,4.23,1.57,0.0,2.67,4.34,
2026-05-02_15-52,Local_VSCode,IR2NoD_Config_53_R3,Indirect Reciprocity Mode 2 (Assessment w/ No Donor Var),2,1,10,0,10,10,1,0.5,0.0,0.0,100,100,0.5,0.5,0.2,3,1,genHalfAndHalf,1,3,17,52044,Config_53,3,"sub(1, sub(RecipientStanding, DonorAction))",DonorAction - RecipientStanding + 1,Simple Standing,4.47,1.02,0.0,2.4,4.0,
2026-05-02_15-52,Local_VSCode,IR2NoD_Config_53_R4,Indirect Reciprocity Mode 2 (Assessment w/ No Donor Var),2,1,10,0,10,10,1,0.5,0.0,0.0,100,100,0.5,0.5,0.2,3,1,genHalfAndHalf,1,3,17,52045,Config_53,4,"mul(DonorAction, DonorAction)",DonorAction**2,Image Scoring (binary),1.7,0.79,0.0,0.2,3.8,
2026-05-02_15-53,Local_VSCode,IR2NoD_Config_53_R5,Indirect Reciprocity Mode 2 (Assessment w/ No Donor Var),2,1,10,0,10,10,1,0.5,0.0,0.0,100,100,0.5,0.5,0.2,3,1,genHalfAndHalf,1,3,17,52046,Config_53,5,"mul(10, DonorAction)",10*DonorAction,Image Scoring (binary),1.47,0.6,0.0,0.4,4.56,
2026-05-02_15-53,Local_VSCode,IR2NoD_Config_54_R1,Indirect Reciprocity Mode 2 (Assessment w/ No Donor Var),2,1,10,0,10,10,1,0.5,0.0,0.0,100,100,0.5,0.5,0.2,3,1,genHalfAndHalf,1,10,17,53042,Config_54,1,"sub(add(DonorAction, 1), RecipientStanding)",DonorAction - RecipientStanding + 1,Simple Standing,3.93,1.09,0.0,2.93,4.34,
2026-05-02_15-54,Local_VSCode,IR2NoD_Config_54_R2,Indirect Reciprocity Mode 2 (Assessment w/ No Donor Var),2,1,10,0,10,10,1,0.5,0.0,0.0,100,100,0.5,0.5,0.2,3,1,genHalfAndHalf,1,10,17,53043,Config_54,2,"sub(sub(DonorAction, RecipientStanding), -1)",DonorAction - RecipientStanding + 1,Simple Standing,4.23,1.4,0.0,2.2,4.48,
2026-05-02_15-54,Local_VSCode,IR2NoD_Config_54_R3,Indirect Reciprocity Mode 2 (Assessment w/ No Donor Var),2,1,10,0,10,10,1,0.5,0.0,0.0,100,100,0.5,0.5,0.2,3,1,genHalfAndHalf,1,10,17,53044,Config_54,3,"add(sub(1, RecipientStanding), DonorAction)",DonorAction - RecipientStanding + 1,Simple Standing,4.03,1.37,0.0,2.87,4.22,
2026-05-02_15-55,Local_VSCode,IR2NoD_Config_54_R4,Indirect Reciprocity Mode 2 (Assessment w/ No Donor Var),2,1,10,0,10,10,1,0.5,0.0,0.0,100,100,0.5,0.5,0.2,3,1,genHalfAndHalf,1,10,17,53045,Config_54,4,"add(sub(1, RecipientStanding), DonorAction)",DonorAction - RecipientStanding + 1,Simple Standing,4.1,1.27,0.0,2.47,4.62,
2026-05-02_15-55,Local_VSCode,IR2NoD_Config_54_R5,Indirect Reciprocity Mode 2 (Assessment w/ No Donor Var),2,1,10,0,10,10,1,0.5,0.0,0.0,100,100,0.5,0.5,0.2,3,1,genHalfAndHalf,1,10,17,53046,Config_54,5,"mul(DonorAction, DonorAction)",DonorAction**2,Image Scoring (binary),1.7,0.75,0.0,0.4,4.46,
2026-05-02_15-59,Local_VSCode,IR2NoD_Config_55_R1,Indirect Reciprocity Mode 2 (Assessment w/ No Donor Var),2,1,10,0,10,100,1,0.5,0.0,0.0,100,100,0.5,0.5,0.2,3,1,genHalfAndHalf,1,3,17,54042,Config_55,1,"sub(DonorAction, add(-1, RecipientStanding))",DonorAction - RecipientStanding + 1,Simple Standing,33.97,12.86,0.0,30.8,47.02,
2026-05-02_16-02,Local_VSCode,IR2NoD_Config_55_R2,Indirect Reciprocity Mode 2 (Assessment w/ No Donor Var),2,1,10,0,10,100,1,0.5,0.0,0.0,100,100,0.5,0.5,0.2,3,1,genHalfAndHalf,1,3,17,54043,Config_55,2,"add(DonorAction, sub(mul(-10, RecipientStanding), -10))",DonorAction - 10*RecipientStanding + 10,Simple Standing,33.73,13.66,0.0,30.53,47.64,
2026-05-02_16-06,Local_VSCode,IR2NoD_Config_55_R3,Indirect Reciprocity Mode 2 (Assessment w/ No Donor Var),2,1,10,0,10,100,1,0.5,0.0,0.0,100,100,0.5,0.5,0.2,3,1,genHalfAndHalf,1,3,17,54044,Config_55,3,"add(DonorAction, sub(add(DonorAction, 1), RecipientStanding))",2*DonorAction - RecipientStanding + 1,Simple Standing,34.2,15.43,0.0,30.2,46.56,
2026-05-02_16-09,Local_VSCode,IR2NoD_Config_55_R4,Indirect Reciprocity Mode 2 (Assessment w/ No Donor Var),2,1,10,0,10,100,1,0.5,0.0,0.0,100,100,0.5,0.5,0.2,3,1,genHalfAndHalf,1,3,17,54045,Config_55,4,"add(DonorAction, sub(add(10, DonorAction), mul(10, RecipientStanding)))",2*DonorAction - 10*RecipientStanding + 10,Simple Standing,32.43,6.61,0.0,31.6,46.88,
2026-05-02_16-12,Local_VSCode,IR2NoD_Config_55_R5,Indirect Reciprocity Mode 2 (Assessment w/ No Donor Var),2,1,10,0,10,100,1,0.5,0.0,0.0,100,100,0.5,0.5,0.2,3,1,genHalfAndHalf,1,3,17,54046,Config_55,5,"add(1, sub(DonorAction, RecipientStanding))",DonorAction - RecipientStanding + 1,Simple Standing,33.13,11.12,0.0,31.47,45.7,
2026-05-02_16-16,Local_VSCode,IR2NoD_Config_56_R1,Indirect Reciprocity Mode 2 (Assessment w/ No Donor Var),2,1,10,0,10,100,1,0.5,0.0,0.0,100,100,0.5,0.5,0.2,3,1,genHalfAndHalf,1,10,17,55042,Config_56,1,"sub(sub(DonorAction, -1), RecipientStanding)",DonorAction - RecipientStanding + 1,Simple Standing,34.7,12.75,0.0,32.2,48.0,
2026-05-02_16-19,Local_VSCode,IR2NoD_Config_56_R2,Indirect Reciprocity Mode 2 (Assessment w/ No Donor Var),2,1,10,0,10,100,1,0.5,0.0,0.0,100,100,0.5,0.5,0.2,3,1,genHalfAndHalf,1,10,17,55043,Config_56,2,"add(sub(DonorAction, RecipientStanding), 1)",DonorAction - RecipientStanding + 1,Simple Standing,31.93,10.92,0.0,34.67,46.22,
2026-05-02_16-22,Local_VSCode,IR2NoD_Config_56_R3,Indirect Reciprocity Mode 2 (Assessment w/ No Donor Var),2,1,10,0,10,100,1,0.5,0.0,0.0,100,100,0.5,0.5,0.2,3,1,genHalfAndHalf,1,10,17,55044,Config_56,3,"sub(DonorAction, sub(RecipientStanding, 1))",DonorAction - RecipientStanding + 1,Simple Standing,33.93,11.7,0.0,30.0,46.84,
2026-05-02_16-26,Local_VSCode,IR2NoD_Config_56_R4,Indirect Reciprocity Mode 2 (Assessment w/ No Donor Var),2,1,10,0,10,100,1,0.5,0.0,0.0,100,100,0.5,0.5,0.2,3,1,genHalfAndHalf,1,10,17,55045,Config_56,4,"sub(1, sub(sub(RecipientStanding, DonorAction), DonorAction))",2*DonorAction - RecipientStanding + 1,Simple Standing,35.1,11.88,0.0,30.13,48.12,
2026-05-02_16-29,Local_VSCode,IR2NoD_Config_56_R5,Indirect Reciprocity Mode 2 (Assessment w/ No Donor Var),2,1,10,0,10,100,1,0.5,0.0,0.0,100,100,0.5,0.5,0.2,3,1,genHalfAndHalf,1,10,17,55046,Config_56,5,"sub(DonorAction, sub(sub(RecipientStanding, 1), DonorAction))",2*DonorAction - RecipientStanding + 1,Simple Standing,34.5,16.21,0.0,32.2,45.36,
2026-05-02_16-30,Local_VSCode,IR2NoD_Config_57_R1,Indirect Reciprocity Mode 2 (Assessment w/ No Donor Var),2,1,10,10,0,10,1,0.5,0.0,0.0,100,100,0.5,0.5,0.2,3,1,genHalfAndHalf,1,3,17,56042,Config_57,1,"sub(1, DonorAction)",1 - DonorAction,"Novel Rule: (False, False, True, True)",15.3,11.98,-2.07,0.0,10.72,
2026-05-02_16-31,Local_VSCode,IR2NoD_Config_57_R2,Indirect Reciprocity Mode 2 (Assessment w/ No Donor Var),2,1,10,10,0,10,1,0.5,0.0,0.0,100,100,0.5,0.5,0.2,3,1,genHalfAndHalf,1,3,17,56043,Config_57,2,"sub(1, DonorAction)",1 - DonorAction,"Novel Rule: (False, False, True, True)",15.03,12.73,-1.53,0.0,10.28,
2026-05-02_16-31,Local_VSCode,IR2NoD_Config_57_R3,Indirect Reciprocity Mode 2 (Assessment w/ No Donor Var),2,1,10,10,0,10,1,0.5,0.0,0.0,100,100,0.5,0.5,0.2,3,1,genHalfAndHalf,1,3,17,56044,Config_57,3,"add(RecipientStanding, RecipientStanding)",2*RecipientStanding,"Novel Rule: (True, False, True, False)",12.6,10.93,7.4,0.0,9.64,
2026-05-02_16-32,Local_VSCode,IR2NoD_Config_57_R4,Indirect Reciprocity Mode 2 (Assessment w/ No Donor Var),2,1,10,10,0,10,1,0.5,0.0,0.0,100,100,0.5,0.5,0.2,3,1,genHalfAndHalf,1,3,17,56045,Config_57,4,"sub(1, DonorAction)",1 - DonorAction,"Novel Rule: (False, False, True, True)",14.87,12.58,-1.4,0.0,9.52,
2026-05-02_16-32,Local_VSCode,IR2NoD_Config_57_R5,Indirect Reciprocity Mode 2 (Assessment w/ No Donor Var),2,1,10,10,0,10,1,0.5,0.0,0.0,100,100,0.5,0.5,0.2,3,1,genHalfAndHalf,1,3,17,56046,Config_57,5,"sub(1, DonorAction)",1 - DonorAction,"Novel Rule: (False, False, True, True)",15.37,12.26,-1.8,0.0,10.8,
2026-05-02_16-33,Local_VSCode,IR2NoD_Config_58_R1,Indirect Reciprocity Mode 2 (Assessment w/ No Donor Var),2,1,10,10,0,10,1,0.5,0.0,0.0,100,100,0.5,0.5,0.2,3,1,genHalfAndHalf,1,10,17,57042,Config_58,1,"sub(1, DonorAction)",1 - DonorAction,"Novel Rule: (False, False, True, True)",15.57,12.73,-2.0,0.0,10.64,
2026-05-02_16-33,Local_VSCode,IR2NoD_Config_58_R2,Indirect Reciprocity Mode 2 (Assessment w/ No Donor Var),2,1,10,10,0,10,1,0.5,0.0,0.0,100,100,0.5,0.5,0.2,3,1,genHalfAndHalf,1,10,17,57043,Config_58,2,"sub(1, DonorAction)",1 - DonorAction,"Novel Rule: (False, False, True, True)",15.07,12.42,-1.53,0.0,9.24,
2026-05-02_16-34,Local_VSCode,IR2NoD_Config_58_R3,Indirect Reciprocity Mode 2 (Assessment w/ No Donor Var),2,1,10,10,0,10,1,0.5,0.0,0.0,100,100,0.5,0.5,0.2,3,1,genHalfAndHalf,1,10,17,57044,Config_58,3,"sub(1, DonorAction)",1 - DonorAction,"Novel Rule: (False, False, True, True)",15.27,12.78,-1.6,0.0,9.92,
2026-05-02_16-34,Local_VSCode,IR2NoD_Config_58_R4,Indirect Reciprocity Mode 2 (Assessment w/ No Donor Var),2,1,10,10,0,10,1,0.5,0.0,0.0,100,100,0.5,0.5,0.2,3,1,genHalfAndHalf,1,10,17,57045,Config_58,4,"sub(1, DonorAction)",1 - DonorAction,"Novel Rule: (False, False, True, True)",15.13,12.34,-1.73,0.0,10.12,
2026-05-02_16-35,Local_VSCode,IR2NoD_Config_58_R5,Indirect Reciprocity Mode 2 (Assessment w/ No Donor Var),2,1,10,10,0,10,1,0.5,0.0,0.0,100,100,0.5,0.5,0.2,3,1,genHalfAndHalf,1,10,17,57046,Config_58,5,"sub(1, DonorAction)",1 - DonorAction,"Novel Rule: (False, False, True, True)",15.53,12.41,-2.07,0.0,8.56,
2026-05-02_16-38,Local_VSCode,IR2NoD_Config_59_R1,Indirect Reciprocity Mode 2 (Assessment w/ No Donor Var),2,1,10,10,0,100,1,0.5,0.0,0.0,100,100,0.5,0.5,0.2,3,1,genHalfAndHalf,1,3,17,58042,Config_59,1,"sub(1, DonorAction)",1 - DonorAction,"Novel Rule: (False, False, True, True)",142.13,126.85,-9.33,0.0,98.36,
2026-05-02_16-41,Local_VSCode,IR2NoD_Config_59_R2,Indirect Reciprocity Mode 2 (Assessment w/ No Donor Var),2,1,10,10,0,100,1,0.5,0.0,0.0,100,100,0.5,0.5,0.2,3,1,genHalfAndHalf,1,3,17,58043,Config_59,2,"sub(1, DonorAction)",1 - DonorAction,"Novel Rule: (False, False, True, True)",141.73,127.67,-8.8,0.0,100.4,
2026-05-02_16-45,Local_VSCode,IR2NoD_Config_59_R3,Indirect Reciprocity Mode 2 (Assessment w/ No Donor Var),2,1,10,10,0,100,1,0.5,0.0,0.0,100,100,0.5,0.5,0.2,3,1,genHalfAndHalf,1,3,17,58044,Config_59,3,"sub(1, DonorAction)",1 - DonorAction,"Novel Rule: (False, False, True, True)",142.73,125.34,-9.67,0.0,99.32,
2026-05-02_16-48,Local_VSCode,IR2NoD_Config_59_R4,Indirect Reciprocity Mode 2 (Assessment w/ No Donor Var),2,1,10,10,0,100,1,0.5,0.0,0.0,100,100,0.5,0.5,0.2,3,1,genHalfAndHalf,1,3,17,58045,Config_59,4,"sub(1, DonorAction)",1 - DonorAction,"Novel Rule: (False, False, True, True)",142.67,119.95,-9.73,0.0,101.08,
2026-05-02_16-52,Local_VSCode,IR2NoD_Config_59_R5,Indirect Reciprocity Mode 2 (Assessment w/ No Donor Var),2,1,10,10,0,100,1,0.5,0.0,0.0,100,100,0.5,0.5,0.2,3,1,genHalfAndHalf,1,3,17,58046,Config_59,5,"sub(1, DonorAction)",1 - DonorAction,"Novel Rule: (False, False, True, True)",142.83,126.8,-9.73,0.0,100.4,
2026-05-02_16-54,Local_VSCode,IR2NoD_Config_60_R1,Indirect Reciprocity Mode 2 (Assessment w/ No Donor Var),2,1,10,10,0,100,1,0.5,0.0,0.0,100,100,0.5,0.5,0.2,3,1,genHalfAndHalf,1,10,17,59042,Config_60,1,"sub(1, mul(DonorAction, 1))",1 - DonorAction,"Novel Rule: (False, False, True, True)",142.1,123.46,-9.27,0.0,101.12,
2026-05-02_16-57,Local_VSCode,IR2NoD_Config_60_R2,Indirect Reciprocity Mode 2 (Assessment w/ No Donor Var),2,1,10,10,0,100,1,0.5,0.0,0.0,100,100,0.5,0.5,0.2,3,1,genHalfAndHalf,1,10,17,59043,Config_60,2,"add(sub(-1, -10), mul(-10, DonorAction))",9 - 10*DonorAction,"Novel Rule: (False, False, True, True)",143.07,121.29,-11.2,0.0,98.96,
2026-05-02_17-01,Local_VSCode,IR2NoD_Config_60_R3,Indirect Reciprocity Mode 2 (Assessment w/ No Donor Var),2,1,10,10,0,100,1,0.5,0.0,0.0,100,100,0.5,0.5,0.2,3,1,genHalfAndHalf,1,10,17,59044,Config_60,3,"sub(sub(RecipientStanding, add(-1, RecipientStanding)), DonorAction)",1 - DonorAction,"Novel Rule: (False, False, True, True)",142.1,122.15,-9.6,0.0,102.12,
2026-05-02_17-04,Local_VSCode,IR2NoD_Config_60_R4,Indirect Reciprocity Mode 2 (Assessment w/ No Donor Var),2,1,10,10,0,100,1,0.5,0.0,0.0,100,100,0.5,0.5,0.2,3,1,genHalfAndHalf,1,10,17,59045,Config_60,4,"sub(1, DonorAction)",1 - DonorAction,"Novel Rule: (False, False, True, True)",142.4,126.18,-9.6,0.0,99.04,
2026-05-02_17-07,Local_VSCode,IR2NoD_Config_60_R5,Indirect Reciprocity Mode 2 (Assessment w/ No Donor Var),2,1,10,10,0,100,1,0.5,0.0,0.0,100,100,0.5,0.5,0.2,3,1,genHalfAndHalf,1,10,17,59046,Config_60,5,"sub(1, DonorAction)",1 - DonorAction,"Novel Rule: (False, False, True, True)",142.37,123.89,-9.6,0.0,98.04,
2026-05-02_17-08,Local_VSCode,IR2NoD_Config_61_R1,Indirect Reciprocity Mode 2 (Assessment w/ No Donor Var),2,1,10,10,10,10,1,0.5,0.0,0.0,100,100,0.5,0.5,0.2,3,1,genHalfAndHalf,1,3,17,60042,Config_61,1,"sub(DonorAction, DonorAction)",0,Unconditional Bad,8.27,6.63,-4.4,6.6,6.1,
2026-05-02_17-09,Local_VSCode,IR2NoD_Config_61_R2,Indirect Reciprocity Mode 2 (Assessment w/ No Donor Var),2,1,10,10,10,10,1,0.5,0.0,0.0,100,100,0.5,0.5,0.2,3,1,genHalfAndHalf,1,3,17,60043,Config_61,2,"mul(DonorAction, RecipientStanding)",DonorAction*RecipientStanding,Shunning,8.7,6.62,-3.2,6.2,6.28,
2026-05-02_17-10,Local_VSCode,IR2NoD_Config_61_R3,Indirect Reciprocity Mode 2 (Assessment w/ No Donor Var),2,1,10,10,10,10,1,0.5,0.0,0.0,100,100,0.5,0.5,0.2,3,1,genHalfAndHalf,1,3,17,60044,Config_61,3,"mul(-10, DonorAction)",-10*DonorAction,Unconditional Bad,8.47,6.81,-4.67,6.67,5.76,
2026-05-02_17-10,Local_VSCode,IR2NoD_Config_61_R4,Indirect Reciprocity Mode 2 (Assessment w/ No Donor Var),2,1,10,10,10,10,1,0.5,0.0,0.0,100,100,0.5,0.5,0.2,3,1,genHalfAndHalf,1,3,17,60045,Config_61,4,"mul(RecipientStanding, -1)",-RecipientStanding,Unconditional Bad,8.37,6.24,-5.27,7.27,6.88,
2026-05-02_17-11,Local_VSCode,IR2NoD_Config_61_R5,Indirect Reciprocity Mode 2 (Assessment w/ No Donor Var),2,1,10,10,10,10,1,0.5,0.0,0.0,100,100,0.5,0.5,0.2,3,1,genHalfAndHalf,1,3,17,60046,Config_61,5,"add(-10, -10)",-20,Unconditional Bad,8.6,7.1,-4.53,6.33,5.36,
2026-05-02_17-12,Local_VSCode,IR2NoD_Config_62_R1,Indirect Reciprocity Mode 2 (Assessment w/ No Donor Var),2,1,10,10,10,10,1,0.5,0.0,0.0,100,100,0.5,0.5,0.2,3,1,genHalfAndHalf,1,10,17,61042,Config_62,1,"sub(DonorAction, DonorAction)",0,Unconditional Bad,8.6,7.11,-4.2,6.13,5.78,
2026-05-02_17-13,Local_VSCode,IR2NoD_Config_62_R2,Indirect Reciprocity Mode 2 (Assessment w/ No Donor Var),2,1,10,10,10,10,1,0.5,0.0,0.0,100,100,0.5,0.5,0.2,3,1,genHalfAndHalf,1,10,17,61043,Config_62,2,"mul(0, -10)",0,Unconditional Bad,8.67,6.76,-4.0,5.73,5.8,
2026-05-02_17-13,Local_VSCode,IR2NoD_Config_62_R3,Indirect Reciprocity Mode 2 (Assessment w/ No Donor Var),2,1,10,10,10,10,1,0.5,0.0,0.0,100,100,0.5,0.5,0.2,3,1,genHalfAndHalf,1,10,17,61044,Config_62,3,"sub(DonorAction, DonorAction)",0,Unconditional Bad,8.9,6.81,-4.07,5.6,4.64,
2026-05-02_17-14,Local_VSCode,IR2NoD_Config_62_R4,Indirect Reciprocity Mode 2 (Assessment w/ No Donor Var),2,1,10,10,10,10,1,0.5,0.0,0.0,100,100,0.5,0.5,0.2,3,1,genHalfAndHalf,1,10,17,61045,Config_62,4,"sub(-10, DonorAction)",-DonorAction - 10,Unconditional Bad,8.83,7.14,-4.13,5.87,6.54,
2026-05-02_17-15,Local_VSCode,IR2NoD_Config_62_R5,Indirect Reciprocity Mode 2 (Assessment w/ No Donor Var),2,1,10,10,10,10,1,0.5,0.0,0.0,100,100,0.5,0.5,0.2,3,1,genHalfAndHalf,1,10,17,61046,Config_62,5,"add(-10, RecipientStanding)",RecipientStanding - 10,Unconditional Bad,8.9,6.81,-6.0,7.53,7.26,
2026-05-02_17-20,Local_VSCode,IR2NoD_Config_63_R1,Indirect Reciprocity Mode 2 (Assessment w/ No Donor Var),2,1,10,10,10,100,1,0.5,0.0,0.0,100,100,0.5,0.5,0.2,3,1,genHalfAndHalf,1,3,17,62042,Config_63,1,"sub(DonorAction, DonorAction)",0,Unconditional Bad,75.1,65.82,-38.6,64.07,64.78,
2026-05-02_17-25,Local_VSCode,IR2NoD_Config_63_R2,Indirect Reciprocity Mode 2 (Assessment w/ No Donor Var),2,1,10,10,10,100,1,0.5,0.0,0.0,100,100,0.5,0.5,0.2,3,1,genHalfAndHalf,1,3,17,62043,Config_63,2,"mul(10, 0)",0,Unconditional Bad,75.1,66.5,-39.27,64.67,66.16,
2026-05-02_17-31,Local_VSCode,IR2NoD_Config_63_R3,Indirect Reciprocity Mode 2 (Assessment w/ No Donor Var),2,1,10,10,10,100,1,0.5,0.0,0.0,100,100,0.5,0.5,0.2,3,1,genHalfAndHalf,1,3,17,62044,Config_63,3,"sub(-10, RecipientStanding)",-RecipientStanding - 10,Unconditional Bad,74.57,68.08,-38.67,64.53,64.24,
2026-05-02_18-02,Local_VSCode,IR2NoD_Config_63_R4,Indirect Reciprocity Mode 2 (Assessment w/ No Donor Var),2,1,10,10,10,100,1,0.5,0.0,0.0,100,100,0.5,0.5,0.2,3,1,genHalfAndHalf,1,3,17,62045,Config_63,4,"sub(0, 0)",0,Unconditional Bad,74.07,67.4,-39.93,66.33,63.34,
2026-05-02_18-07,Local_VSCode,IR2NoD_Config_63_R5,Indirect Reciprocity Mode 2 (Assessment w/ No Donor Var),2,1,10,10,10,100,1,0.5,0.0,0.0,100,100,0.5,0.5,0.2,3,1,genHalfAndHalf,1,3,17,62046,Config_63,5,"mul(RecipientStanding, DonorAction)",DonorAction*RecipientStanding,Shunning,75.2,60.51,-39.33,66.27,67.08,
2026-05-02_18-12,Local_VSCode,IR2NoD_Config_64_R1,Indirect Reciprocity Mode 2 (Assessment w/ No Donor Var),2,1,10,10,10,100,1,0.5,0.0,0.0,100,100,0.5,0.5,0.2,3,1,genHalfAndHalf,1,10,17,63042,Config_64,1,"sub(10, 10)",0,Unconditional Bad,73.93,67.87,-40.4,66.93,65.32,
2026-05-02_18-18,Local_VSCode,IR2NoD_Config_64_R2,Indirect Reciprocity Mode 2 (Assessment w/ No Donor Var),2,1,10,10,10,100,1,0.5,0.0,0.0,100,100,0.5,0.5,0.2,3,1,genHalfAndHalf,1,10,17,63043,Config_64,2,"mul(RecipientStanding, 0)",0,Unconditional Bad,74.77,67.52,-41.6,67.4,66.2,
2026-05-02_18-23,Local_VSCode,IR2NoD_Config_64_R3,Indirect Reciprocity Mode 2 (Assessment w/ No Donor Var),2,1,10,10,10,100,1,0.5,0.0,0.0,100,100,0.5,0.5,0.2,3,1,genHalfAndHalf,1,10,17,63044,Config_64,3,"mul(RecipientStanding, 0)",0,Unconditional Bad,74.47,66.84,-40.27,66.13,64.52,
2026-05-02_19-02,Local_VSCode,IR2NoD_Config_64_R4,Indirect Reciprocity Mode 2 (Assessment w/ No Donor Var),2,1,10,10,10,100,1,0.5,0.0,0.0,100,100,0.5,0.5,0.2,3,1,genHalfAndHalf,1,10,17,63045,Config_64,4,"add(-1, DonorAction)",DonorAction - 1,Unconditional Bad,74.83,65.97,-39.47,65.0,61.46,
2026-05-02_19-06,Local_VSCode,IR2NoD_Config_64_R5,Indirect Reciprocity Mode 2 (Assessment w/ No Donor Var),2,1,10,10,10,100,1,0.5,0.0,0.0,100,100,0.5,0.5,0.2,3,1,genHalfAndHalf,1,10,17,63046,Config_64,5,"add(DonorAction, -10)",DonorAction - 10,Unconditional Bad,74.53,67.15,-38.8,64.73,65.7,
2026-05-02_19-06,Local_VSCode,IR2NoD_Config_65_R1,Indirect Reciprocity Mode 2 (Assessment w/ No Donor Var),5,1,10,0,0,10,1,0.5,0.0,0.0,10,100,0.1,0.5,0.2,3,1,genHalfAndHalf,1,3,17,64042,Config_65,1,"sub(DonorAction, -10)",DonorAction + 10,Unconditional Good,40.0,24.84,0.0,0.0,40.0,
2026-05-02_19-06,Local_VSCode,IR2NoD_Config_65_R2,Indirect Reciprocity Mode 2 (Assessment w/ No Donor Var),5,1,10,0,0,10,1,0.5,0.0,0.0,10,100,0.1,0.5,0.2,3,1,genHalfAndHalf,1,3,17,64043,Config_65,2,"sub(RecipientStanding, 0)",RecipientStanding,"Novel Rule: (True, False, True, False)",40.0,36.23,0.0,0.0,40.0,
2026-05-02_19-06,Local_VSCode,IR2NoD_Config_65_R3,Indirect Reciprocity Mode 2 (Assessment w/ No Donor Var),5,1,10,0,0,10,1,0.5,0.0,0.0,10,100,0.1,0.5,0.2,3,1,genHalfAndHalf,1,3,17,64044,Config_65,3,"sub(10, DonorAction)",10 - DonorAction,Unconditional Good,40.0,32.45,0.0,0.0,40.0,
2026-05-02_19-06,Local_VSCode,IR2NoD_Config_65_R4,Indirect Reciprocity Mode 2 (Assessment w/ No Donor Var),5,1,10,0,0,10,1,0.5,0.0,0.0,10,100,0.1,0.5,0.2,3,1,genHalfAndHalf,1,3,17,64045,Config_65,4,"mul(1, DonorAction)",DonorAction,Image Scoring (binary),40.0,40.0,0.0,0.0,40.0,
2026-05-02_19-07,Local_VSCode,IR2NoD_Config_65_R5,Indirect Reciprocity Mode 2 (Assessment w/ No Donor Var),5,1,10,0,0,10,1,0.5,0.0,0.0,10,100,0.1,0.5,0.2,3,1,genHalfAndHalf,1,3,17,64046,Config_65,5,"mul(RecipientStanding, DonorAction)",DonorAction*RecipientStanding,Shunning,40.0,28.49,0.0,0.0,40.0,
2026-05-02_19-07,Local_VSCode,IR2NoD_Config_66_R1,Indirect Reciprocity Mode 2 (Assessment w/ No Donor Var),5,1,10,0,0,10,1,0.5,0.0,0.0,10,100,0.1,0.5,0.2,3,1,genHalfAndHalf,1,10,17,65042,Config_66,1,"add(DonorAction, RecipientStanding)",DonorAction + RecipientStanding,"Novel Rule: (True, True, True, False)",40.0,24.84,0.0,0.0,40.0,
2026-05-02_19-07,Local_VSCode,IR2NoD_Config_66_R2,Indirect Reciprocity Mode 2 (Assessment w/ No Donor Var),5,1,10,0,0,10,1,0.5,0.0,0.0,10,100,0.1,0.5,0.2,3,1,genHalfAndHalf,1,10,17,65043,Config_66,2,"mul(RecipientStanding, DonorAction)",DonorAction*RecipientStanding,Shunning,40.0,40.0,0.0,0.0,40.0,
2026-05-02_19-07,Local_VSCode,IR2NoD_Config_66_R3,Indirect Reciprocity Mode 2 (Assessment w/ No Donor Var),5,1,10,0,0,10,1,0.5,0.0,0.0,10,100,0.1,0.5,0.2,3,1,genHalfAndHalf,1,10,17,65044,Config_66,3,"add(RecipientStanding, RecipientStanding)",2*RecipientStanding,"Novel Rule: (True, False, True, False)",40.0,40.0,0.0,0.0,40.0,
2026-05-02_19-07,Local_VSCode,IR2NoD_Config_66_R4,Indirect Reciprocity Mode 2 (Assessment w/ No Donor Var),5,1,10,0,0,10,1,0.5,0.0,0.0,10,100,0.1,0.5,0.2,3,1,genHalfAndHalf,1,10,17,65045,Config_66,4,"add(RecipientStanding, RecipientStanding)",2*RecipientStanding,"Novel Rule: (True, False, True, False)",40.0,36.19,0.0,0.0,40.0,
2026-05-02_19-07,Local_VSCode,IR2NoD_Config_66_R5,Indirect Reciprocity Mode 2 (Assessment w/ No Donor Var),5,1,10,0,0,10,1,0.5,0.0,0.0,10,100,0.1,0.5,0.2,3,1,genHalfAndHalf,1,10,17,65046,Config_66,5,"add(0, RecipientStanding)",RecipientStanding,"Novel Rule: (True, False, True, False)",40.0,36.19,0.0,0.0,40.0,
2026-05-02_19-07,Local_VSCode,IR2NoD_Config_67_R1,Indirect Reciprocity Mode 2 (Assessment w/ No Donor Var),5,1,10,0,0,100,1,0.5,0.0,0.0,10,100,0.1,0.5,0.2,3,1,genHalfAndHalf,1,3,17,66042,Config_67,1,"sub(10, DonorAction)",10 - DonorAction,Unconditional Good,400.0,360.2,0.0,0.0,400.0,
2026-05-02_19-07,Local_VSCode,IR2NoD_Config_67_R2,Indirect Reciprocity Mode 2 (Assessment w/ No Donor Var),5,1,10,0,0,100,1,0.5,0.0,0.0,10,100,0.1,0.5,0.2,3,1,genHalfAndHalf,1,3,17,66043,Config_67,2,"mul(DonorAction, DonorAction)",DonorAction**2,Image Scoring (binary),400.0,400.0,0.0,0.0,400.0,
2026-05-02_19-07,Local_VSCode,IR2NoD_Config_67_R3,Indirect Reciprocity Mode 2 (Assessment w/ No Donor Var),5,1,10,0,0,100,1,0.5,0.0,0.0,10,100,0.1,0.5,0.2,3,1,genHalfAndHalf,1,3,17,66044,Config_67,3,"sub(RecipientStanding, -10)",RecipientStanding + 10,Unconditional Good,400.0,360.23,0.0,0.0,400.0,
2026-05-02_19-07,Local_VSCode,IR2NoD_Config_67_R4,Indirect Reciprocity Mode 2 (Assessment w/ No Donor Var),5,1,10,0,0,100,1,0.5,0.0,0.0,10,100,0.1,0.5,0.2,3,1,genHalfAndHalf,1,3,17,66045,Config_67,4,"add(0, 10)",10,Unconditional Good,400.0,360.2,0.0,0.0,400.0,
2026-05-02_19-08,Local_VSCode,IR2NoD_Config_67_R5,Indirect Reciprocity Mode 2 (Assessment w/ No Donor Var),5,1,10,0,0,100,1,0.5,0.0,0.0,10,100,0.1,0.5,0.2,3,1,genHalfAndHalf,1,3,17,66046,Config_67,5,"mul(1, RecipientStanding)",RecipientStanding,"Novel Rule: (True, False, True, False)",400.0,360.16,0.0,0.0,400.0,
2026-05-02_19-08,Local_VSCode,IR2NoD_Config_68_R1,Indirect Reciprocity Mode 2 (Assessment w/ No Donor Var),5,1,10,0,0,100,1,0.5,0.0,0.0,10,100,0.1,0.5,0.2,3,1,genHalfAndHalf,1,10,17,67042,Config_68,1,"mul(RecipientStanding, DonorAction)",DonorAction*RecipientStanding,Shunning,400.0,320.36,0.0,0.0,400.0,
2026-05-02_19-08,Local_VSCode,IR2NoD_Config_68_R2,Indirect Reciprocity Mode 2 (Assessment w/ No Donor Var),5,1,10,0,0,100,1,0.5,0.0,0.0,10,100,0.1,0.5,0.2,3,1,genHalfAndHalf,1,10,17,67043,Config_68,2,"add(10, RecipientStanding)",RecipientStanding + 10,Unconditional Good,400.0,400.0,0.0,0.0,400.0,
2026-05-02_19-08,Local_VSCode,IR2NoD_Config_68_R3,Indirect Reciprocity Mode 2 (Assessment w/ No Donor Var),5,1,10,0,0,100,1,0.5,0.0,0.0,10,100,0.1,0.5,0.2,3,1,genHalfAndHalf,1,10,17,67044,Config_68,3,"mul(DonorAction, DonorAction)",DonorAction**2,Image Scoring (binary),400.0,400.0,0.0,0.0,400.0,
2026-05-02_19-08,Local_VSCode,IR2NoD_Config_68_R4,Indirect Reciprocity Mode 2 (Assessment w/ No Donor Var),5,1,10,0,0,100,1,0.5,0.0,0.0,10,100,0.1,0.5,0.2,3,1,genHalfAndHalf,1,10,17,67045,Config_68,4,"add(1, RecipientStanding)",RecipientStanding + 1,Unconditional Good,400.0,400.0,0.0,0.0,400.0,
2026-05-02_19-08,Local_VSCode,IR2NoD_Config_68_R5,Indirect Reciprocity Mode 2 (Assessment w/ No Donor Var),5,1,10,0,0,100,1,0.5,0.0,0.0,10,100,0.1,0.5,0.2,3,1,genHalfAndHalf,1,10,17,67046,Config_68,5,"mul(RecipientStanding, DonorAction)",DonorAction*RecipientStanding,Shunning,400.0,400.0,0.0,0.0,400.0,
2026-05-02_19-08,Local_VSCode,IR2NoD_Config_69_R1,Indirect Reciprocity Mode 2 (Assessment w/ No Donor Var),5,1,10,0,10,10,1,0.5,0.0,0.0,10,100,0.1,0.5,0.2,3,1,genHalfAndHalf,1,3,17,68042,Config_69,1,"add(DonorAction, RecipientStanding)",DonorAction + RecipientStanding,"Novel Rule: (True, True, True, False)",18.33,13.44,0.0,21.67,18.58,
2026-05-02_19-09,Local_VSCode,IR2NoD_Config_69_R2,Indirect Reciprocity Mode 2 (Assessment w/ No Donor Var),5,1,10,0,10,10,1,0.5,0.0,0.0,10,100,0.1,0.5,0.2,3,1,genHalfAndHalf,1,3,17,68043,Config_69,2,"sub(add(-10, RecipientStanding), -10)",RecipientStanding,"Novel Rule: (True, False, True, False)",17.67,12.5,0.0,22.33,17.76,
2026-05-02_19-09,Local_VSCode,IR2NoD_Config_69_R3,Indirect Reciprocity Mode 2 (Assessment w/ No Donor Var),5,1,10,0,10,10,1,0.5,0.0,0.0,10,100,0.1,0.5,0.2,3,1,genHalfAndHalf,1,3,17,68044,Config_69,3,"add(DonorAction, RecipientStanding)",DonorAction + RecipientStanding,"Novel Rule: (True, True, True, False)",17.17,8.81,0.0,22.83,20.78,
2026-05-02_19-09,Local_VSCode,IR2NoD_Config_69_R4,Indirect Reciprocity Mode 2 (Assessment w/ No Donor Var),5,1,10,0,10,10,1,0.5,0.0,0.0,10,100,0.1,0.5,0.2,3,1,genHalfAndHalf,1,3,17,68045,Config_69,4,"add(RecipientStanding, RecipientStanding)",2*RecipientStanding,"Novel Rule: (True, False, True, False)",17.33,13.01,0.0,22.67,17.24,
2026-05-02_19-09,Local_VSCode,IR2NoD_Config_69_R5,Indirect Reciprocity Mode 2 (Assessment w/ No Donor Var),5,1,10,0,10,10,1,0.5,0.0,0.0,10,100,0.1,0.5,0.2,3,1,genHalfAndHalf,1,3,17,68046,Config_69,5,"add(add(RecipientStanding, RecipientStanding), mul(sub(RecipientStanding, DonorAction), mul(-10, DonorAction)))",10*DonorAction*(DonorAction - RecipientStanding) + 2*RecipientStanding,"Novel Rule: (True, True, True, False)",19.0,12.43,0.0,21.0,18.2,
2026-05-02_19-09,Local_VSCode,IR2NoD_Config_70_R1,Indirect Reciprocity Mode 2 (Assessment w/ No Donor Var),5,1,10,0,10,10,1,0.5,0.0,0.0,10,100,0.1,0.5,0.2,3,1,genHalfAndHalf,1,10,17,69042,Config_70,1,"add(1, sub(DonorAction, RecipientStanding))",DonorAction - RecipientStanding + 1,Simple Standing,21.0,13.68,0.0,7.67,19.52,
2026-05-02_19-09,Local_VSCode,IR2NoD_Config_70_R2,Indirect Reciprocity Mode 2 (Assessment w/ No Donor Var),5,1,10,0,10,10,1,0.5,0.0,0.0,10,100,0.1,0.5,0.2,3,1,genHalfAndHalf,1,10,17,69043,Config_70,2,"add(10, sub(mul(mul(10, 10), mul(RecipientStanding, DonorAction)), mul(10, add(0, RecipientStanding))))",100*DonorAction*RecipientStanding - 10*RecipientStanding + 10,Simple Standing,20.53,14.84,0.0,7.33,19.98,
2026-05-02_19-09,Local_VSCode,IR2NoD_Config_70_R3,Indirect Reciprocity Mode 2 (Assessment w/ No Donor Var),5,1,10,0,10,10,1,0.5,0.0,0.0,10,100,0.1,0.5,0.2,3,1,genHalfAndHalf,1,10,17,69044,Config_70,3,"add(RecipientStanding, add(RecipientStanding, RecipientStanding))",3*RecipientStanding,"Novel Rule: (True, False, True, False)",17.33,13.99,0.0,22.67,20.1,
2026-05-02_19-09,Local_VSCode,IR2NoD_Config_70_R4,Indirect Reciprocity Mode 2 (Assessment w/ No Donor Var),5,1,10,0,10,10,1,0.5,0.0,0.0,10,100,0.1,0.5,0.2,3,1,genHalfAndHalf,1,10,17,69045,Config_70,4,"sub(add(RecipientStanding, RecipientStanding), -10)",2*RecipientStanding + 10,Unconditional Good,19.0,12.55,0.0,21.0,18.04,
2026-05-02_19-09,Local_VSCode,IR2NoD_Config_70_R5,Indirect Reciprocity Mode 2 (Assessment w/ No Donor Var),5,1,10,0,10,10,1,0.5,0.0,0.0,10,100,0.1,0.5,0.2,3,1,genHalfAndHalf,1,10,17,69046,Config_70,5,"add(RecipientStanding, RecipientStanding)",2*RecipientStanding,"Novel Rule: (True, False, True, False)",17.83,11.83,0.0,22.17,19.3,
2026-05-02_19-09,Local_VSCode,IR2NoD_Config_71_R1,Indirect Reciprocity Mode 2 (Assessment w/ No Donor Var),5,1,10,0,10,100,1,0.5,0.0,0.0,10,100,0.1,0.5,0.2,3,1,genHalfAndHalf,1,3,17,70042,Config_71,1,"add(add(RecipientStanding, 1), sub(1, sub(mul(DonorAction, 0), mul(sub(RecipientStanding, DonorAction), mul(add(sub(RecipientStanding, DonorAction), add(RecipientStanding, 1)), add(-10, DonorAction))))))",RecipientStanding - (DonorAction - 10)*(DonorAction - RecipientStanding)*(-DonorAction + 2*RecipientStanding + 1) + 2,Simple Standing,183.3,166.97,0.0,83.5,191.18,
2026-05-02_19-10,Local_VSCode,IR2NoD_Config_71_R2,Indirect Reciprocity Mode 2 (Assessment w/ No Donor Var),5,1,10,0,10,100,1,0.5,0.0,0.0,10,100,0.1,0.5,0.2,3,1,genHalfAndHalf,1,3,17,70043,Config_71,2,"add(sub(add(0, DonorAction), sub(sub(0, 1), sub(add(add(sub(0, add(1, RecipientStanding)), sub(0, sub(RecipientStanding, add(add(mul(RecipientStanding, -10), add(-1, -1)), sub(sub(DonorAction, -1), sub(0, add(0, DonorAction))))))), DonorAction), -10))), 0)",4*DonorAction - 12*RecipientStanding + 9,Simple Standing,183.7,139.9,0.0,82.83,191.7,
2026-05-02_19-10,Local_VSCode,IR2NoD_Config_71_R3,Indirect Reciprocity Mode 2 (Assessment w/ No Donor Var),5,1,10,0,10,100,1,0.5,0.0,0.0,10,100,0.1,0.5,0.2,3,1,genHalfAndHalf,1,3,17,70044,Config_71,3,"add(RecipientStanding, 10)",RecipientStanding + 10,Unconditional Good,149.33,127.2,0.0,250.67,193.88,
2026-05-02_19-10,Local_VSCode,IR2NoD_Config_71_R4,Indirect Reciprocity Mode 2 (Assessment w/ No Donor Var),5,1,10,0,10,100,1,0.5,0.0,0.0,10,100,0.1,0.5,0.2,3,1,genHalfAndHalf,1,3,17,70045,Config_71,4,"add(sub(sub(DonorAction, add(mul(sub(-10, -10), sub(10, RecipientStanding)), add(sub(RecipientStanding, RecipientStanding), sub(DonorAction, RecipientStanding)))), RecipientStanding), sub(sub(DonorAction, -1), RecipientStanding))",DonorAction - RecipientStanding + 1,Simple Standing,183.87,128.58,0.0,74.0,185.98,
2026-05-02_19-11,Local_VSCode,IR2NoD_Config_71_R5,Indirect Reciprocity Mode 2 (Assessment w/ No Donor Var),5,1,10,0,10,100,1,0.5,0.0,0.0,10,100,0.1,0.5,0.2,3,1,genHalfAndHalf,1,3,17,70046,Config_71,5,"add(RecipientStanding, add(DonorAction, mul(DonorAction, 10)))",11*DonorAction + RecipientStanding,"Novel Rule: (True, True, True, False)",152.5,128.52,0.0,247.5,188.18,
2026-05-02_19-11,Local_VSCode,IR2NoD_Config_72_R1,Indirect Reciprocity Mode 2 (Assessment w/ No Donor Var),5,1,10,0,10,100,1,0.5,0.0,0.0,10,100,0.1,0.5,0.2,3,1,genHalfAndHalf,1,10,17,71042,Config_72,1,"mul(sub(mul(1, RecipientStanding), add(1, DonorAction)), sub(sub(mul(add(-1, RecipientStanding), mul(DonorAction, DonorAction)), add(sub(10, RecipientStanding), sub(RecipientStanding, DonorAction))), add(1, add(RecipientStanding, mul(mul(RecipientStanding, sub(RecipientStanding, sub(RecipientStanding, DonorAction))), add(DonorAction, DonorAction))))))",(DonorAction - RecipientStanding + 1)*(2*DonorAction**2*RecipientStanding + DonorAction**2*(1 - RecipientStanding) - DonorAction + RecipientStanding + 11),Simple Standing,183.97,180.7,0.0,75.5,189.72,
2026-05-02_19-11,Local_VSCode,IR2NoD_Config_72_R2,Indirect Reciprocity Mode 2 (Assessment w/ No Donor Var),5,1,10,0,10,100,1,0.5,0.0,0.0,10,100,0.1,0.5,0.2,3,1,genHalfAndHalf,1,10,17,71043,Config_72,2,"add(add(RecipientStanding, RecipientStanding), mul(add(RecipientStanding, RecipientStanding), DonorAction))",2*RecipientStanding*(DonorAction + 1),"Novel Rule: (True, False, True, False)",150.17,99.01,0.0,249.83,187.34,
2026-05-02_19-11,Local_VSCode,IR2NoD_Config_72_R3,Indirect Reciprocity Mode 2 (Assessment w/ No Donor Var),5,1,10,0,10,100,1,0.5,0.0,0.0,10,100,0.1,0.5,0.2,3,1,genHalfAndHalf,1,10,17,71044,Config_72,3,"add(mul(add(add(mul(RecipientStanding, DonorAction), add(add(mul(RecipientStanding, DonorAction), mul(-1, -10)), add(1, DonorAction))), add(1, DonorAction)), mul(mul(add(add(mul(RecipientStanding, DonorAction), mul(-1, -10)), add(1, DonorAction)), mul(1, 10)), 10)), RecipientStanding)",RecipientStanding + 200*(DonorAction*RecipientStanding + DonorAction + 6)*(DonorAction*RecipientStanding + DonorAction + 11),Unconditional Good,155.17,143.1,0.0,244.83,191.7,
2026-05-02_19-12,Local_VSCode,IR2NoD_Config_72_R4,Indirect Reciprocity Mode 2 (Assessment w/ No Donor Var),5,1,10,0,10,100,1,0.5,0.0,0.0,10,100,0.1,0.5,0.2,3,1,genHalfAndHalf,1,10,17,71045,Config_72,4,"add(0, sub(0, -10))",10,Unconditional Good,151.67,131.67,0.0,248.33,189.6,
2026-05-02_19-12,Local_VSCode,IR2NoD_Config_72_R5,Indirect Reciprocity Mode 2 (Assessment w/ No Donor Var),5,1,10,0,10,100,1,0.5,0.0,0.0,10,100,0.1,0.5,0.2,3,1,genHalfAndHalf,1,10,17,71046,Config_72,5,"sub(DonorAction, sub(RecipientStanding, sub(DonorAction, -1)))",2*DonorAction - RecipientStanding + 1,Simple Standing,181.3,129.38,0.0,74.83,189.4,
2026-05-02_19-12,Local_VSCode,IR2NoD_Config_73_R1,Indirect Reciprocity Mode 2 (Assessment w/ No Donor Var),5,1,10,10,0,10,1,0.5,0.0,0.0,10,100,0.1,0.5,0.2,3,1,genHalfAndHalf,1,3,17,72042,Config_73,1,"mul(-10, -10)",100,Unconditional Good,45.17,39.54,34.83,0.0,40.4,
2026-05-02_19-12,Local_VSCode,IR2NoD_Config_73_R2,Indirect Reciprocity Mode 2 (Assessment w/ No Donor Var),5,1,10,10,0,10,1,0.5,0.0,0.0,10,100,0.1,0.5,0.2,3,1,genHalfAndHalf,1,3,17,72043,Config_73,2,"mul(RecipientStanding, 10)",10*RecipientStanding,"Novel Rule: (True, False, True, False)",46.67,38.9,33.33,0.0,39.3,
2026-05-02_19-12,Local_VSCode,IR2NoD_Config_73_R3,Indirect Reciprocity Mode 2 (Assessment w/ No Donor Var),5,1,10,10,0,10,1,0.5,0.0,0.0,10,100,0.1,0.5,0.2,3,1,genHalfAndHalf,1,3,17,72044,Config_73,3,"add(DonorAction, DonorAction)",2*DonorAction,Image Scoring (binary),44.67,41.82,35.33,0.0,38.7,
2026-05-02_19-12,Local_VSCode,IR2NoD_Config_73_R4,Indirect Reciprocity Mode 2 (Assessment w/ No Donor Var),5,1,10,10,0,10,1,0.5,0.0,0.0,10,100,0.1,0.5,0.2,3,1,genHalfAndHalf,1,3,17,72045,Config_73,4,"add(sub(mul(10, DonorAction), add(RecipientStanding, RecipientStanding)), RecipientStanding)",10*DonorAction - RecipientStanding,Image Scoring (binary),46.33,42.32,33.67,0.0,38.7,
2026-05-02_19-12,Local_VSCode,IR2NoD_Config_73_R5,Indirect Reciprocity Mode 2 (Assessment w/ No Donor Var),5,1,10,10,0,10,1,0.5,0.0,0.0,10,100,0.1,0.5,0.2,3,1,genHalfAndHalf,1,3,17,72046,Config_73,5,"add(DonorAction, add(DonorAction, mul(RecipientStanding, add(sub(RecipientStanding, DonorAction), DonorAction))))",2*DonorAction + RecipientStanding**2,"Novel Rule: (True, True, True, False)",46.33,41.93,33.67,0.0,40.0,
2026-05-02_19-12,Local_VSCode,IR2NoD_Config_74_R1,Indirect Reciprocity Mode 2 (Assessment w/ No Donor Var),5,1,10,10,0,10,1,0.5,0.0,0.0,10,100,0.1,0.5,0.2,3,1,genHalfAndHalf,1,10,17,73042,Config_74,1,"sub(sub(RecipientStanding, -10), -10)",RecipientStanding + 20,Unconditional Good,47.0,41.67,33.0,0.0,41.7,
2026-05-02_19-12,Local_VSCode,IR2NoD_Config_74_R2,Indirect Reciprocity Mode 2 (Assessment w/ No Donor Var),5,1,10,10,0,10,1,0.5,0.0,0.0,10,100,0.1,0.5,0.2,3,1,genHalfAndHalf,1,10,17,73043,Config_74,2,"add(DonorAction, DonorAction)",2*DonorAction,Image Scoring (binary),45.33,41.88,34.67,0.0,41.0,
2026-05-02_19-13,Local_VSCode,IR2NoD_Config_74_R3,Indirect Reciprocity Mode 2 (Assessment w/ No Donor Var),5,1,10,10,0,10,1,0.5,0.0,0.0,10,100,0.1,0.5,0.2,3,1,genHalfAndHalf,1,10,17,73044,Config_74,3,"add(RecipientStanding, sub(RecipientStanding, 1))",2*RecipientStanding - 1,"Novel Rule: (True, False, True, False)",46.0,38.43,34.0,0.0,41.6,
2026-05-02_19-13,Local_VSCode,IR2NoD_Config_74_R4,Indirect Reciprocity Mode 2 (Assessment w/ No Donor Var),5,1,10,10,0,10,1,0.5,0.0,0.0,10,100,0.1,0.5,0.2,3,1,genHalfAndHalf,1,10,17,73045,Config_74,4,"add(add(10, DonorAction), DonorAction)",2*DonorAction + 10,Unconditional Good,44.5,40.57,35.5,0.0,39.6,
2026-05-02_19-13,Local_VSCode,IR2NoD_Config_74_R5,Indirect Reciprocity Mode 2 (Assessment w/ No Donor Var),5,1,10,10,0,10,1,0.5,0.0,0.0,10,100,0.1,0.5,0.2,3,1,genHalfAndHalf,1,10,17,73046,Config_74,5,"mul(sub(sub(RecipientStanding, 1), sub(sub(RecipientStanding, 10), 10)), DonorAction)",19*DonorAction,Image Scoring (binary),45.17,41.88,34.83,0.0,41.1,
2026-05-02_19-13,Local_VSCode,IR2NoD_Config_75_R1,Indirect Reciprocity Mode 2 (Assessment w/ No Donor Var),5,1,10,10,0,100,1,0.5,0.0,0.0,10,100,0.1,0.5,0.2,3,1,genHalfAndHalf,1,3,17,74042,Config_75,1,"add(add(RecipientStanding, RecipientStanding), RecipientStanding)",3*RecipientStanding,"Novel Rule: (True, False, True, False)",421.5,415.33,378.5,0.0,400.8,
2026-05-02_19-13,Local_VSCode,IR2NoD_Config_75_R2,Indirect Reciprocity Mode 2 (Assessment w/ No Donor Var),5,1,10,10,0,100,1,0.5,0.0,0.0,10,100,0.1,0.5,0.2,3,1,genHalfAndHalf,1,3,17,74043,Config_75,2,"mul(DonorAction, add(add(1, add(DonorAction, 1)), 1))",DonorAction*(DonorAction + 3),Image Scoring (binary),418.5,406.08,381.5,0.0,405.8,
2026-05-02_19-14,Local_VSCode,IR2NoD_Config_75_R3,Indirect Reciprocity Mode 2 (Assessment w/ No Donor Var),5,1,10,10,0,100,1,0.5,0.0,0.0,10,100,0.1,0.5,0.2,3,1,genHalfAndHalf,1,3,17,74044,Config_75,3,"mul(1, 1)",1,Unconditional Good,421.17,376.97,378.83,0.0,390.0,
2026-05-02_19-14,Local_VSCode,IR2NoD_Config_75_R4,Indirect Reciprocity Mode 2 (Assessment w/ No Donor Var),5,1,10,10,0,100,1,0.5,0.0,0.0,10,100,0.1,0.5,0.2,3,1,genHalfAndHalf,1,3,17,74045,Config_75,4,"mul(RecipientStanding, mul(DonorAction, RecipientStanding))",DonorAction*RecipientStanding**2,Shunning,420.17,377.75,379.83,0.0,389.0,
2026-05-02_19-14,Local_VSCode,IR2NoD_Config_75_R5,Indirect Reciprocity Mode 2 (Assessment w/ No Donor Var),5,1,10,10,0,100,1,0.5,0.0,0.0,10,100,0.1,0.5,0.2,3,1,genHalfAndHalf,1,3,17,74046,Config_75,5,"mul(sub(mul(sub(mul(DonorAction, DonorAction), add(-10, RecipientStanding)), DonorAction), add(-1, DonorAction)), add(sub(DonorAction, -10), sub(DonorAction, DonorAction)))",(DonorAction + 10)*(DonorAction*(DonorAction**2 - RecipientStanding + 10) - DonorAction + 1),Unconditional Good,416.67,391.09,383.33,0.0,403.1,
2026-05-02_19-15,Local_VSCode,IR2NoD_Config_76_R1,Indirect Reciprocity Mode 2 (Assessment w/ No Donor Var),5,1,10,10,0,100,1,0.5,0.0,0.0,10,100,0.1,0.5,0.2,3,1,genHalfAndHalf,1,10,17,75042,Config_76,1,"add(DonorAction, sub(add(DonorAction, 10), sub(-10, RecipientStanding)))",2*DonorAction + RecipientStanding + 20,Unconditional Good,421.5,405.92,378.5,0.0,401.2,
2026-05-02_19-15,Local_VSCode,IR2NoD_Config_76_R2,Indirect Reciprocity Mode 2 (Assessment w/ No Donor Var),5,1,10,10,0,100,1,0.5,0.0,0.0,10,100,0.1,0.5,0.2,3,1,genHalfAndHalf,1,10,17,75043,Config_76,2,"add(RecipientStanding, mul(sub(add(RecipientStanding, DonorAction), DonorAction), RecipientStanding))",RecipientStanding*(RecipientStanding + 1),"Novel Rule: (True, False, True, False)",416.0,381.17,384.0,0.0,405.0,
2026-05-02_19-15,Local_VSCode,IR2NoD_Config_76_R3,Indirect Reciprocity Mode 2 (Assessment w/ No Donor Var),5,1,10,10,0,100,1,0.5,0.0,0.0,10,100,0.1,0.5,0.2,3,1,genHalfAndHalf,1,10,17,75044,Config_76,3,"sub(add(add(10, sub(-1, RecipientStanding)), DonorAction), sub(DonorAction, DonorAction))",DonorAction - RecipientStanding + 9,Unconditional Good,421.0,411.05,379.0,0.0,402.4,
2026-05-02_19-15,Local_VSCode,IR2NoD_Config_76_R4,Indirect Reciprocity Mode 2 (Assessment w/ No Donor Var),5,1,10,10,0,100,1,0.5,0.0,0.0,10,100,0.1,0.5,0.2,3,1,genHalfAndHalf,1,10,17,75045,Config_76,4,"mul(add(RecipientStanding, mul(0, add(1, DonorAction))), RecipientStanding)",RecipientStanding**2,"Novel Rule: (True, False, True, False)",420.17,410.85,379.83,0.0,399.7,
2026-05-02_19-16,Local_VSCode,IR2NoD_Config_76_R5,Indirect Reciprocity Mode 2 (Assessment w/ No Donor Var),5,1,10,10,0,100,1,0.5,0.0,0.0,10,100,0.1,0.5,0.2,3,1,genHalfAndHalf,1,10,17,75046,Config_76,5,"mul(add(add(1, sub(10, DonorAction)), sub(10, sub(DonorAction, DonorAction))), sub(10, mul(DonorAction, RecipientStanding)))",(DonorAction - 21)*(DonorAction*RecipientStanding - 10),Unconditional Good,428.67,401.8,371.33,0.0,396.6,
2026-05-02_19-16,Local_VSCode,IR2NoD_Config_77_R1,Indirect Reciprocity Mode 2 (Assessment w/ No Donor Var),5,1,10,10,10,10,1,0.5,0.0,0.0,10,100,0.1,0.5,0.2,3,1,genHalfAndHalf,1,3,17,76042,Config_77,1,"sub(add(add(1, DonorAction), DonorAction), mul(add(RecipientStanding, 0), RecipientStanding))",2*DonorAction - RecipientStanding**2 + 1,Simple Standing,29.23,25.74,19.0,22.83,27.12,
2026-05-02_19-16,Local_VSCode,IR2NoD_Config_77_R2,Indirect Reciprocity Mode 2 (Assessment w/ No Donor Var),5,1,10,10,10,10,1,0.5,0.0,0.0,10,100,0.1,0.5,0.2,3,1,genHalfAndHalf,1,3,17,76043,Config_77,2,"sub(RecipientStanding, sub(sub(mul(add(DonorAction, DonorAction), sub(RecipientStanding, 1)), RecipientStanding), sub(DonorAction, DonorAction)))",-2*DonorAction*(RecipientStanding - 1) + 2*RecipientStanding,"Novel Rule: (True, True, True, False)",28.0,24.81,20.17,31.83,23.94,
2026-05-02_19-16,Local_VSCode,IR2NoD_Config_77_R3,Indirect Reciprocity Mode 2 (Assessment w/ No Donor Var),5,1,10,10,10,10,1,0.5,0.0,0.0,10,100,0.1,0.5,0.2,3,1,genHalfAndHalf,1,3,17,76044,Config_77,3,"mul(10, RecipientStanding)",10*RecipientStanding,"Novel Rule: (True, False, True, False)",27.83,21.93,21.0,31.17,26.28,
2026-05-02_19-16,Local_VSCode,IR2NoD_Config_77_R4,Indirect Reciprocity Mode 2 (Assessment w/ No Donor Var),5,1,10,10,10,10,1,0.5,0.0,0.0,10,100,0.1,0.5,0.2,3,1,genHalfAndHalf,1,3,17,76045,Config_77,4,"add(sub(DonorAction, 0), sub(RecipientStanding, sub(sub(DonorAction, 0), mul(RecipientStanding, add(sub(DonorAction, 1), sub(DonorAction, -1))))))",RecipientStanding*(2*DonorAction + 1),"Novel Rule: (True, False, True, False)",28.67,24.99,20.67,30.67,27.7,
2026-05-02_19-16,Local_VSCode,IR2NoD_Config_77_R5,Indirect Reciprocity Mode 2 (Assessment w/ No Donor Var),5,1,10,10,10,10,1,0.5,0.0,0.0,10,100,0.1,0.5,0.2,3,1,genHalfAndHalf,1,3,17,76046,Config_77,5,"sub(add(mul(RecipientStanding, RecipientStanding), DonorAction), sub(RecipientStanding, RecipientStanding))",DonorAction + RecipientStanding**2,"Novel Rule: (True, True, True, False)",28.0,22.48,21.5,30.5,24.88,
2026-05-02_19-16,Local_VSCode,IR2NoD_Config_78_R1,Indirect Reciprocity Mode 2 (Assessment w/ No Donor Var),5,1,10,10,10,10,1,0.5,0.0,0.0,10,100,0.1,0.5,0.2,3,1,genHalfAndHalf,1,10,17,77042,Config_78,1,"add(DonorAction, RecipientStanding)",DonorAction + RecipientStanding,"Novel Rule: (True, True, True, False)",28.0,24.56,19.83,32.17,24.74,
2026-05-02_19-16,Local_VSCode,IR2NoD_Config_78_R2,Indirect Reciprocity Mode 2 (Assessment w/ No Donor Var),5,1,10,10,10,10,1,0.5,0.0,0.0,10,100,0.1,0.5,0.2,3,1,genHalfAndHalf,1,10,17,77043,Config_78,2,"add(RecipientStanding, RecipientStanding)",2*RecipientStanding,"Novel Rule: (True, False, True, False)",26.67,22.64,20.67,32.67,25.58,
2026-05-02_19-16,Local_VSCode,IR2NoD_Config_78_R3,Indirect Reciprocity Mode 2 (Assessment w/ No Donor Var),5,1,10,10,10,10,1,0.5,0.0,0.0,10,100,0.1,0.5,0.2,3,1,genHalfAndHalf,1,10,17,77044,Config_78,3,"sub(add(DonorAction, add(sub(DonorAction, -10), add(add(DonorAction, add(DonorAction, DonorAction)), add(DonorAction, DonorAction)))), sub(DonorAction, RecipientStanding))",6*DonorAction + RecipientStanding + 10,Unconditional Good,28.33,23.49,22.0,29.67,26.18,
2026-05-02_19-16,Local_VSCode,IR2NoD_Config_78_R4,Indirect Reciprocity Mode 2 (Assessment w/ No Donor Var),5,1,10,10,10,10,1,0.5,0.0,0.0,10,100,0.1,0.5,0.2,3,1,genHalfAndHalf,1,10,17,77045,Config_78,4,"sub(RecipientStanding, -1)",RecipientStanding + 1,Unconditional Good,27.5,26.35,21.0,31.5,27.36,
2026-05-02_19-16,Local_VSCode,IR2NoD_Config_78_R5,Indirect Reciprocity Mode 2 (Assessment w/ No Donor Var),5,1,10,10,10,10,1,0.5,0.0,0.0,10,100,0.1,0.5,0.2,3,1,genHalfAndHalf,1,10,17,77046,Config_78,5,"sub(add(1, 1), RecipientStanding)",2 - RecipientStanding,Unconditional Good,28.0,23.83,19.33,32.67,24.5,
2026-05-02_19-17,Local_VSCode,IR2NoD_Config_79_R1,Indirect Reciprocity Mode 2 (Assessment w/ No Donor Var),5,1,10,10,10,100,1,0.5,0.0,0.0,10,100,0.1,0.5,0.2,3,1,genHalfAndHalf,1,3,17,78042,Config_79,1,"sub(add(DonorAction, DonorAction), add(sub(-1, 10), add(add(sub(RecipientStanding, DonorAction), 10), DonorAction)))",2*DonorAction - RecipientStanding + 1,Simple Standing,263.0,246.6,223.83,215.17,268.1,
2026-05-02_19-17,Local_VSCode,IR2NoD_Config_79_R2,Indirect Reciprocity Mode 2 (Assessment w/ No Donor Var),5,1,10,10,10,100,1,0.5,0.0,0.0,10,100,0.1,0.5,0.2,3,1,genHalfAndHalf,1,3,17,78043,Config_79,2,"add(add(RecipientStanding, add(1, DonorAction)), sub(add(add(10, DonorAction), mul(RecipientStanding, DonorAction)), sub(add(1, DonorAction), sub(DonorAction, mul(RecipientStanding, RecipientStanding)))))",DonorAction*RecipientStanding + 2*DonorAction - RecipientStanding**2 + RecipientStanding + 10,Unconditional Good,247.0,230.38,213.0,340.0,266.74,
2026-05-02_19-18,Local_VSCode,IR2NoD_Config_79_R3,Indirect Reciprocity Mode 2 (Assessment w/ No Donor Var),5,1,10,10,10,100,1,0.5,0.0,0.0,10,100,0.1,0.5,0.2,3,1,genHalfAndHalf,1,3,17,78044,Config_79,3,"add(mul(add(sub(RecipientStanding, DonorAction), sub(RecipientStanding, DonorAction)), sub(DonorAction, add(mul(mul(RecipientStanding, 1), add(-1, RecipientStanding)), RecipientStanding))), sub(RecipientStanding, -1))",RecipientStanding + 2*(DonorAction - RecipientStanding)*(-DonorAction + RecipientStanding*(RecipientStanding - 1) + RecipientStanding) + 1,Stern Judging,276.7,259.07,168.17,221.0,254.18,
2026-05-02_19-18,Local_VSCode,IR2NoD_Config_79_R4,Indirect Reciprocity Mode 2 (Assessment w/ No Donor Var),5,1,10,10,10,100,1,0.5,0.0,0.0,10,100,0.1,0.5,0.2,3,1,genHalfAndHalf,1,3,17,78045,Config_79,4,"add(mul(RecipientStanding, sub(RecipientStanding, sub(RecipientStanding, mul(RecipientStanding, mul(RecipientStanding, sub(RecipientStanding, sub(RecipientStanding, mul(RecipientStanding, sub(RecipientStanding, sub(RecipientStanding, RecipientStanding)))))))))), DonorAction)",DonorAction + RecipientStanding**5,"Novel Rule: (True, True, True, False)",248.0,228.75,212.17,339.83,257.66,
2026-05-02_19-18,Local_VSCode,IR2NoD_Config_79_R5,Indirect Reciprocity Mode 2 (Assessment w/ No Donor Var),5,1,10,10,10,100,1,0.5,0.0,0.0,10,100,0.1,0.5,0.2,3,1,genHalfAndHalf,1,3,17,78046,Config_79,5,"add(mul(RecipientStanding, DonorAction), sub(DonorAction, sub(RecipientStanding, 1)))",DonorAction*RecipientStanding + DonorAction - RecipientStanding + 1,Simple Standing,267.7,228.26,209.83,216.33,263.98,
2026-05-02_19-19,Local_VSCode,IR2NoD_Config_80_R1,Indirect Reciprocity Mode 2 (Assessment w/ No Donor Var),5,1,10,10,10,100,1,0.5,0.0,0.0,10,100,0.1,0.5,0.2,3,1,genHalfAndHalf,1,10,17,79042,Config_80,1,"sub(add(10, RecipientStanding), mul(mul(sub(sub(DonorAction, 0), add(sub(sub(-1, RecipientStanding), sub(-1, RecipientStanding)), RecipientStanding)), add(sub(add(-10, 0), RecipientStanding), add(sub(add(-10, 0), RecipientStanding), sub(RecipientStanding, 0)))), RecipientStanding))",RecipientStanding*(DonorAction - RecipientStanding)*(RecipientStanding + 20) + RecipientStanding + 10,Simple Standing,266.3,255.76,225.17,208.67,270.92,
2026-05-02_19-19,Local_VSCode,IR2NoD_Config_80_R2,Indirect Reciprocity Mode 2 (Assessment w/ No Donor Var),5,1,10,10,10,100,1,0.5,0.0,0.0,10,100,0.1,0.5,0.2,3,1,genHalfAndHalf,1,10,17,79043,Config_80,2,"sub(sub(mul(DonorAction, mul(sub(mul(mul(add(10, DonorAction), add(1, RecipientStanding)), DonorAction), add(-1, DonorAction)), RecipientStanding)), add(-1, DonorAction)), mul(mul(RecipientStanding, add(-1, DonorAction)), -10))",DonorAction*RecipientStanding*(DonorAction*(DonorAction + 10)*(RecipientStanding + 1) - DonorAction + 1) - DonorAction + 10*RecipientStanding*(DonorAction - 1) + 1,Stern Judging,277.8,241.48,164.17,224.83,266.74,
2026-05-02_19-20,Local_VSCode,IR2NoD_Config_80_R3,Indirect Reciprocity Mode 2 (Assessment w/ No Donor Var),5,1,10,10,10,100,1,0.5,0.0,0.0,10,100,0.1,0.5,0.2,3,1,genHalfAndHalf,1,10,17,79044,Config_80,3,"mul(10, sub(sub(DonorAction, sub(-10, RecipientStanding)), mul(sub(DonorAction, RecipientStanding), add(-1, add(-10, -10)))))",220*DonorAction - 200*RecipientStanding + 100,Simple Standing,267.83,257.13,224.17,210.67,260.0,
2026-05-02_19-21,Local_VSCode,IR2NoD_Config_80_R4,Indirect Reciprocity Mode 2 (Assessment w/ No Donor Var),5,1,10,10,10,100,1,0.5,0.0,0.0,10,100,0.1,0.5,0.2,3,1,genHalfAndHalf,1,10,17,79045,Config_80,4,"add(add(add(DonorAction, 10), sub(DonorAction, RecipientStanding)), mul(mul(mul(RecipientStanding, RecipientStanding), RecipientStanding), mul(RecipientStanding, -10)))",2*DonorAction - 10*RecipientStanding**4 - RecipientStanding + 10,Simple Standing,267.13,245.89,218.0,209.0,261.18,
2026-05-02_19-21,Local_VSCode,IR2NoD_Config_80_R5,Indirect Reciprocity Mode 2 (Assessment w/ No Donor Var),5,1,10,10,10,100,1,0.5,0.0,0.0,10,100,0.1,0.5,0.2,3,1,genHalfAndHalf,1,10,17,79046,Config_80,5,"add(sub(sub(0, -1), add(RecipientStanding, DonorAction)), add(DonorAction, add(DonorAction, add(DonorAction, DonorAction))))",3*DonorAction - RecipientStanding + 1,Simple Standing,269.2,241.67,217.67,209.67,259.14,
2026-05-02_19-21,Local_VSCode,IR2NoD_Config_81_R1,Indirect Reciprocity Mode 2 (Assessment w/ No Donor Var),5,1,10,0,0,10,1,0.5,0.0,0.0,10,100,0.5,0.5,0.2,3,1,genHalfAndHalf,1,3,17,80042,Config_81,1,"mul(1, DonorAction)",DonorAction,Image Scoring (binary),40.0,24.81,0.0,0.0,40.0,
2026-05-02_19-21,Local_VSCode,IR2NoD_Config_81_R2,Indirect Reciprocity Mode 2 (Assessment w/ No Donor Var),5,1,10,0,0,10,1,0.5,0.0,0.0,10,100,0.5,0.5,0.2,3,1,genHalfAndHalf,1,3,17,80043,Config_81,2,"mul(RecipientStanding, DonorAction)",DonorAction*RecipientStanding,Shunning,40.0,32.47,0.0,0.0,40.0,
2026-05-02_19-21,Local_VSCode,IR2NoD_Config_81_R3,Indirect Reciprocity Mode 2 (Assessment w/ No Donor Var),5,1,10,0,0,10,1,0.5,0.0,0.0,10,100,0.5,0.5,0.2,3,1,genHalfAndHalf,1,3,17,80044,Config_81,3,"add(RecipientStanding, 1)",RecipientStanding + 1,Unconditional Good,40.0,40.0,0.0,0.0,40.0,
2026-05-02_19-21,Local_VSCode,IR2NoD_Config_81_R4,Indirect Reciprocity Mode 2 (Assessment w/ No Donor Var),5,1,10,0,0,10,1,0.5,0.0,0.0,10,100,0.5,0.5,0.2,3,1,genHalfAndHalf,1,3,17,80045,Config_81,4,"mul(DonorAction, RecipientStanding)",DonorAction*RecipientStanding,Shunning,40.0,40.0,0.0,0.0,40.0,
2026-05-02_19-21,Local_VSCode,IR2NoD_Config_81_R5,Indirect Reciprocity Mode 2 (Assessment w/ No Donor Var),5,1,10,0,0,10,1,0.5,0.0,0.0,10,100,0.5,0.5,0.2,3,1,genHalfAndHalf,1,3,17,80046,Config_81,5,"mul(DonorAction, DonorAction)",DonorAction**2,Image Scoring (binary),40.0,40.0,0.0,0.0,40.0,
2026-05-02_19-21,Local_VSCode,IR2NoD_Config_82_R1,Indirect Reciprocity Mode 2 (Assessment w/ No Donor Var),5,1,10,0,0,10,1,0.5,0.0,0.0,10,100,0.5,0.5,0.2,3,1,genHalfAndHalf,1,10,17,81042,Config_82,1,"add(DonorAction, RecipientStanding)",DonorAction + RecipientStanding,"Novel Rule: (True, True, True, False)",40.0,36.17,0.0,0.0,40.0,
2026-05-02_19-21,Local_VSCode,IR2NoD_Config_82_R2,Indirect Reciprocity Mode 2 (Assessment w/ No Donor Var),5,1,10,0,0,10,1,0.5,0.0,0.0,10,100,0.5,0.5,0.2,3,1,genHalfAndHalf,1,10,17,81043,Config_82,2,"mul(RecipientStanding, RecipientStanding)",RecipientStanding**2,"Novel Rule: (True, False, True, False)",40.0,40.0,0.0,0.0,40.0,
2026-05-02_19-22,Local_VSCode,IR2NoD_Config_82_R3,Indirect Reciprocity Mode 2 (Assessment w/ No Donor Var),5,1,10,0,0,10,1,0.5,0.0,0.0,10,100,0.5,0.5,0.2,3,1,genHalfAndHalf,1,10,17,81044,Config_82,3,"add(1, RecipientStanding)",RecipientStanding + 1,Unconditional Good,40.0,36.21,0.0,0.0,40.0,
2026-05-02_19-22,Local_VSCode,IR2NoD_Config_82_R4,Indirect Reciprocity Mode 2 (Assessment w/ No Donor Var),5,1,10,0,0,10,1,0.5,0.0,0.0,10,100,0.5,0.5,0.2,3,1,genHalfAndHalf,1,10,17,81045,Config_82,4,"sub(DonorAction, -10)",DonorAction + 10,Unconditional Good,40.0,40.0,0.0,0.0,40.0,
2026-05-02_19-22,Local_VSCode,IR2NoD_Config_82_R5,Indirect Reciprocity Mode 2 (Assessment w/ No Donor Var),5,1,10,0,0,10,1,0.5,0.0,0.0,10,100,0.5,0.5,0.2,3,1,genHalfAndHalf,1,10,17,81046,Config_82,5,"mul(RecipientStanding, 10)",10*RecipientStanding,"Novel Rule: (True, False, True, False)",40.0,36.24,0.0,0.0,40.0,
2026-05-02_19-22,Local_VSCode,IR2NoD_Config_83_R1,Indirect Reciprocity Mode 2 (Assessment w/ No Donor Var),5,1,10,0,0,100,1,0.5,0.0,0.0,10,100,0.5,0.5,0.2,3,1,genHalfAndHalf,1,3,17,82042,Config_83,1,"mul(RecipientStanding, DonorAction)",DonorAction*RecipientStanding,Shunning,400.0,400.0,0.0,0.0,400.0,
2026-05-02_19-22,Local_VSCode,IR2NoD_Config_83_R2,Indirect Reciprocity Mode 2 (Assessment w/ No Donor Var),5,1,10,0,0,100,1,0.5,0.0,0.0,10,100,0.5,0.5,0.2,3,1,genHalfAndHalf,1,3,17,82043,Config_83,2,"mul(RecipientStanding, DonorAction)",DonorAction*RecipientStanding,Shunning,400.0,400.0,0.0,0.0,400.0,
2026-05-02_19-22,Local_VSCode,IR2NoD_Config_83_R3,Indirect Reciprocity Mode 2 (Assessment w/ No Donor Var),5,1,10,0,0,100,1,0.5,0.0,0.0,10,100,0.5,0.5,0.2,3,1,genHalfAndHalf,1,3,17,82044,Config_83,3,"mul(RecipientStanding, RecipientStanding)",RecipientStanding**2,"Novel Rule: (True, False, True, False)",400.0,280.59,0.0,0.0,400.0,
2026-05-02_19-22,Local_VSCode,IR2NoD_Config_83_R4,Indirect Reciprocity Mode 2 (Assessment w/ No Donor Var),5,1,10,0,0,100,1,0.5,0.0,0.0,10,100,0.5,0.5,0.2,3,1,genHalfAndHalf,1,3,17,82045,Config_83,4,"mul(1, 1)",1,Unconditional Good,400.0,360.21,0.0,0.0,400.0,
2026-05-02_19-22,Local_VSCode,IR2NoD_Config_83_R5,Indirect Reciprocity Mode 2 (Assessment w/ No Donor Var),5,1,10,0,0,100,1,0.5,0.0,0.0,10,100,0.5,0.5,0.2,3,1,genHalfAndHalf,1,3,17,82046,Config_83,5,"mul(RecipientStanding, 10)",10*RecipientStanding,"Novel Rule: (True, False, True, False)",400.0,240.73,0.0,0.0,400.0,
2026-05-02_19-22,Local_VSCode,IR2NoD_Config_84_R1,Indirect Reciprocity Mode 2 (Assessment w/ No Donor Var),5,1,10,0,0,100,1,0.5,0.0,0.0,10,100,0.5,0.5,0.2,3,1,genHalfAndHalf,1,10,17,83042,Config_84,1,"mul(10, 10)",100,Unconditional Good,400.0,360.19,0.0,0.0,400.0,
2026-05-02_19-23,Local_VSCode,IR2NoD_Config_84_R2,Indirect Reciprocity Mode 2 (Assessment w/ No Donor Var),5,1,10,0,0,100,1,0.5,0.0,0.0,10,100,0.5,0.5,0.2,3,1,genHalfAndHalf,1,10,17,83043,Config_84,2,"add(1, 1)",2,Unconditional Good,400.0,380.13,0.0,0.0,400.0,
2026-05-02_19-23,Local_VSCode,IR2NoD_Config_84_R3,Indirect Reciprocity Mode 2 (Assessment w/ No Donor Var),5,1,10,0,0,100,1,0.5,0.0,0.0,10,100,0.5,0.5,0.2,3,1,genHalfAndHalf,1,10,17,83044,Config_84,3,"add(1, RecipientStanding)",RecipientStanding + 1,Unconditional Good,400.0,320.39,0.0,0.0,400.0,
2026-05-02_19-23,Local_VSCode,IR2NoD_Config_84_R4,Indirect Reciprocity Mode 2 (Assessment w/ No Donor Var),5,1,10,0,0,100,1,0.5,0.0,0.0,10,100,0.5,0.5,0.2,3,1,genHalfAndHalf,1,10,17,83045,Config_84,4,"add(DonorAction, DonorAction)",2*DonorAction,Image Scoring (binary),400.0,400.0,0.0,0.0,400.0,
2026-05-02_19-23,Local_VSCode,IR2NoD_Config_84_R5,Indirect Reciprocity Mode 2 (Assessment w/ No Donor Var),5,1,10,0,0,100,1,0.5,0.0,0.0,10,100,0.5,0.5,0.2,3,1,genHalfAndHalf,1,10,17,83046,Config_84,5,"add(DonorAction, DonorAction)",2*DonorAction,Image Scoring (binary),400.0,360.2,0.0,0.0,400.0,
2026-05-02_19-23,Local_VSCode,IR2NoD_Config_85_R1,Indirect Reciprocity Mode 2 (Assessment w/ No Donor Var),5,1,10,0,10,10,1,0.5,0.0,0.0,10,100,0.5,0.5,0.2,3,1,genHalfAndHalf,1,3,17,84042,Config_85,1,"add(RecipientStanding, RecipientStanding)",2*RecipientStanding,"Novel Rule: (True, False, True, False)",17.67,14.77,0.0,22.33,17.88,
2026-05-02_19-23,Local_VSCode,IR2NoD_Config_85_R2,Indirect Reciprocity Mode 2 (Assessment w/ No Donor Var),5,1,10,0,10,10,1,0.5,0.0,0.0,10,100,0.5,0.5,0.2,3,1,genHalfAndHalf,1,3,17,84043,Config_85,2,"add(1, 1)",2,Unconditional Good,17.0,15.27,0.0,23.0,19.3,
2026-05-02_19-23,Local_VSCode,IR2NoD_Config_85_R3,Indirect Reciprocity Mode 2 (Assessment w/ No Donor Var),5,1,10,0,10,10,1,0.5,0.0,0.0,10,100,0.5,0.5,0.2,3,1,genHalfAndHalf,1,3,17,84044,Config_85,3,"add(sub(1, RecipientStanding), DonorAction)",DonorAction - RecipientStanding + 1,Simple Standing,19.33,15.76,0.0,6.67,17.64,
2026-05-02_19-23,Local_VSCode,IR2NoD_Config_85_R4,Indirect Reciprocity Mode 2 (Assessment w/ No Donor Var),5,1,10,0,10,10,1,0.5,0.0,0.0,10,100,0.5,0.5,0.2,3,1,genHalfAndHalf,1,3,17,84045,Config_85,4,"add(1, RecipientStanding)",RecipientStanding + 1,Unconditional Good,16.83,14.25,0.0,23.17,17.7,
2026-05-02_19-23,Local_VSCode,IR2NoD_Config_85_R5,Indirect Reciprocity Mode 2 (Assessment w/ No Donor Var),5,1,10,0,10,10,1,0.5,0.0,0.0,10,100,0.5,0.5,0.2,3,1,genHalfAndHalf,1,3,17,84046,Config_85,5,"add(DonorAction, RecipientStanding)",DonorAction + RecipientStanding,"Novel Rule: (True, True, True, False)",17.67,15.85,0.0,22.33,19.8,
2026-05-02_19-23,Local_VSCode,IR2NoD_Config_86_R1,Indirect Reciprocity Mode 2 (Assessment w/ No Donor Var),5,1,10,0,10,10,1,0.5,0.0,0.0,10,100,0.5,0.5,0.2,3,1,genHalfAndHalf,1,10,17,85042,Config_86,1,"add(RecipientStanding, RecipientStanding)",2*RecipientStanding,"Novel Rule: (True, False, True, False)",17.67,12.43,0.0,22.33,20.4,
2026-05-02_19-23,Local_VSCode,IR2NoD_Config_86_R2,Indirect Reciprocity Mode 2 (Assessment w/ No Donor Var),5,1,10,0,10,10,1,0.5,0.0,0.0,10,100,0.5,0.5,0.2,3,1,genHalfAndHalf,1,10,17,85043,Config_86,2,"add(RecipientStanding, RecipientStanding)",2*RecipientStanding,"Novel Rule: (True, False, True, False)",17.33,13.7,0.0,22.67,19.94,
2026-05-02_19-23,Local_VSCode,IR2NoD_Config_86_R3,Indirect Reciprocity Mode 2 (Assessment w/ No Donor Var),5,1,10,0,10,10,1,0.5,0.0,0.0,10,100,0.5,0.5,0.2,3,1,genHalfAndHalf,1,10,17,85044,Config_86,3,"add(DonorAction, RecipientStanding)",DonorAction + RecipientStanding,"Novel Rule: (True, True, True, False)",16.67,13.04,0.0,23.33,17.6,
2026-05-02_19-24,Local_VSCode,IR2NoD_Config_86_R4,Indirect Reciprocity Mode 2 (Assessment w/ No Donor Var),5,1,10,0,10,10,1,0.5,0.0,0.0,10,100,0.5,0.5,0.2,3,1,genHalfAndHalf,1,10,17,85045,Config_86,4,"add(RecipientStanding, RecipientStanding)",2*RecipientStanding,"Novel Rule: (True, False, True, False)",16.33,14.11,0.0,23.67,19.52,
2026-05-02_19-24,Local_VSCode,IR2NoD_Config_86_R5,Indirect Reciprocity Mode 2 (Assessment w/ No Donor Var),5,1,10,0,10,10,1,0.5,0.0,0.0,10,100,0.5,0.5,0.2,3,1,genHalfAndHalf,1,10,17,85046,Config_86,5,"mul(add(RecipientStanding, RecipientStanding), RecipientStanding)",2*RecipientStanding**2,"Novel Rule: (True, False, True, False)",16.5,14.38,0.0,23.5,18.9,
2026-05-02_19-24,Local_VSCode,IR2NoD_Config_87_R1,Indirect Reciprocity Mode 2 (Assessment w/ No Donor Var),5,1,10,0,10,100,1,0.5,0.0,0.0,10,100,0.5,0.5,0.2,3,1,genHalfAndHalf,1,3,17,86042,Config_87,1,"add(sub(DonorAction, -1), sub(DonorAction, RecipientStanding))",2*DonorAction - RecipientStanding + 1,Simple Standing,170.47,140.83,0.0,85.67,190.18,
2026-05-02_19-24,Local_VSCode,IR2NoD_Config_87_R2,Indirect Reciprocity Mode 2 (Assessment w/ No Donor Var),5,1,10,0,10,100,1,0.5,0.0,0.0,10,100,0.5,0.5,0.2,3,1,genHalfAndHalf,1,3,17,86043,Config_87,2,"add(sub(sub(1, RecipientStanding), mul(DonorAction, DonorAction)), mul(10, DonorAction))",-DonorAction**2 + 10*DonorAction - RecipientStanding + 1,Simple Standing,180.6,145.73,0.0,79.67,193.5,
2026-05-02_19-24,Local_VSCode,IR2NoD_Config_87_R3,Indirect Reciprocity Mode 2 (Assessment w/ No Donor Var),5,1,10,0,10,100,1,0.5,0.0,0.0,10,100,0.5,0.5,0.2,3,1,genHalfAndHalf,1,3,17,86044,Config_87,3,"add(sub(DonorAction, RecipientStanding), sub(DonorAction, -1))",2*DonorAction - RecipientStanding + 1,Simple Standing,183.4,80.46,0.0,79.0,188.54,
2026-05-02_19-25,Local_VSCode,IR2NoD_Config_87_R4,Indirect Reciprocity Mode 2 (Assessment w/ No Donor Var),5,1,10,0,10,100,1,0.5,0.0,0.0,10,100,0.5,0.5,0.2,3,1,genHalfAndHalf,1,3,17,86045,Config_87,4,"add(RecipientStanding, mul(0, DonorAction))",RecipientStanding,"Novel Rule: (True, False, True, False)",151.83,102.05,0.0,248.17,192.2,
2026-05-02_19-25,Local_VSCode,IR2NoD_Config_87_R5,Indirect Reciprocity Mode 2 (Assessment w/ No Donor Var),5,1,10,0,10,100,1,0.5,0.0,0.0,10,100,0.5,0.5,0.2,3,1,genHalfAndHalf,1,3,17,86046,Config_87,5,"sub(sub(add(add(DonorAction, add(RecipientStanding, DonorAction)), sub(sub(DonorAction, add(RecipientStanding, DonorAction)), RecipientStanding)), RecipientStanding), add(-1, -1))",2*DonorAction - 2*RecipientStanding + 2,Simple Standing,181.8,121.0,0.0,80.33,187.76,
2026-05-02_19-25,Local_VSCode,IR2NoD_Config_88_R1,Indirect Reciprocity Mode 2 (Assessment w/ No Donor Var),5,1,10,0,10,100,1,0.5,0.0,0.0,10,100,0.5,0.5,0.2,3,1,genHalfAndHalf,1,10,17,87042,Config_88,1,"sub(DonorAction, sub(RecipientStanding, add(DonorAction, 1)))",2*DonorAction - RecipientStanding + 1,Simple Standing,182.13,116.51,0.0,85.33,191.76,
2026-05-02_19-26,Local_VSCode,IR2NoD_Config_88_R2,Indirect Reciprocity Mode 2 (Assessment w/ No Donor Var),5,1,10,0,10,100,1,0.5,0.0,0.0,10,100,0.5,0.5,0.2,3,1,genHalfAndHalf,1,10,17,87043,Config_88,2,"add(RecipientStanding, sub(DonorAction, add(mul(sub(DonorAction, RecipientStanding), -1), add(sub(DonorAction, 1), RecipientStanding))))",DonorAction - RecipientStanding + 1,Simple Standing,175.97,130.89,0.0,83.5,188.5,
2026-05-02_19-26,Local_VSCode,IR2NoD_Config_88_R3,Indirect Reciprocity Mode 2 (Assessment w/ No Donor Var),5,1,10,0,10,100,1,0.5,0.0,0.0,10,100,0.5,0.5,0.2,3,1,genHalfAndHalf,1,10,17,87044,Config_88,3,"mul(RecipientStanding, RecipientStanding)",RecipientStanding**2,"Novel Rule: (True, False, True, False)",146.17,126.9,0.0,253.83,191.3,
2026-05-02_19-26,Local_VSCode,IR2NoD_Config_88_R4,Indirect Reciprocity Mode 2 (Assessment w/ No Donor Var),5,1,10,0,10,100,1,0.5,0.0,0.0,10,100,0.5,0.5,0.2,3,1,genHalfAndHalf,1,10,17,87045,Config_88,4,"add(RecipientStanding, sub(DonorAction, -1))",DonorAction + RecipientStanding + 1,Unconditional Good,148.5,130.87,0.0,251.5,186.84,
2026-05-02_19-26,Local_VSCode,IR2NoD_Config_88_R5,Indirect Reciprocity Mode 2 (Assessment w/ No Donor Var),5,1,10,0,10,100,1,0.5,0.0,0.0,10,100,0.5,0.5,0.2,3,1,genHalfAndHalf,1,10,17,87046,Config_88,5,"sub(sub(add(DonorAction, DonorAction), RecipientStanding), -1)",2*DonorAction - RecipientStanding + 1,Simple Standing,181.93,148.59,0.0,75.67,187.14,
2026-05-02_19-27,Local_VSCode,IR2NoD_Config_89_R1,Indirect Reciprocity Mode 2 (Assessment w/ No Donor Var),5,1,10,10,0,10,1,0.5,0.0,0.0,10,100,0.5,0.5,0.2,3,1,genHalfAndHalf,1,3,17,88042,Config_89,1,"mul(DonorAction, DonorAction)",DonorAction**2,Image Scoring (binary),44.67,40.28,35.33,0.0,41.0,
2026-05-02_19-27,Local_VSCode,IR2NoD_Config_89_R2,Indirect Reciprocity Mode 2 (Assessment w/ No Donor Var),5,1,10,10,0,10,1,0.5,0.0,0.0,10,100,0.5,0.5,0.2,3,1,genHalfAndHalf,1,3,17,88043,Config_89,2,"add(sub(DonorAction, DonorAction), RecipientStanding)",RecipientStanding,"Novel Rule: (True, False, True, False)",46.0,42.02,34.0,0.0,40.0,
2026-05-02_19-27,Local_VSCode,IR2NoD_Config_89_R3,Indirect Reciprocity Mode 2 (Assessment w/ No Donor Var),5,1,10,10,0,10,1,0.5,0.0,0.0,10,100,0.5,0.5,0.2,3,1,genHalfAndHalf,1,3,17,88044,Config_89,3,"add(0, RecipientStanding)",RecipientStanding,"Novel Rule: (True, False, True, False)",45.0,35.5,35.0,0.0,41.8,
2026-05-02_19-27,Local_VSCode,IR2NoD_Config_89_R4,Indirect Reciprocity Mode 2 (Assessment w/ No Donor Var),5,1,10,10,0,10,1,0.5,0.0,0.0,10,100,0.5,0.5,0.2,3,1,genHalfAndHalf,1,3,17,88045,Config_89,4,"add(RecipientStanding, RecipientStanding)",2*RecipientStanding,"Novel Rule: (True, False, True, False)",47.0,40.58,33.0,0.0,38.9,
2026-05-02_19-27,Local_VSCode,IR2NoD_Config_89_R5,Indirect Reciprocity Mode 2 (Assessment w/ No Donor Var),5,1,10,10,0,10,1,0.5,0.0,0.0,10,100,0.5,0.5,0.2,3,1,genHalfAndHalf,1,3,17,88046,Config_89,5,"mul(mul(RecipientStanding, 1), mul(mul(RecipientStanding, 1), RecipientStanding))",RecipientStanding**3,"Novel Rule: (True, False, True, False)",46.17,39.76,33.83,0.0,38.9,
2026-05-02_19-27,Local_VSCode,IR2NoD_Config_90_R1,Indirect Reciprocity Mode 2 (Assessment w/ No Donor Var),5,1,10,10,0,10,1,0.5,0.0,0.0,10,100,0.5,0.5,0.2,3,1,genHalfAndHalf,1,10,17,89042,Config_90,1,"add(DonorAction, add(RecipientStanding, DonorAction))",2*DonorAction + RecipientStanding,"Novel Rule: (True, True, True, False)",45.0,39.38,35.0,0.0,38.4,
2026-05-02_19-27,Local_VSCode,IR2NoD_Config_90_R2,Indirect Reciprocity Mode 2 (Assessment w/ No Donor Var),5,1,10,10,0,10,1,0.5,0.0,0.0,10,100,0.5,0.5,0.2,3,1,genHalfAndHalf,1,10,17,89043,Config_90,2,"sub(10, -10)",20,Unconditional Good,43.67,36.58,36.33,0.0,38.1,
2026-05-02_19-27,Local_VSCode,IR2NoD_Config_90_R3,Indirect Reciprocity Mode 2 (Assessment w/ No Donor Var),5,1,10,10,0,10,1,0.5,0.0,0.0,10,100,0.5,0.5,0.2,3,1,genHalfAndHalf,1,10,17,89044,Config_90,3,"sub(1, -1)",2,Unconditional Good,45.5,38.67,34.5,0.0,41.3,
2026-05-02_19-27,Local_VSCode,IR2NoD_Config_90_R4,Indirect Reciprocity Mode 2 (Assessment w/ No Donor Var),5,1,10,10,0,10,1,0.5,0.0,0.0,10,100,0.5,0.5,0.2,3,1,genHalfAndHalf,1,10,17,89045,Config_90,4,"add(RecipientStanding, 10)",RecipientStanding + 10,Unconditional Good,45.0,43.7,35.0,0.0,38.7,
2026-05-02_19-27,Local_VSCode,IR2NoD_Config_90_R5,Indirect Reciprocity Mode 2 (Assessment w/ No Donor Var),5,1,10,10,0,10,1,0.5,0.0,0.0,10,100,0.5,0.5,0.2,3,1,genHalfAndHalf,1,10,17,89046,Config_90,5,"sub(DonorAction, -1)",DonorAction + 1,Unconditional Good,44.33,37.49,35.67,0.0,41.2,
2026-05-02_19-27,Local_VSCode,IR2NoD_Config_91_R1,Indirect Reciprocity Mode 2 (Assessment w/ No Donor Var),5,1,10,10,0,100,1,0.5,0.0,0.0,10,100,0.5,0.5,0.2,3,1,genHalfAndHalf,1,3,17,90042,Config_91,1,"mul(DonorAction, mul(add(DonorAction, RecipientStanding), DonorAction))",DonorAction**2*(DonorAction + RecipientStanding),Image Scoring (binary),420.17,403.15,379.83,0.0,406.0,
2026-05-02_19-28,Local_VSCode,IR2NoD_Config_91_R2,Indirect Reciprocity Mode 2 (Assessment w/ No Donor Var),5,1,10,10,0,100,1,0.5,0.0,0.0,10,100,0.5,0.5,0.2,3,1,genHalfAndHalf,1,3,17,90043,Config_91,2,"add(RecipientStanding, mul(DonorAction, RecipientStanding))",RecipientStanding*(DonorAction + 1),"Novel Rule: (True, False, True, False)",417.17,404.1,382.83,0.0,398.6,
2026-05-02_19-28,Local_VSCode,IR2NoD_Config_91_R3,Indirect Reciprocity Mode 2 (Assessment w/ No Donor Var),5,1,10,10,0,100,1,0.5,0.0,0.0,10,100,0.5,0.5,0.2,3,1,genHalfAndHalf,1,3,17,90044,Config_91,3,"mul(RecipientStanding, RecipientStanding)",RecipientStanding**2,"Novel Rule: (True, False, True, False)",417.83,403.52,382.17,0.0,397.3,
2026-05-02_19-28,Local_VSCode,IR2NoD_Config_91_R4,Indirect Reciprocity Mode 2 (Assessment w/ No Donor Var),5,1,10,10,0,100,1,0.5,0.0,0.0,10,100,0.5,0.5,0.2,3,1,genHalfAndHalf,1,3,17,90045,Config_91,4,"sub(10, sub(10, DonorAction))",DonorAction,Image Scoring (binary),418.67,392.11,381.33,0.0,401.8,
2026-05-02_19-29,Local_VSCode,IR2NoD_Config_91_R5,Indirect Reciprocity Mode 2 (Assessment w/ No Donor Var),5,1,10,10,0,100,1,0.5,0.0,0.0,10,100,0.5,0.5,0.2,3,1,genHalfAndHalf,1,3,17,90046,Config_91,5,"add(DonorAction, DonorAction)",2*DonorAction,Image Scoring (binary),419.83,406.1,380.17,0.0,399.9,
2026-05-02_19-29,Local_VSCode,IR2NoD_Config_92_R1,Indirect Reciprocity Mode 2 (Assessment w/ No Donor Var),5,1,10,10,0,100,1,0.5,0.0,0.0,10,100,0.5,0.5,0.2,3,1,genHalfAndHalf,1,10,17,91042,Config_92,1,"sub(add(-10, DonorAction), -10)",DonorAction,Image Scoring (binary),411.83,407.18,388.17,0.0,401.4,
2026-05-02_19-29,Local_VSCode,IR2NoD_Config_92_R2,Indirect Reciprocity Mode 2 (Assessment w/ No Donor Var),5,1,10,10,0,100,1,0.5,0.0,0.0,10,100,0.5,0.5,0.2,3,1,genHalfAndHalf,1,10,17,91043,Config_92,2,"mul(1, RecipientStanding)",RecipientStanding,"Novel Rule: (True, False, True, False)",418.67,392.0,381.33,0.0,396.1,
2026-05-02_19-30,Local_VSCode,IR2NoD_Config_92_R3,Indirect Reciprocity Mode 2 (Assessment w/ No Donor Var),5,1,10,10,0,100,1,0.5,0.0,0.0,10,100,0.5,0.5,0.2,3,1,genHalfAndHalf,1,10,17,91044,Config_92,3,"mul(DonorAction, DonorAction)",DonorAction**2,Image Scoring (binary),418.0,403.83,382.0,0.0,406.7,
2026-05-02_19-30,Local_VSCode,IR2NoD_Config_92_R4,Indirect Reciprocity Mode 2 (Assessment w/ No Donor Var),5,1,10,10,0,100,1,0.5,0.0,0.0,10,100,0.5,0.5,0.2,3,1,genHalfAndHalf,1,10,17,91045,Config_92,4,"mul(DonorAction, add(DonorAction, RecipientStanding))",DonorAction*(DonorAction + RecipientStanding),Image Scoring (binary),418.17,390.91,381.83,0.0,406.4,
2026-05-02_19-30,Local_VSCode,IR2NoD_Config_92_R5,Indirect Reciprocity Mode 2 (Assessment w/ No Donor Var),5,1,10,10,0,100,1,0.5,0.0,0.0,10,100,0.5,0.5,0.2,3,1,genHalfAndHalf,1,10,17,91046,Config_92,5,"add(add(sub(sub(RecipientStanding, RecipientStanding), mul(RecipientStanding, DonorAction)), RecipientStanding), RecipientStanding)",RecipientStanding*(2 - DonorAction),"Novel Rule: (True, False, True, False)",417.0,392.01,383.0,0.0,400.3,
2026-05-02_19-30,Local_VSCode,IR2NoD_Config_93_R1,Indirect Reciprocity Mode 2 (Assessment w/ No Donor Var),5,1,10,10,10,10,1,0.5,0.0,0.0,10,100,0.5,0.5,0.2,3,1,genHalfAndHalf,1,3,17,92042,Config_93,1,"add(10, add(mul(DonorAction, 10), sub(RecipientStanding, 10)))",10*DonorAction + RecipientStanding,"Novel Rule: (True, True, True, False)",30.33,26.15,20.83,28.83,23.6,
2026-05-02_19-30,Local_VSCode,IR2NoD_Config_93_R2,Indirect Reciprocity Mode 2 (Assessment w/ No Donor Var),5,1,10,10,10,10,1,0.5,0.0,0.0,10,100,0.5,0.5,0.2,3,1,genHalfAndHalf,1,3,17,92043,Config_93,2,"add(10, 10)",20,Unconditional Good,26.67,24.9,19.83,33.5,25.96,
2026-05-02_19-30,Local_VSCode,IR2NoD_Config_93_R3,Indirect Reciprocity Mode 2 (Assessment w/ No Donor Var),5,1,10,10,10,10,1,0.5,0.0,0.0,10,100,0.5,0.5,0.2,3,1,genHalfAndHalf,1,3,17,92044,Config_93,3,"add(RecipientStanding, RecipientStanding)",2*RecipientStanding,"Novel Rule: (True, False, True, False)",28.33,23.0,20.17,31.5,26.78,
2026-05-02_19-31,Local_VSCode,IR2NoD_Config_93_R4,Indirect Reciprocity Mode 2 (Assessment w/ No Donor Var),5,1,10,10,10,10,1,0.5,0.0,0.0,10,100,0.5,0.5,0.2,3,1,genHalfAndHalf,1,3,17,92045,Config_93,4,"add(10, 10)",20,Unconditional Good,27.83,23.31,18.5,33.67,25.48,
2026-05-02_19-31,Local_VSCode,IR2NoD_Config_93_R5,Indirect Reciprocity Mode 2 (Assessment w/ No Donor Var),5,1,10,10,10,10,1,0.5,0.0,0.0,10,100,0.5,0.5,0.2,3,1,genHalfAndHalf,1,3,17,92046,Config_93,5,"add(RecipientStanding, RecipientStanding)",2*RecipientStanding,"Novel Rule: (True, False, True, False)",27.17,26.42,19.83,33.0,24.86,
2026-05-02_19-31,Local_VSCode,IR2NoD_Config_94_R1,Indirect Reciprocity Mode 2 (Assessment w/ No Donor Var),5,1,10,10,10,10,1,0.5,0.0,0.0,10,100,0.5,0.5,0.2,3,1,genHalfAndHalf,1,10,17,93042,Config_94,1,"sub(RecipientStanding, 0)",RecipientStanding,"Novel Rule: (True, False, True, False)",27.83,21.88,20.33,31.83,27.52,
2026-05-02_19-31,Local_VSCode,IR2NoD_Config_94_R2,Indirect Reciprocity Mode 2 (Assessment w/ No Donor Var),5,1,10,10,10,10,1,0.5,0.0,0.0,10,100,0.5,0.5,0.2,3,1,genHalfAndHalf,1,10,17,93043,Config_94,2,"add(RecipientStanding, RecipientStanding)",2*RecipientStanding,"Novel Rule: (True, False, True, False)",27.83,23.92,20.0,32.17,25.1,
2026-05-02_19-31,Local_VSCode,IR2NoD_Config_94_R3,Indirect Reciprocity Mode 2 (Assessment w/ No Donor Var),5,1,10,10,10,10,1,0.5,0.0,0.0,10,100,0.5,0.5,0.2,3,1,genHalfAndHalf,1,10,17,93044,Config_94,3,"add(1, 1)",2,Unconditional Good,28.33,23.86,19.5,32.17,27.48,
2026-05-02_19-31,Local_VSCode,IR2NoD_Config_94_R4,Indirect Reciprocity Mode 2 (Assessment w/ No Donor Var),5,1,10,10,10,10,1,0.5,0.0,0.0,10,100,0.5,0.5,0.2,3,1,genHalfAndHalf,1,10,17,93045,Config_94,4,"add(DonorAction, RecipientStanding)",DonorAction + RecipientStanding,"Novel Rule: (True, True, True, False)",28.83,22.68,20.83,30.33,27.18,
2026-05-02_19-31,Local_VSCode,IR2NoD_Config_94_R5,Indirect Reciprocity Mode 2 (Assessment w/ No Donor Var),5,1,10,10,10,10,1,0.5,0.0,0.0,10,100,0.5,0.5,0.2,3,1,genHalfAndHalf,1,10,17,93046,Config_94,5,"mul(RecipientStanding, RecipientStanding)",RecipientStanding**2,"Novel Rule: (True, False, True, False)",26.17,22.68,21.83,32.0,27.62,
2026-05-02_19-32,Local_VSCode,IR2NoD_Config_95_R1,Indirect Reciprocity Mode 2 (Assessment w/ No Donor Var),5,1,10,10,10,100,1,0.5,0.0,0.0,10,100,0.5,0.5,0.2,3,1,genHalfAndHalf,1,3,17,94042,Config_95,1,"add(sub(add(DonorAction, DonorAction), RecipientStanding), 1)",2*DonorAction - RecipientStanding + 1,Simple Standing,268.33,254.21,217.67,210.67,258.44,
2026-05-02_19-32,Local_VSCode,IR2NoD_Config_95_R2,Indirect Reciprocity Mode 2 (Assessment w/ No Donor Var),5,1,10,10,10,100,1,0.5,0.0,0.0,10,100,0.5,0.5,0.2,3,1,genHalfAndHalf,1,3,17,94043,Config_95,2,"add(add(DonorAction, add(DonorAction, 1)), mul(mul(sub(DonorAction, RecipientStanding), sub(DonorAction, -1)), add(sub(RecipientStanding, DonorAction), add(add(DonorAction, 1), 10))))",2*DonorAction + (DonorAction + 1)*(DonorAction - RecipientStanding)*(RecipientStanding + 11) + 1,Simple Standing,269.9,247.09,221.17,208.67,258.02,
2026-05-02_19-33,Local_VSCode,IR2NoD_Config_95_R3,Indirect Reciprocity Mode 2 (Assessment w/ No Donor Var),5,1,10,10,10,100,1,0.5,0.0,0.0,10,100,0.5,0.5,0.2,3,1,genHalfAndHalf,1,3,17,94044,Config_95,3,"sub(10, DonorAction)",10 - DonorAction,Unconditional Good,243.5,214.17,220.17,336.33,258.18,
2026-05-02_19-33,Local_VSCode,IR2NoD_Config_95_R4,Indirect Reciprocity Mode 2 (Assessment w/ No Donor Var),5,1,10,10,10,100,1,0.5,0.0,0.0,10,100,0.5,0.5,0.2,3,1,genHalfAndHalf,1,3,17,94045,Config_95,4,"add(sub(1, RecipientStanding), mul(RecipientStanding, mul(DonorAction, RecipientStanding)))",DonorAction*RecipientStanding**2 - RecipientStanding + 1,Simple Standing,267.67,228.4,225.67,208.0,258.86,
2026-05-02_19-33,Local_VSCode,IR2NoD_Config_95_R5,Indirect Reciprocity Mode 2 (Assessment w/ No Donor Var),5,1,10,10,10,100,1,0.5,0.0,0.0,10,100,0.5,0.5,0.2,3,1,genHalfAndHalf,1,3,17,94046,Config_95,5,"add(RecipientStanding, RecipientStanding)",2*RecipientStanding,"Novel Rule: (True, False, True, False)",244.17,223.46,224.5,331.33,252.3,
2026-05-02_19-34,Local_VSCode,IR2NoD_Config_96_R1,Indirect Reciprocity Mode 2 (Assessment w/ No Donor Var),5,1,10,10,10,100,1,0.5,0.0,0.0,10,100,0.5,0.5,0.2,3,1,genHalfAndHalf,1,10,17,95042,Config_96,1,"add(sub(DonorAction, -1), sub(DonorAction, RecipientStanding))",2*DonorAction - RecipientStanding + 1,Simple Standing,260.9,208.24,229.5,206.0,260.46,
2026-05-02_19-34,Local_VSCode,IR2NoD_Config_96_R2,Indirect Reciprocity Mode 2 (Assessment w/ No Donor Var),5,1,10,10,10,100,1,0.5,0.0,0.0,10,100,0.5,0.5,0.2,3,1,genHalfAndHalf,1,10,17,95043,Config_96,2,"add(mul(sub(sub(RecipientStanding, sub(RecipientStanding, DonorAction)), RecipientStanding), sub(RecipientStanding, DonorAction)), 1)",1 - (DonorAction - RecipientStanding)**2,Stern Judging,276.2,248.08,162.83,224.83,261.5,
2026-05-02_19-34,Local_VSCode,IR2NoD_Config_96_R3,Indirect Reciprocity Mode 2 (Assessment w/ No Donor Var),5,1,10,10,10,100,1,0.5,0.0,0.0,10,100,0.5,0.5,0.2,3,1,genHalfAndHalf,1,10,17,95044,Config_96,3,"add(add(1, DonorAction), mul(RecipientStanding, mul(RecipientStanding, add(DonorAction, add(DonorAction, sub(DonorAction, RecipientStanding))))))",DonorAction + RecipientStanding**2*(3*DonorAction - RecipientStanding) + 1,Simple Standing,273.4,247.33,216.83,206.17,257.82,
2026-05-02_19-35,Local_VSCode,IR2NoD_Config_96_R4,Indirect Reciprocity Mode 2 (Assessment w/ No Donor Var),5,1,10,10,10,100,1,0.5,0.0,0.0,10,100,0.5,0.5,0.2,3,1,genHalfAndHalf,1,10,17,95045,Config_96,4,"add(1, sub(DonorAction, RecipientStanding))",DonorAction - RecipientStanding + 1,Simple Standing,254.5,241.05,226.67,214.83,256.14,
2026-05-02_19-35,Local_VSCode,IR2NoD_Config_96_R5,Indirect Reciprocity Mode 2 (Assessment w/ No Donor Var),5,1,10,10,10,100,1,0.5,0.0,0.0,10,100,0.5,0.5,0.2,3,1,genHalfAndHalf,1,10,17,95046,Config_96,5,"sub(add(add(DonorAction, mul(mul(mul(1, -10), mul(1, DonorAction)), mul(add(0, sub(sub(DonorAction, -1), add(RecipientStanding, add(RecipientStanding, DonorAction)))), sub(DonorAction, RecipientStanding)))), 1), RecipientStanding)",10*DonorAction*(DonorAction - RecipientStanding)*(2*RecipientStanding - 1) + DonorAction - RecipientStanding + 1,Stern Judging,281.17,265.74,153.0,227.83,259.0,
2026-05-02_19-36,Local_VSCode,IR2NoD_Config_97_R1,Indirect Reciprocity Mode 2 (Assessment w/ No Donor Var),5,1,10,0,0,10,1,0.5,0.0,0.0,100,100,0.1,0.5,0.2,3,1,genHalfAndHalf,1,3,17,96042,Config_97,1,"add(DonorAction, RecipientStanding)",DonorAction + RecipientStanding,"Novel Rule: (True, True, True, False)",40.0,36.58,0.0,0.0,40.0,
2026-05-02_19-36,Local_VSCode,IR2NoD_Config_97_R2,Indirect Reciprocity Mode 2 (Assessment w/ No Donor Var),5,1,10,0,0,10,1,0.5,0.0,0.0,100,100,0.1,0.5,0.2,3,1,genHalfAndHalf,1,3,17,96043,Config_97,2,"mul(10, DonorAction)",10*DonorAction,Image Scoring (binary),40.0,36.0,0.0,0.0,40.0,
2026-05-02_19-36,Local_VSCode,IR2NoD_Config_97_R3,Indirect Reciprocity Mode 2 (Assessment w/ No Donor Var),5,1,10,0,0,10,1,0.5,0.0,0.0,100,100,0.1,0.5,0.2,3,1,genHalfAndHalf,1,3,17,96044,Config_97,3,"mul(RecipientStanding, 10)",10*RecipientStanding,"Novel Rule: (True, False, True, False)",40.0,36.57,0.0,0.0,40.0,
2026-05-02_19-36,Local_VSCode,IR2NoD_Config_97_R4,Indirect Reciprocity Mode 2 (Assessment w/ No Donor Var),5,1,10,0,0,10,1,0.5,0.0,0.0,100,100,0.1,0.5,0.2,3,1,genHalfAndHalf,1,3,17,96045,Config_97,4,"sub(RecipientStanding, -1)",RecipientStanding + 1,Unconditional Good,40.0,35.06,0.0,0.0,40.0,
2026-05-02_19-37,Local_VSCode,IR2NoD_Config_97_R5,Indirect Reciprocity Mode 2 (Assessment w/ No Donor Var),5,1,10,0,0,10,1,0.5,0.0,0.0,100,100,0.1,0.5,0.2,3,1,genHalfAndHalf,1,3,17,96046,Config_97,5,"add(DonorAction, 10)",DonorAction + 10,Unconditional Good,40.0,36.2,0.0,0.0,40.0,
2026-05-02_19-37,Local_VSCode,IR2NoD_Config_98_R1,Indirect Reciprocity Mode 2 (Assessment w/ No Donor Var),5,1,10,0,0,10,1,0.5,0.0,0.0,100,100,0.1,0.5,0.2,3,1,genHalfAndHalf,1,10,17,97042,Config_98,1,"mul(1, RecipientStanding)",RecipientStanding,"Novel Rule: (True, False, True, False)",40.0,37.72,0.0,0.0,40.0,
2026-05-02_19-37,Local_VSCode,IR2NoD_Config_98_R2,Indirect Reciprocity Mode 2 (Assessment w/ No Donor Var),5,1,10,0,0,10,1,0.5,0.0,0.0,100,100,0.1,0.5,0.2,3,1,genHalfAndHalf,1,10,17,97043,Config_98,2,"mul(-1, -10)",10,Unconditional Good,40.0,35.64,0.0,0.0,40.0,
2026-05-02_19-38,Local_VSCode,IR2NoD_Config_98_R3,Indirect Reciprocity Mode 2 (Assessment w/ No Donor Var),5,1,10,0,0,10,1,0.5,0.0,0.0,100,100,0.1,0.5,0.2,3,1,genHalfAndHalf,1,10,17,97044,Config_98,3,"sub(10, DonorAction)",10 - DonorAction,Unconditional Good,40.0,37.34,0.0,0.0,40.0,
2026-05-02_19-38,Local_VSCode,IR2NoD_Config_98_R4,Indirect Reciprocity Mode 2 (Assessment w/ No Donor Var),5,1,10,0,0,10,1,0.5,0.0,0.0,100,100,0.1,0.5,0.2,3,1,genHalfAndHalf,1,10,17,97045,Config_98,4,"mul(RecipientStanding, DonorAction)",DonorAction*RecipientStanding,Shunning,40.0,36.56,0.0,0.0,40.0,
2026-05-02_19-38,Local_VSCode,IR2NoD_Config_98_R5,Indirect Reciprocity Mode 2 (Assessment w/ No Donor Var),5,1,10,0,0,10,1,0.5,0.0,0.0,100,100,0.1,0.5,0.2,3,1,genHalfAndHalf,1,10,17,97046,Config_98,5,"add(0, RecipientStanding)",RecipientStanding,"Novel Rule: (True, False, True, False)",40.0,37.73,0.0,0.0,40.0,
2026-05-02_19-39,Local_VSCode,IR2NoD_Config_99_R1,Indirect Reciprocity Mode 2 (Assessment w/ No Donor Var),5,1,10,0,0,100,1,0.5,0.0,0.0,100,100,0.1,0.5,0.2,3,1,genHalfAndHalf,1,3,17,98042,Config_99,1,"add(DonorAction, 0)",DonorAction,Image Scoring (binary),400.0,372.14,0.0,0.0,400.0,
2026-05-02_19-40,Local_VSCode,IR2NoD_Config_99_R2,Indirect Reciprocity Mode 2 (Assessment w/ No Donor Var),5,1,10,0,0,100,1,0.5,0.0,0.0,100,100,0.1,0.5,0.2,3,1,genHalfAndHalf,1,3,17,98043,Config_99,2,"sub(DonorAction, -10)",DonorAction + 10,Unconditional Good,400.0,364.18,0.0,0.0,400.0,
2026-05-02_19-42,Local_VSCode,IR2NoD_Config_99_R3,Indirect Reciprocity Mode 2 (Assessment w/ No Donor Var),5,1,10,0,0,100,1,0.5,0.0,0.0,100,100,0.1,0.5,0.2,3,1,genHalfAndHalf,1,3,17,98044,Config_99,3,"mul(RecipientStanding, RecipientStanding)",RecipientStanding**2,"Novel Rule: (True, False, True, False)",400.0,364.17,0.0,0.0,400.0,
2026-05-02_19-43,Local_VSCode,IR2NoD_Config_99_R4,Indirect Reciprocity Mode 2 (Assessment w/ No Donor Var),5,1,10,0,0,100,1,0.5,0.0,0.0,100,100,0.1,0.5,0.2,3,1,genHalfAndHalf,1,3,17,98045,Config_99,4,"mul(RecipientStanding, 10)",10*RecipientStanding,"Novel Rule: (True, False, True, False)",400.0,374.16,0.0,0.0,400.0,
2026-05-02_19-43,Local_VSCode,IR2NoD_Config_99_R5,Indirect Reciprocity Mode 2 (Assessment w/ No Donor Var),5,1,10,0,0,100,1,0.5,0.0,0.0,100,100,0.1,0.5,0.2,3,1,genHalfAndHalf,1,3,17,98046,Config_99,5,"mul(DonorAction, RecipientStanding)",DonorAction*RecipientStanding,Shunning,400.0,364.18,0.0,0.0,400.0,
2026-05-02_19-44,Local_VSCode,IR2NoD_Config_100_R1,Indirect Reciprocity Mode 2 (Assessment w/ No Donor Var),5,1,10,0,0,100,1,0.5,0.0,0.0,100,100,0.1,0.5,0.2,3,1,genHalfAndHalf,1,10,17,99042,Config_100,1,"mul(DonorAction, RecipientStanding)",DonorAction*RecipientStanding,Shunning,400.0,360.2,0.0,0.0,400.0,
2026-05-02_19-45,Local_VSCode,IR2NoD_Config_100_R2,Indirect Reciprocity Mode 2 (Assessment w/ No Donor Var),5,1,10,0,0,100,1,0.5,0.0,0.0,100,100,0.1,0.5,0.2,3,1,genHalfAndHalf,1,10,17,99043,Config_100,2,"mul(10, RecipientStanding)",10*RecipientStanding,"Novel Rule: (True, False, True, False)",400.0,372.14,0.0,0.0,400.0,
2026-05-02_19-46,Local_VSCode,IR2NoD_Config_100_R3,Indirect Reciprocity Mode 2 (Assessment w/ No Donor Var),5,1,10,0,0,100,1,0.5,0.0,0.0,100,100,0.1,0.5,0.2,3,1,genHalfAndHalf,1,10,17,99044,Config_100,3,"mul(RecipientStanding, 10)",10*RecipientStanding,"Novel Rule: (True, False, True, False)",400.0,368.1,0.0,0.0,400.0,
2026-05-02_19-47,Local_VSCode,IR2NoD_Config_100_R4,Indirect Reciprocity Mode 2 (Assessment w/ No Donor Var),5,1,10,0,0,100,1,0.5,0.0,0.0,100,100,0.1,0.5,0.2,3,1,genHalfAndHalf,1,10,17,99045,Config_100,4,"mul(DonorAction, DonorAction)",DonorAction**2,Image Scoring (binary),400.0,362.23,0.0,0.0,400.0,
2026-05-02_19-48,Local_VSCode,IR2NoD_Config_100_R5,Indirect Reciprocity Mode 2 (Assessment w/ No Donor Var),5,1,10,0,0,100,1,0.5,0.0,0.0,100,100,0.1,0.5,0.2,3,1,genHalfAndHalf,1,10,17,99046,Config_100,5,"mul(RecipientStanding, DonorAction)",DonorAction*RecipientStanding,Shunning,400.0,364.18,0.0,0.0,400.0,
2026-05-02_19-48,Local_VSCode,IR2NoD_Config_101_R1,Indirect Reciprocity Mode 2 (Assessment w/ No Donor Var),5,1,10,0,10,10,1,0.5,0.0,0.0,100,100,0.1,0.5,0.2,3,1,genHalfAndHalf,1,3,17,100042,Config_101,1,"sub(add(mul(RecipientStanding, DonorAction), 1), sub(sub(RecipientStanding, DonorAction), mul(RecipientStanding, DonorAction)))",2*DonorAction*RecipientStanding + DonorAction - RecipientStanding + 1,Simple Standing,21.23,15.53,0.0,6.5,17.36,
2026-05-02_19-48,Local_VSCode,IR2NoD_Config_101_R2,Indirect Reciprocity Mode 2 (Assessment w/ No Donor Var),5,1,10,0,10,10,1,0.5,0.0,0.0,100,100,0.1,0.5,0.2,3,1,genHalfAndHalf,1,3,17,100043,Config_101,2,"sub(sub(DonorAction, mul(RecipientStanding, RecipientStanding)), -1)",DonorAction - RecipientStanding**2 + 1,Simple Standing,20.0,11.75,0.0,7.33,16.8,
2026-05-02_19-48,Local_VSCode,IR2NoD_Config_101_R3,Indirect Reciprocity Mode 2 (Assessment w/ No Donor Var),5,1,10,0,10,10,1,0.5,0.0,0.0,100,100,0.1,0.5,0.2,3,1,genHalfAndHalf,1,3,17,100044,Config_101,3,"add(sub(add(1, mul(1, mul(RecipientStanding, DonorAction))), add(RecipientStanding, RecipientStanding)), 1)",DonorAction*RecipientStanding - 2*RecipientStanding + 2,Simple Standing,20.97,15.3,0.0,7.83,17.62,
2026-05-02_19-49,Local_VSCode,IR2NoD_Config_101_R4,Indirect Reciprocity Mode 2 (Assessment w/ No Donor Var),5,1,10,0,10,10,1,0.5,0.0,0.0,100,100,0.1,0.5,0.2,3,1,genHalfAndHalf,1,3,17,100045,Config_101,4,"add(mul(sub(DonorAction, RecipientStanding), RecipientStanding), 1)",RecipientStanding*(DonorAction - RecipientStanding) + 1,Simple Standing,21.13,13.89,0.0,5.67,17.16,
2026-05-02_19-49,Local_VSCode,IR2NoD_Config_101_R5,Indirect Reciprocity Mode 2 (Assessment w/ No Donor Var),5,1,10,0,10,10,1,0.5,0.0,0.0,100,100,0.1,0.5,0.2,3,1,genHalfAndHalf,1,3,17,100046,Config_101,5,"sub(sub(DonorAction, sub(sub(RecipientStanding, RecipientStanding), sub(DonorAction, RecipientStanding))), -1)",2*DonorAction - RecipientStanding + 1,Simple Standing,21.37,13.41,0.0,5.83,19.54,
2026-05-02_19-49,Local_VSCode,IR2NoD_Config_102_R1,Indirect Reciprocity Mode 2 (Assessment w/ No Donor Var),5,1,10,0,10,10,1,0.5,0.0,0.0,100,100,0.1,0.5,0.2,3,1,genHalfAndHalf,1,10,17,101042,Config_102,1,"sub(10, mul(sub(RecipientStanding, DonorAction), 10))",10*DonorAction - 10*RecipientStanding + 10,Simple Standing,20.83,13.61,0.0,7.17,18.66,
2026-05-02_19-49,Local_VSCode,IR2NoD_Config_102_R2,Indirect Reciprocity Mode 2 (Assessment w/ No Donor Var),5,1,10,0,10,10,1,0.5,0.0,0.0,100,100,0.1,0.5,0.2,3,1,genHalfAndHalf,1,10,17,101043,Config_102,2,"sub(sub(1, mul(DonorAction, -10)), RecipientStanding)",10*DonorAction - RecipientStanding + 1,Simple Standing,21.13,13.36,0.0,5.67,16.9,
2026-05-02_19-50,Local_VSCode,IR2NoD_Config_102_R3,Indirect Reciprocity Mode 2 (Assessment w/ No Donor Var),5,1,10,0,10,10,1,0.5,0.0,0.0,100,100,0.1,0.5,0.2,3,1,genHalfAndHalf,1,10,17,101044,Config_102,3,"add(add(add(sub(DonorAction, RecipientStanding), sub(DonorAction, 0)), 1), DonorAction)",3*DonorAction - RecipientStanding + 1,Simple Standing,22.3,14.73,0.0,6.5,18.56,
2026-05-02_19-50,Local_VSCode,IR2NoD_Config_102_R4,Indirect Reciprocity Mode 2 (Assessment w/ No Donor Var),5,1,10,0,10,10,1,0.5,0.0,0.0,100,100,0.1,0.5,0.2,3,1,genHalfAndHalf,1,10,17,101045,Config_102,4,"add(sub(DonorAction, sub(RecipientStanding, DonorAction)), 1)",2*DonorAction - RecipientStanding + 1,Simple Standing,20.83,13.73,0.0,6.5,19.18,
2026-05-02_19-50,Local_VSCode,IR2NoD_Config_102_R5,Indirect Reciprocity Mode 2 (Assessment w/ No Donor Var),5,1,10,0,10,10,1,0.5,0.0,0.0,100,100,0.1,0.5,0.2,3,1,genHalfAndHalf,1,10,17,101046,Config_102,5,"add(sub(1, RecipientStanding), mul(mul(DonorAction, RecipientStanding), 1))",DonorAction*RecipientStanding - RecipientStanding + 1,Simple Standing,21.53,13.69,0.0,7.0,17.96,
2026-05-02_19-52,Local_VSCode,IR2NoD_Config_103_R1,Indirect Reciprocity Mode 2 (Assessment w/ No Donor Var),5,1,10,0,10,100,1,0.5,0.0,0.0,100,100,0.1,0.5,0.2,3,1,genHalfAndHalf,1,3,17,102042,Config_103,1,"add(sub(1, RecipientStanding), mul(mul(RecipientStanding, DonorAction), add(sub(DonorAction, sub(1, RecipientStanding)), mul(DonorAction, DonorAction))))",DonorAction*RecipientStanding*(DonorAction**2 + DonorAction + RecipientStanding - 1) - RecipientStanding + 1,Simple Standing,185.23,156.94,0.0,81.83,191.56,
2026-05-02_19-54,Local_VSCode,IR2NoD_Config_103_R2,Indirect Reciprocity Mode 2 (Assessment w/ No Donor Var),5,1,10,0,10,100,1,0.5,0.0,0.0,100,100,0.1,0.5,0.2,3,1,genHalfAndHalf,1,3,17,102043,Config_103,2,"add(sub(mul(-1, -1), add(sub(mul(DonorAction, sub(mul(DonorAction, -10), sub(add(RecipientStanding, DonorAction), DonorAction))), sub(add(RecipientStanding, DonorAction), RecipientStanding)), mul(add(RecipientStanding, RecipientStanding), add(RecipientStanding, RecipientStanding)))), add(DonorAction, sub(RecipientStanding, RecipientStanding)))",DonorAction*(10*DonorAction + RecipientStanding) + 2*DonorAction - 4*RecipientStanding**2 + 1,Simple Standing,188.8,138.7,0.0,72.67,188.12,
2026-05-02_19-57,Local_VSCode,IR2NoD_Config_103_R3,Indirect Reciprocity Mode 2 (Assessment w/ No Donor Var),5,1,10,0,10,100,1,0.5,0.0,0.0,100,100,0.1,0.5,0.2,3,1,genHalfAndHalf,1,3,17,102044,Config_103,3,"add(add(sub(DonorAction, add(DonorAction, sub(RecipientStanding, DonorAction))), sub(DonorAction, add(DonorAction, sub(DonorAction, DonorAction)))), 1)",DonorAction - RecipientStanding + 1,Simple Standing,185.2,143.03,0.0,76.67,188.98,
2026-05-02_20-00,Local_VSCode,IR2NoD_Config_103_R4,Indirect Reciprocity Mode 2 (Assessment w/ No Donor Var),5,1,10,0,10,100,1,0.5,0.0,0.0,100,100,0.1,0.5,0.2,3,1,genHalfAndHalf,1,3,17,102045,Config_103,4,"mul(add(sub(1, RecipientStanding), add(DonorAction, 1)), add(sub(add(sub(1, RecipientStanding), sub(DonorAction, sub(RecipientStanding, DonorAction))), RecipientStanding), DonorAction))",(DonorAction - RecipientStanding + 2)*(3*DonorAction - 3*RecipientStanding + 1),Simple Standing,185.93,152.66,0.0,81.67,186.2,
2026-05-02_20-03,Local_VSCode,IR2NoD_Config_103_R5,Indirect Reciprocity Mode 2 (Assessment w/ No Donor Var),5,1,10,0,10,100,1,0.5,0.0,0.0,100,100,0.1,0.5,0.2,3,1,genHalfAndHalf,1,3,17,102046,Config_103,5,"add(sub(mul(RecipientStanding, DonorAction), add(RecipientStanding, -1)), add(sub(RecipientStanding, RecipientStanding), DonorAction))",DonorAction*RecipientStanding + DonorAction - RecipientStanding + 1,Simple Standing,188.1,152.82,0.0,80.17,192.02,
2026-05-02_20-06,Local_VSCode,IR2NoD_Config_104_R1,Indirect Reciprocity Mode 2 (Assessment w/ No Donor Var),5,1,10,0,10,100,1,0.5,0.0,0.0,100,100,0.1,0.5,0.2,3,1,genHalfAndHalf,1,10,17,103042,Config_104,1,"add(sub(DonorAction, 0), add(mul(mul(mul(-10, mul(mul(RecipientStanding, RecipientStanding), mul(RecipientStanding, mul(RecipientStanding, RecipientStanding)))), mul(RecipientStanding, RecipientStanding)), mul(RecipientStanding, RecipientStanding)), 10))",DonorAction - 10*RecipientStanding**9 + 10,Simple Standing,184.7,144.97,0.0,76.5,189.6,
2026-05-02_20-10,Local_VSCode,IR2NoD_Config_104_R2,Indirect Reciprocity Mode 2 (Assessment w/ No Donor Var),5,1,10,0,10,100,1,0.5,0.0,0.0,100,100,0.1,0.5,0.2,3,1,genHalfAndHalf,1,10,17,103043,Config_104,2,"add(mul(sub(-1, sub(sub(DonorAction, RecipientStanding), add(-1, RecipientStanding))), add(-10, sub(-1, sub(sub(DonorAction, RecipientStanding), add(0, mul(mul(add(DonorAction, RecipientStanding), add(1, -1)), mul(add(sub(DonorAction, RecipientStanding), 1), RecipientStanding))))))), -1)",(DonorAction - 2*RecipientStanding + 2)*(DonorAction - RecipientStanding + 11) - 1,Simple Standing,186.53,150.92,0.0,80.67,186.68,
2026-05-02_20-13,Local_VSCode,IR2NoD_Config_104_R3,Indirect Reciprocity Mode 2 (Assessment w/ No Donor Var),5,1,10,0,10,100,1,0.5,0.0,0.0,100,100,0.1,0.5,0.2,3,1,genHalfAndHalf,1,10,17,103044,Config_104,3,"sub(sub(DonorAction, mul(DonorAction, 0)), add(-1, RecipientStanding))",DonorAction - RecipientStanding + 1,Simple Standing,182.67,120.43,0.0,80.0,185.68,
2026-05-02_20-17,Local_VSCode,IR2NoD_Config_104_R4,Indirect Reciprocity Mode 2 (Assessment w/ No Donor Var),5,1,10,0,10,100,1,0.5,0.0,0.0,100,100,0.1,0.5,0.2,3,1,genHalfAndHalf,1,10,17,103045,Config_104,4,"add(sub(1, RecipientStanding), mul(mul(1, mul(DonorAction, DonorAction)), 1))",DonorAction**2 - RecipientStanding + 1,Simple Standing,184.67,138.34,0.0,74.67,190.34,
2026-05-02_20-21,Local_VSCode,IR2NoD_Config_104_R5,Indirect Reciprocity Mode 2 (Assessment w/ No Donor Var),5,1,10,0,10,100,1,0.5,0.0,0.0,100,100,0.1,0.5,0.2,3,1,genHalfAndHalf,1,10,17,103046,Config_104,5,"add(sub(add(mul(mul(DonorAction, RecipientStanding), 1), add(mul(DonorAction, RecipientStanding), mul(DonorAction, DonorAction))), mul(RecipientStanding, sub(mul(RecipientStanding, 0), -1))), sub(sub(add(mul(DonorAction, 1), mul(RecipientStanding, 0)), mul(RecipientStanding, mul(RecipientStanding, 1))), -1))",DonorAction**2 + 2*DonorAction*RecipientStanding + DonorAction - RecipientStanding**2 - RecipientStanding + 1,Simple Standing,188.93,167.32,0.0,74.0,192.68,
2026-05-02_20-21,Local_VSCode,IR2NoD_Config_105_R1,Indirect Reciprocity Mode 2 (Assessment w/ No Donor Var),5,1,10,10,0,10,1,0.5,0.0,0.0,100,100,0.1,0.5,0.2,3,1,genHalfAndHalf,1,3,17,104042,Config_105,1,"add(DonorAction, add(RecipientStanding, DonorAction))",2*DonorAction + RecipientStanding,"Novel Rule: (True, True, True, False)",48.0,42.34,32.0,0.0,38.5,
2026-05-02_20-22,Local_VSCode,IR2NoD_Config_105_R2,Indirect Reciprocity Mode 2 (Assessment w/ No Donor Var),5,1,10,10,0,10,1,0.5,0.0,0.0,100,100,0.1,0.5,0.2,3,1,genHalfAndHalf,1,3,17,104043,Config_105,2,"mul(DonorAction, add(1, add(mul(10, add(10, DonorAction)), RecipientStanding)))",DonorAction*(10*DonorAction + RecipientStanding + 101),Image Scoring (binary),47.17,40.03,32.83,0.0,39.3,
2026-05-02_20-22,Local_VSCode,IR2NoD_Config_105_R3,Indirect Reciprocity Mode 2 (Assessment w/ No Donor Var),5,1,10,10,0,10,1,0.5,0.0,0.0,100,100,0.1,0.5,0.2,3,1,genHalfAndHalf,1,3,17,104044,Config_105,3,"add(DonorAction, DonorAction)",2*DonorAction,Image Scoring (binary),47.33,40.69,32.67,0.0,39.7,
2026-05-02_20-23,Local_VSCode,IR2NoD_Config_105_R4,Indirect Reciprocity Mode 2 (Assessment w/ No Donor Var),5,1,10,10,0,10,1,0.5,0.0,0.0,100,100,0.1,0.5,0.2,3,1,genHalfAndHalf,1,3,17,104045,Config_105,4,"add(add(mul(RecipientStanding, 1), add(0, RecipientStanding)), add(DonorAction, DonorAction))",2*DonorAction + 2*RecipientStanding,"Novel Rule: (True, True, True, False)",47.33,40.54,32.67,0.0,41.4,
2026-05-02_20-24,Local_VSCode,IR2NoD_Config_105_R5,Indirect Reciprocity Mode 2 (Assessment w/ No Donor Var),5,1,10,10,0,10,1,0.5,0.0,0.0,100,100,0.1,0.5,0.2,3,1,genHalfAndHalf,1,3,17,104046,Config_105,5,"sub(add(add(add(RecipientStanding, RecipientStanding), RecipientStanding), DonorAction), -10)",DonorAction + 3*RecipientStanding + 10,Unconditional Good,48.83,40.99,31.17,0.0,38.3,
2026-05-02_20-24,Local_VSCode,IR2NoD_Config_106_R1,Indirect Reciprocity Mode 2 (Assessment w/ No Donor Var),5,1,10,10,0,10,1,0.5,0.0,0.0,100,100,0.1,0.5,0.2,3,1,genHalfAndHalf,1,10,17,105042,Config_106,1,"add(RecipientStanding, RecipientStanding)",2*RecipientStanding,"Novel Rule: (True, False, True, False)",46.67,41.23,33.33,0.0,39.6,
2026-05-02_20-25,Local_VSCode,IR2NoD_Config_106_R2,Indirect Reciprocity Mode 2 (Assessment w/ No Donor Var),5,1,10,10,0,10,1,0.5,0.0,0.0,100,100,0.1,0.5,0.2,3,1,genHalfAndHalf,1,10,17,105043,Config_106,2,"mul(RecipientStanding, DonorAction)",DonorAction*RecipientStanding,Shunning,47.33,40.91,32.67,0.0,39.0,
2026-05-02_20-25,Local_VSCode,IR2NoD_Config_106_R3,Indirect Reciprocity Mode 2 (Assessment w/ No Donor Var),5,1,10,10,0,10,1,0.5,0.0,0.0,100,100,0.1,0.5,0.2,3,1,genHalfAndHalf,1,10,17,105044,Config_106,3,"add(DonorAction, 0)",DonorAction,Image Scoring (binary),46.83,40.71,33.17,0.0,40.3,
2026-05-02_20-26,Local_VSCode,IR2NoD_Config_106_R4,Indirect Reciprocity Mode 2 (Assessment w/ No Donor Var),5,1,10,10,0,10,1,0.5,0.0,0.0,100,100,0.1,0.5,0.2,3,1,genHalfAndHalf,1,10,17,105045,Config_106,4,"mul(DonorAction, DonorAction)",DonorAction**2,Image Scoring (binary),46.17,39.9,33.83,0.0,40.8,
2026-05-02_20-26,Local_VSCode,IR2NoD_Config_106_R5,Indirect Reciprocity Mode 2 (Assessment w/ No Donor Var),5,1,10,10,0,10,1,0.5,0.0,0.0,100,100,0.1,0.5,0.2,3,1,genHalfAndHalf,1,10,17,105046,Config_106,5,"mul(1, add(DonorAction, 0))",DonorAction,Image Scoring (binary),47.33,39.69,32.67,0.0,38.5,
2026-05-02_20-30,Local_VSCode,IR2NoD_Config_107_R1,Indirect Reciprocity Mode 2 (Assessment w/ No Donor Var),5,1,10,10,0,100,1,0.5,0.0,0.0,100,100,0.1,0.5,0.2,3,1,genHalfAndHalf,1,3,17,106042,Config_107,1,"add(RecipientStanding, RecipientStanding)",2*RecipientStanding,"Novel Rule: (True, False, True, False)",421.5,396.81,378.5,0.0,413.9,
2026-05-02_20-34,Local_VSCode,IR2NoD_Config_107_R2,Indirect Reciprocity Mode 2 (Assessment w/ No Donor Var),5,1,10,10,0,100,1,0.5,0.0,0.0,100,100,0.1,0.5,0.2,3,1,genHalfAndHalf,1,3,17,106043,Config_107,2,"mul(DonorAction, add(mul(DonorAction, RecipientStanding), DonorAction))",DonorAction**2*(RecipientStanding + 1),Image Scoring (binary),424.17,388.23,375.83,0.0,401.1,
2026-05-02_20-37,Local_VSCode,IR2NoD_Config_107_R3,Indirect Reciprocity Mode 2 (Assessment w/ No Donor Var),5,1,10,10,0,100,1,0.5,0.0,0.0,100,100,0.1,0.5,0.2,3,1,genHalfAndHalf,1,3,17,106044,Config_107,3,"add(DonorAction, sub(RecipientStanding, sub(DonorAction, add(RecipientStanding, 0))))",2*RecipientStanding,"Novel Rule: (True, False, True, False)",422.83,402.12,377.17,0.0,408.7,
2026-05-02_20-41,Local_VSCode,IR2NoD_Config_107_R4,Indirect Reciprocity Mode 2 (Assessment w/ No Donor Var),5,1,10,10,0,100,1,0.5,0.0,0.0,100,100,0.1,0.5,0.2,3,1,genHalfAndHalf,1,3,17,106045,Config_107,4,"sub(add(RecipientStanding, RecipientStanding), DonorAction)",-DonorAction + 2*RecipientStanding,"Novel Rule: (True, False, True, False)",423.5,372.32,376.5,0.0,404.3,
2026-05-02_20-43,Local_VSCode,IR2NoD_Config_107_R5,Indirect Reciprocity Mode 2 (Assessment w/ No Donor Var),5,1,10,10,0,100,1,0.5,0.0,0.0,100,100,0.1,0.5,0.2,3,1,genHalfAndHalf,1,3,17,106046,Config_107,5,"mul(RecipientStanding, RecipientStanding)",RecipientStanding**2,"Novel Rule: (True, False, True, False)",422.0,399.82,378.0,0.0,412.4,
2026-05-02_20-46,Local_VSCode,IR2NoD_Config_108_R1,Indirect Reciprocity Mode 2 (Assessment w/ No Donor Var),5,1,10,10,0,100,1,0.5,0.0,0.0,100,100,0.1,0.5,0.2,3,1,genHalfAndHalf,1,10,17,107042,Config_108,1,"add(DonorAction, sub(add(RecipientStanding, 0), sub(RecipientStanding, DonorAction)))",2*DonorAction,Image Scoring (binary),425.67,394.99,374.33,0.0,403.7,
2026-05-02_20-49,Local_VSCode,IR2NoD_Config_108_R2,Indirect Reciprocity Mode 2 (Assessment w/ No Donor Var),5,1,10,10,0,100,1,0.5,0.0,0.0,100,100,0.1,0.5,0.2,3,1,genHalfAndHalf,1,10,17,107043,Config_108,2,"sub(DonorAction, -1)",DonorAction + 1,Unconditional Good,422.33,365.84,377.67,0.0,395.9,
2026-05-02_20-51,Local_VSCode,IR2NoD_Config_108_R3,Indirect Reciprocity Mode 2 (Assessment w/ No Donor Var),5,1,10,10,0,100,1,0.5,0.0,0.0,100,100,0.1,0.5,0.2,3,1,genHalfAndHalf,1,10,17,107044,Config_108,3,"sub(sub(10, RecipientStanding), mul(DonorAction, DonorAction))",-DonorAction**2 - RecipientStanding + 10,Unconditional Good,427.5,381.1,372.5,0.0,398.0,
2026-05-02_20-54,Local_VSCode,IR2NoD_Config_108_R4,Indirect Reciprocity Mode 2 (Assessment w/ No Donor Var),5,1,10,10,0,100,1,0.5,0.0,0.0,100,100,0.1,0.5,0.2,3,1,genHalfAndHalf,1,10,17,107045,Config_108,4,"mul(mul(DonorAction, RecipientStanding), RecipientStanding)",DonorAction*RecipientStanding**2,Shunning,422.5,392.56,377.5,0.0,397.2,
2026-05-02_20-57,Local_VSCode,IR2NoD_Config_108_R5,Indirect Reciprocity Mode 2 (Assessment w/ No Donor Var),5,1,10,10,0,100,1,0.5,0.0,0.0,100,100,0.1,0.5,0.2,3,1,genHalfAndHalf,1,10,17,107046,Config_108,5,"add(10, 10)",20,Unconditional Good,427.83,396.11,372.17,0.0,398.8,
2026-05-02_20-58,Local_VSCode,IR2NoD_Config_109_R1,Indirect Reciprocity Mode 2 (Assessment w/ No Donor Var),5,1,10,10,10,10,1,0.5,0.0,0.0,100,100,0.1,0.5,0.2,3,1,genHalfAndHalf,1,3,17,108042,Config_109,1,"add(sub(DonorAction, DonorAction), add(RecipientStanding, 1))",RecipientStanding + 1,Unconditional Good,29.83,23.99,17.33,32.83,26.02,
2026-05-02_20-59,Local_VSCode,IR2NoD_Config_109_R2,Indirect Reciprocity Mode 2 (Assessment w/ No Donor Var),5,1,10,10,10,10,1,0.5,0.0,0.0,100,100,0.1,0.5,0.2,3,1,genHalfAndHalf,1,3,17,108043,Config_109,2,"add(sub(DonorAction, RecipientStanding), 1)",DonorAction - RecipientStanding + 1,Simple Standing,30.9,24.74,19.67,17.17,24.98,
2026-05-02_20-59,Local_VSCode,IR2NoD_Config_109_R3,Indirect Reciprocity Mode 2 (Assessment w/ No Donor Var),5,1,10,10,10,10,1,0.5,0.0,0.0,100,100,0.1,0.5,0.2,3,1,genHalfAndHalf,1,3,17,108044,Config_109,3,"sub(add(mul(RecipientStanding, -10), mul(RecipientStanding, DonorAction)), -10)",DonorAction*RecipientStanding - 10*RecipientStanding + 10,Simple Standing,30.97,24.76,21.5,19.67,27.98,
2026-05-02_21-00,Local_VSCode,IR2NoD_Config_109_R4,Indirect Reciprocity Mode 2 (Assessment w/ No Donor Var),5,1,10,10,10,10,1,0.5,0.0,0.0,100,100,0.1,0.5,0.2,3,1,genHalfAndHalf,1,3,17,108045,Config_109,4,"mul(1, sub(add(RecipientStanding, RecipientStanding), mul(-1, DonorAction)))",DonorAction + 2*RecipientStanding,"Novel Rule: (True, True, True, False)",30.17,23.1,17.67,32.17,24.78,
2026-05-02_21-01,Local_VSCode,IR2NoD_Config_109_R5,Indirect Reciprocity Mode 2 (Assessment w/ No Donor Var),5,1,10,10,10,10,1,0.5,0.0,0.0,100,100,0.1,0.5,0.2,3,1,genHalfAndHalf,1,3,17,108046,Config_109,5,"add(RecipientStanding, RecipientStanding)",2*RecipientStanding,"Novel Rule: (True, False, True, False)",29.5,23.98,20.17,30.33,24.4,
2026-05-02_21-01,Local_VSCode,IR2NoD_Config_110_R1,Indirect Reciprocity Mode 2 (Assessment w/ No Donor Var),5,1,10,10,10,10,1,0.5,0.0,0.0,100,100,0.1,0.5,0.2,3,1,genHalfAndHalf,1,10,17,109042,Config_110,1,"sub(sub(RecipientStanding, add(-10, DonorAction)), -10)",-DonorAction + RecipientStanding + 20,Unconditional Good,31.33,23.34,21.33,27.33,26.32,
2026-05-02_21-02,Local_VSCode,IR2NoD_Config_110_R2,Indirect Reciprocity Mode 2 (Assessment w/ No Donor Var),5,1,10,10,10,10,1,0.5,0.0,0.0,100,100,0.1,0.5,0.2,3,1,genHalfAndHalf,1,10,17,109043,Config_110,2,"add(RecipientStanding, RecipientStanding)",2*RecipientStanding,"Novel Rule: (True, False, True, False)",29.5,24.43,18.17,32.33,25.64,
2026-05-02_21-03,Local_VSCode,IR2NoD_Config_110_R3,Indirect Reciprocity Mode 2 (Assessment w/ No Donor Var),5,1,10,10,10,10,1,0.5,0.0,0.0,100,100,0.1,0.5,0.2,3,1,genHalfAndHalf,1,10,17,109044,Config_110,3,"add(RecipientStanding, RecipientStanding)",2*RecipientStanding,"Novel Rule: (True, False, True, False)",30.17,23.83,20.17,29.67,26.06,
2026-05-02_21-03,Local_VSCode,IR2NoD_Config_110_R4,Indirect Reciprocity Mode 2 (Assessment w/ No Donor Var),5,1,10,10,10,10,1,0.5,0.0,0.0,100,100,0.1,0.5,0.2,3,1,genHalfAndHalf,1,10,17,109045,Config_110,4,"add(RecipientStanding, RecipientStanding)",2*RecipientStanding,"Novel Rule: (True, False, True, False)",29.5,24.18,21.83,28.67,26.9,
2026-05-02_21-04,Local_VSCode,IR2NoD_Config_110_R5,Indirect Reciprocity Mode 2 (Assessment w/ No Donor Var),5,1,10,10,10,10,1,0.5,0.0,0.0,100,100,0.1,0.5,0.2,3,1,genHalfAndHalf,1,10,17,109046,Config_110,5,"add(mul(1, RecipientStanding), mul(mul(1, RecipientStanding), mul(10, RecipientStanding)))",RecipientStanding*(10*RecipientStanding + 1),"Novel Rule: (True, False, True, False)",29.5,24.18,18.83,31.67,25.48,
2026-05-02_21-08,Local_VSCode,IR2NoD_Config_111_R1,Indirect Reciprocity Mode 2 (Assessment w/ No Donor Var),5,1,10,10,10,100,1,0.5,0.0,0.0,100,100,0.1,0.5,0.2,3,1,genHalfAndHalf,1,3,17,110042,Config_111,1,"sub(mul(add(add(mul(RecipientStanding, -10), mul(-1, mul(RecipientStanding, -1))), mul(-1, -1)), add(mul(DonorAction, add(DonorAction, sub(-10, DonorAction))), sub(RecipientStanding, DonorAction))), -1)",(11*DonorAction - RecipientStanding)*(9*RecipientStanding - 1) + 1,Stern Judging,285.5,246.62,161.67,218.83,254.6,
2026-05-02_21-13,Local_VSCode,IR2NoD_Config_111_R2,Indirect Reciprocity Mode 2 (Assessment w/ No Donor Var),5,1,10,10,10,100,1,0.5,0.0,0.0,100,100,0.1,0.5,0.2,3,1,genHalfAndHalf,1,3,17,110043,Config_111,2,"add(sub(mul(RecipientStanding, add(sub(10, RecipientStanding), mul(add(sub(mul(RecipientStanding, sub(DonorAction, RecipientStanding)), -1), sub(DonorAction, RecipientStanding)), add(sub(10, RecipientStanding), sub(mul(RecipientStanding, RecipientStanding), -1))))), -1), mul(sub(RecipientStanding, 1), DonorAction))",DonorAction*(RecipientStanding - 1) + RecipientStanding*(-RecipientStanding + (RecipientStanding**2 - RecipientStanding + 11)*(DonorAction + RecipientStanding*(DonorAction - RecipientStanding) - RecipientStanding + 1) + 10) + 1,Stern Judging,280.23,252.49,165.0,218.5,265.84,
2026-05-02_21-17,Local_VSCode,IR2NoD_Config_111_R3,Indirect Reciprocity Mode 2 (Assessment w/ No Donor Var),5,1,10,10,10,100,1,0.5,0.0,0.0,100,100,0.1,0.5,0.2,3,1,genHalfAndHalf,1,3,17,110044,Config_111,3,"add(mul(mul(sub(DonorAction, mul(RecipientStanding, RecipientStanding)), add(sub(sub(RecipientStanding, 1), -10), sub(RecipientStanding, sub(mul(sub(DonorAction, mul(RecipientStanding, RecipientStanding)), add(sub(mul(sub(mul(RecipientStanding, RecipientStanding), sub(add(RecipientStanding, 1), RecipientStanding)), RecipientStanding), -10), 10)), 1)))), add(sub(RecipientStanding, -10), 10)), 10)",(DonorAction - RecipientStanding**2)*(RecipientStanding + 20)*(2*RecipientStanding - (DonorAction - RecipientStanding**2)*(RecipientStanding*(RecipientStanding**2 - 1) + 20) + 10) + 10,Stern Judging,280.2,256.52,164.5,222.5,257.18,
2026-05-02_21-20,Local_VSCode,IR2NoD_Config_111_R4,Indirect Reciprocity Mode 2 (Assessment w/ No Donor Var),5,1,10,10,10,100,1,0.5,0.0,0.0,100,100,0.1,0.5,0.2,3,1,genHalfAndHalf,1,3,17,110045,Config_111,4,"mul(sub(sub(mul(DonorAction, DonorAction), -1), sub(RecipientStanding, mul(add(DonorAction, mul(DonorAction, add(DonorAction, mul(DonorAction, 10)))), sub(RecipientStanding, DonorAction)))), sub(sub(10, mul(RecipientStanding, sub(DonorAction, RecipientStanding))), add(sub(sub(DonorAction, -1), mul(RecipientStanding, RecipientStanding)), RecipientStanding)))",-(DonorAction**2 - DonorAction*(DonorAction - RecipientStanding)*(11*DonorAction + 1) - RecipientStanding + 1)*(DonorAction - RecipientStanding**2 + RecipientStanding*(DonorAction - RecipientStanding) + RecipientStanding - 9),Stern Judging,279.5,254.32,163.33,229.83,257.28,
2026-05-02_21-23,Local_VSCode,IR2NoD_Config_111_R5,Indirect Reciprocity Mode 2 (Assessment w/ No Donor Var),5,1,10,10,10,100,1,0.5,0.0,0.0,100,100,0.1,0.5,0.2,3,1,genHalfAndHalf,1,3,17,110046,Config_111,5,"add(mul(sub(sub(sub(add(mul(sub(RecipientStanding, 1), DonorAction), sub(add(DonorAction, RecipientStanding), mul(DonorAction, -10))), mul(sub(-10, sub(10, 10)), sub(DonorAction, 1))), sub(DonorAction, RecipientStanding)), add(RecipientStanding, add(RecipientStanding, RecipientStanding))), sub(RecipientStanding, 1)), DonorAction)",DonorAction + (RecipientStanding - 1)*(DonorAction*(RecipientStanding - 1) + 20*DonorAction - RecipientStanding - 10),Stern Judging,277.4,248.81,150.0,234.33,262.2,
2026-05-02_21-28,Local_VSCode,IR2NoD_Config_112_R1,Indirect Reciprocity Mode 2 (Assessment w/ No Donor Var),5,1,10,10,10,100,1,0.5,0.0,0.0,100,100,0.1,0.5,0.2,3,1,genHalfAndHalf,1,10,17,111042,Config_112,1,"add(sub(add(0, 10), DonorAction), mul(sub(DonorAction, RecipientStanding), add(DonorAction, add(mul(sub(DonorAction, RecipientStanding), -10), RecipientStanding))))",-DonorAction - (DonorAction - RecipientStanding)*(9*DonorAction - 11*RecipientStanding) + 10,Stern Judging,278.17,248.37,174.17,223.0,259.72,
2026-05-02_21-33,Local_VSCode,IR2NoD_Config_112_R2,Indirect Reciprocity Mode 2 (Assessment w/ No Donor Var),5,1,10,10,10,100,1,0.5,0.0,0.0,100,100,0.1,0.5,0.2,3,1,genHalfAndHalf,1,10,17,111043,Config_112,2,"add(sub(add(sub(1, RecipientStanding), mul(DonorAction, RecipientStanding)), DonorAction), add(mul(add(mul(RecipientStanding, DonorAction), mul(DonorAction, RecipientStanding)), DonorAction), mul(DonorAction, RecipientStanding)))",2*DonorAction**2*RecipientStanding + 2*DonorAction*RecipientStanding - DonorAction - RecipientStanding + 1,Stern Judging,281.07,254.14,169.67,219.0,262.28,
2026-05-02_21-37,Local_VSCode,IR2NoD_Config_112_R3,Indirect Reciprocity Mode 2 (Assessment w/ No Donor Var),5,1,10,10,10,100,1,0.5,0.0,0.0,100,100,0.1,0.5,0.2,3,1,genHalfAndHalf,1,10,17,111044,Config_112,3,"add(sub(mul(DonorAction, mul(add(DonorAction, sub(RecipientStanding, 0)), mul(add(RecipientStanding, RecipientStanding), add(DonorAction, DonorAction)))), add(RecipientStanding, -1)), mul(mul(add(RecipientStanding, -1), DonorAction), sub(mul(add(DonorAction, DonorAction), DonorAction), DonorAction)))",4*DonorAction**2*RecipientStanding*(DonorAction + RecipientStanding) + DonorAction**2*(2*DonorAction - 1)*(RecipientStanding - 1) - RecipientStanding + 1,Stern Judging,280.9,257.96,158.17,223.33,256.0,
2026-05-02_21-41,Local_VSCode,IR2NoD_Config_112_R4,Indirect Reciprocity Mode 2 (Assessment w/ No Donor Var),5,1,10,10,10,100,1,0.5,0.0,0.0,100,100,0.1,0.5,0.2,3,1,genHalfAndHalf,1,10,17,111045,Config_112,4,"sub(1, sub(sub(RecipientStanding, DonorAction), DonorAction))",2*DonorAction - RecipientStanding + 1,Simple Standing,273.43,242.04,208.17,211.33,258.44,
2026-05-02_21-46,Local_VSCode,IR2NoD_Config_112_R5,Indirect Reciprocity Mode 2 (Assessment w/ No Donor Var),5,1,10,10,10,100,1,0.5,0.0,0.0,100,100,0.1,0.5,0.2,3,1,genHalfAndHalf,1,10,17,111046,Config_112,5,"sub(add(mul(add(mul(mul(add(DonorAction, DonorAction), add(sub(sub(add(RecipientStanding, RecipientStanding), DonorAction), add(1, 1)), DonorAction)), DonorAction), add(DonorAction, RecipientStanding)), DonorAction), add(-1, DonorAction)), sub(mul(RecipientStanding, RecipientStanding), add(1, 1)))",DonorAction*(4*DonorAction**2*(RecipientStanding - 1) + DonorAction + RecipientStanding) + DonorAction - RecipientStanding**2 + 1,Stern Judging,278.43,255.52,164.67,223.83,264.04,
2026-05-02_21-46,Local_VSCode,IR2NoD_Config_113_R1,Indirect Reciprocity Mode 2 (Assessment w/ No Donor Var),5,1,10,0,0,10,1,0.5,0.0,0.0,100,100,0.5,0.5,0.2,3,1,genHalfAndHalf,1,3,17,112042,Config_113,1,"add(RecipientStanding, DonorAction)",DonorAction + RecipientStanding,"Novel Rule: (True, True, True, False)",40.0,35.07,0.0,0.0,40.0,
2026-05-02_21-46,Local_VSCode,IR2NoD_Config_113_R2,Indirect Reciprocity Mode 2 (Assessment w/ No Donor Var),5,1,10,0,0,10,1,0.5,0.0,0.0,100,100,0.5,0.5,0.2,3,1,genHalfAndHalf,1,3,17,112043,Config_113,2,"add(0, RecipientStanding)",RecipientStanding,"Novel Rule: (True, False, True, False)",40.0,38.47,0.0,0.0,40.0,
2026-05-02_21-47,Local_VSCode,IR2NoD_Config_113_R3,Indirect Reciprocity Mode 2 (Assessment w/ No Donor Var),5,1,10,0,0,10,1,0.5,0.0,0.0,100,100,0.5,0.5,0.2,3,1,genHalfAndHalf,1,3,17,112044,Config_113,3,"add(0, RecipientStanding)",RecipientStanding,"Novel Rule: (True, False, True, False)",40.0,37.35,0.0,0.0,40.0,
2026-05-02_21-47,Local_VSCode,IR2NoD_Config_113_R4,Indirect Reciprocity Mode 2 (Assessment w/ No Donor Var),5,1,10,0,0,10,1,0.5,0.0,0.0,100,100,0.5,0.5,0.2,3,1,genHalfAndHalf,1,3,17,112045,Config_113,4,"sub(DonorAction, 0)",DonorAction,Image Scoring (binary),40.0,35.05,0.0,0.0,40.0,
2026-05-02_21-47,Local_VSCode,IR2NoD_Config_113_R5,Indirect Reciprocity Mode 2 (Assessment w/ No Donor Var),5,1,10,0,0,10,1,0.5,0.0,0.0,100,100,0.5,0.5,0.2,3,1,genHalfAndHalf,1,3,17,112046,Config_113,5,"mul(DonorAction, DonorAction)",DonorAction**2,Image Scoring (binary),40.0,36.21,0.0,0.0,40.0,
2026-05-02_21-48,Local_VSCode,IR2NoD_Config_114_R1,Indirect Reciprocity Mode 2 (Assessment w/ No Donor Var),5,1,10,0,0,10,1,0.5,0.0,0.0,100,100,0.5,0.5,0.2,3,1,genHalfAndHalf,1,10,17,113042,Config_114,1,"sub(RecipientStanding, -10)",RecipientStanding + 10,Unconditional Good,40.0,36.57,0.0,0.0,40.0,
2026-05-02_21-48,Local_VSCode,IR2NoD_Config_114_R2,Indirect Reciprocity Mode 2 (Assessment w/ No Donor Var),5,1,10,0,0,10,1,0.5,0.0,0.0,100,100,0.5,0.5,0.2,3,1,genHalfAndHalf,1,10,17,113043,Config_114,2,"mul(RecipientStanding, RecipientStanding)",RecipientStanding**2,"Novel Rule: (True, False, True, False)",40.0,36.37,0.0,0.0,40.0,
2026-05-02_21-48,Local_VSCode,IR2NoD_Config_114_R3,Indirect Reciprocity Mode 2 (Assessment w/ No Donor Var),5,1,10,0,0,10,1,0.5,0.0,0.0,100,100,0.5,0.5,0.2,3,1,genHalfAndHalf,1,10,17,113044,Config_114,3,"mul(DonorAction, RecipientStanding)",DonorAction*RecipientStanding,Shunning,40.0,36.58,0.0,0.0,40.0,
2026-05-02_21-48,Local_VSCode,IR2NoD_Config_114_R4,Indirect Reciprocity Mode 2 (Assessment w/ No Donor Var),5,1,10,0,0,10,1,0.5,0.0,0.0,100,100,0.5,0.5,0.2,3,1,genHalfAndHalf,1,10,17,113045,Config_114,4,"add(10, RecipientStanding)",RecipientStanding + 10,Unconditional Good,40.0,38.85,0.0,0.0,40.0,
2026-05-02_21-49,Local_VSCode,IR2NoD_Config_114_R5,Indirect Reciprocity Mode 2 (Assessment w/ No Donor Var),5,1,10,0,0,10,1,0.5,0.0,0.0,100,100,0.5,0.5,0.2,3,1,genHalfAndHalf,1,10,17,113046,Config_114,5,"mul(RecipientStanding, RecipientStanding)",RecipientStanding**2,"Novel Rule: (True, False, True, False)",40.0,37.35,0.0,0.0,40.0,
2026-05-02_21-50,Local_VSCode,IR2NoD_Config_115_R1,Indirect Reciprocity Mode 2 (Assessment w/ No Donor Var),5,1,10,0,0,100,1,0.5,0.0,0.0,100,100,0.5,0.5,0.2,3,1,genHalfAndHalf,1,3,17,114042,Config_115,1,"mul(RecipientStanding, DonorAction)",DonorAction*RecipientStanding,Shunning,400.0,348.26,0.0,0.0,400.0,
2026-05-02_21-51,Local_VSCode,IR2NoD_Config_115_R2,Indirect Reciprocity Mode 2 (Assessment w/ No Donor Var),5,1,10,0,0,100,1,0.5,0.0,0.0,100,100,0.5,0.5,0.2,3,1,genHalfAndHalf,1,3,17,114043,Config_115,2,"mul(-10, -1)",10,Unconditional Good,400.0,344.29,0.0,0.0,400.0,
2026-05-02_21-52,Local_VSCode,IR2NoD_Config_115_R3,Indirect Reciprocity Mode 2 (Assessment w/ No Donor Var),5,1,10,0,0,100,1,0.5,0.0,0.0,100,100,0.5,0.5,0.2,3,1,genHalfAndHalf,1,3,17,114044,Config_115,3,"sub(DonorAction, 0)",DonorAction,Image Scoring (binary),400.0,380.1,0.0,0.0,400.0,
2026-05-02_21-54,Local_VSCode,IR2NoD_Config_115_R4,Indirect Reciprocity Mode 2 (Assessment w/ No Donor Var),5,1,10,0,0,100,1,0.5,0.0,0.0,100,100,0.5,0.5,0.2,3,1,genHalfAndHalf,1,3,17,114045,Config_115,4,"mul(RecipientStanding, RecipientStanding)",RecipientStanding**2,"Novel Rule: (True, False, True, False)",400.0,368.14,0.0,0.0,400.0,
2026-05-02_21-55,Local_VSCode,IR2NoD_Config_115_R5,Indirect Reciprocity Mode 2 (Assessment w/ No Donor Var),5,1,10,0,0,100,1,0.5,0.0,0.0,100,100,0.5,0.5,0.2,3,1,genHalfAndHalf,1,3,17,114046,Config_115,5,"mul(DonorAction, RecipientStanding)",DonorAction*RecipientStanding,Shunning,400.0,348.26,0.0,0.0,400.0,
2026-05-02_21-57,Local_VSCode,IR2NoD_Config_116_R1,Indirect Reciprocity Mode 2 (Assessment w/ No Donor Var),5,1,10,0,0,100,1,0.5,0.0,0.0,100,100,0.5,0.5,0.2,3,1,genHalfAndHalf,1,10,17,115042,Config_116,1,"add(RecipientStanding, DonorAction)",DonorAction + RecipientStanding,"Novel Rule: (True, True, True, False)",400.0,380.1,0.0,0.0,400.0,
2026-05-02_21-58,Local_VSCode,IR2NoD_Config_116_R2,Indirect Reciprocity Mode 2 (Assessment w/ No Donor Var),5,1,10,0,0,100,1,0.5,0.0,0.0,100,100,0.5,0.5,0.2,3,1,genHalfAndHalf,1,10,17,115043,Config_116,2,"add(DonorAction, RecipientStanding)",DonorAction + RecipientStanding,"Novel Rule: (True, True, True, False)",400.0,360.19,0.0,0.0,400.0,
2026-05-02_21-59,Local_VSCode,IR2NoD_Config_116_R3,Indirect Reciprocity Mode 2 (Assessment w/ No Donor Var),5,1,10,0,0,100,1,0.5,0.0,0.0,100,100,0.5,0.5,0.2,3,1,genHalfAndHalf,1,10,17,115044,Config_116,3,"mul(DonorAction, RecipientStanding)",DonorAction*RecipientStanding,Shunning,400.0,376.13,0.0,0.0,400.0,
2026-05-02_22-00,Local_VSCode,IR2NoD_Config_116_R4,Indirect Reciprocity Mode 2 (Assessment w/ No Donor Var),5,1,10,0,0,100,1,0.5,0.0,0.0,100,100,0.5,0.5,0.2,3,1,genHalfAndHalf,1,10,17,115045,Config_116,4,"add(DonorAction, DonorAction)",2*DonorAction,Image Scoring (binary),400.0,376.12,0.0,0.0,400.0,
2026-05-02_22-02,Local_VSCode,IR2NoD_Config_116_R5,Indirect Reciprocity Mode 2 (Assessment w/ No Donor Var),5,1,10,0,0,100,1,0.5,0.0,0.0,100,100,0.5,0.5,0.2,3,1,genHalfAndHalf,1,10,17,115046,Config_116,5,"add(RecipientStanding, DonorAction)",DonorAction + RecipientStanding,"Novel Rule: (True, True, True, False)",400.0,368.18,0.0,0.0,400.0,
2026-05-02_22-02,Local_VSCode,IR2NoD_Config_117_R1,Indirect Reciprocity Mode 2 (Assessment w/ No Donor Var),5,1,10,0,10,10,1,0.5,0.0,0.0,100,100,0.5,0.5,0.2,3,1,genHalfAndHalf,1,3,17,116042,Config_117,1,"mul(10, 1)",10,Unconditional Good,18.5,13.55,0.0,21.5,20.66,
2026-05-02_22-02,Local_VSCode,IR2NoD_Config_117_R2,Indirect Reciprocity Mode 2 (Assessment w/ No Donor Var),5,1,10,0,10,10,1,0.5,0.0,0.0,100,100,0.5,0.5,0.2,3,1,genHalfAndHalf,1,3,17,116043,Config_117,2,"add(RecipientStanding, RecipientStanding)",2*RecipientStanding,"Novel Rule: (True, False, True, False)",19.0,13.06,0.0,21.0,16.72,
2026-05-02_22-03,Local_VSCode,IR2NoD_Config_117_R3,Indirect Reciprocity Mode 2 (Assessment w/ No Donor Var),5,1,10,0,10,10,1,0.5,0.0,0.0,100,100,0.5,0.5,0.2,3,1,genHalfAndHalf,1,3,17,116044,Config_117,3,"mul(RecipientStanding, 10)",10*RecipientStanding,"Novel Rule: (True, False, True, False)",18.17,12.88,0.0,21.83,18.8,
2026-05-02_22-03,Local_VSCode,IR2NoD_Config_117_R4,Indirect Reciprocity Mode 2 (Assessment w/ No Donor Var),5,1,10,0,10,10,1,0.5,0.0,0.0,100,100,0.5,0.5,0.2,3,1,genHalfAndHalf,1,3,17,116045,Config_117,4,"sub(sub(DonorAction, RecipientStanding), -1)",DonorAction - RecipientStanding + 1,Simple Standing,20.17,14.43,0.0,7.17,20.1,
2026-05-02_22-04,Local_VSCode,IR2NoD_Config_117_R5,Indirect Reciprocity Mode 2 (Assessment w/ No Donor Var),5,1,10,0,10,10,1,0.5,0.0,0.0,100,100,0.5,0.5,0.2,3,1,genHalfAndHalf,1,3,17,116046,Config_117,5,"add(sub(1, RecipientStanding), DonorAction)",DonorAction - RecipientStanding + 1,Simple Standing,20.7,13.34,0.0,8.5,18.1,
2026-05-02_22-05,Local_VSCode,IR2NoD_Config_118_R1,Indirect Reciprocity Mode 2 (Assessment w/ No Donor Var),5,1,10,0,10,10,1,0.5,0.0,0.0,100,100,0.5,0.5,0.2,3,1,genHalfAndHalf,1,10,17,117042,Config_118,1,"sub(DonorAction, -10)",DonorAction + 10,Unconditional Good,18.17,12.27,0.0,21.83,18.94,
2026-05-02_22-05,Local_VSCode,IR2NoD_Config_118_R2,Indirect Reciprocity Mode 2 (Assessment w/ No Donor Var),5,1,10,0,10,10,1,0.5,0.0,0.0,100,100,0.5,0.5,0.2,3,1,genHalfAndHalf,1,10,17,117043,Config_118,2,"add(10, 10)",20,Unconditional Good,18.83,14.22,0.0,21.17,17.36,
2026-05-02_22-05,Local_VSCode,IR2NoD_Config_118_R3,Indirect Reciprocity Mode 2 (Assessment w/ No Donor Var),5,1,10,0,10,10,1,0.5,0.0,0.0,100,100,0.5,0.5,0.2,3,1,genHalfAndHalf,1,10,17,117044,Config_118,3,"add(sub(1, RecipientStanding), DonorAction)",DonorAction - RecipientStanding + 1,Simple Standing,20.3,12.29,0.0,8.5,18.22,
2026-05-02_22-06,Local_VSCode,IR2NoD_Config_118_R4,Indirect Reciprocity Mode 2 (Assessment w/ No Donor Var),5,1,10,0,10,10,1,0.5,0.0,0.0,100,100,0.5,0.5,0.2,3,1,genHalfAndHalf,1,10,17,117045,Config_118,4,"add(1, sub(DonorAction, RecipientStanding))",DonorAction - RecipientStanding + 1,Simple Standing,21.37,13.48,0.0,6.5,19.76,
2026-05-02_22-06,Local_VSCode,IR2NoD_Config_118_R5,Indirect Reciprocity Mode 2 (Assessment w/ No Donor Var),5,1,10,0,10,10,1,0.5,0.0,0.0,100,100,0.5,0.5,0.2,3,1,genHalfAndHalf,1,10,17,117046,Config_118,5,"add(RecipientStanding, RecipientStanding)",2*RecipientStanding,"Novel Rule: (True, False, True, False)",19.33,14.17,0.0,20.67,19.26,
2026-05-02_22-09,Local_VSCode,IR2NoD_Config_119_R1,Indirect Reciprocity Mode 2 (Assessment w/ No Donor Var),5,1,10,0,10,100,1,0.5,0.0,0.0,100,100,0.5,0.5,0.2,3,1,genHalfAndHalf,1,3,17,118042,Config_119,1,"sub(sub(DonorAction, -1), RecipientStanding)",DonorAction - RecipientStanding + 1,Simple Standing,184.87,112.52,0.0,84.33,190.64,
2026-05-02_22-11,Local_VSCode,IR2NoD_Config_119_R2,Indirect Reciprocity Mode 2 (Assessment w/ No Donor Var),5,1,10,0,10,100,1,0.5,0.0,0.0,100,100,0.5,0.5,0.2,3,1,genHalfAndHalf,1,3,17,118043,Config_119,2,"sub(add(1, add(DonorAction, DonorAction)), RecipientStanding)",2*DonorAction - RecipientStanding + 1,Simple Standing,185.57,112.57,0.0,77.5,191.92,
2026-05-02_22-13,Local_VSCode,IR2NoD_Config_119_R3,Indirect Reciprocity Mode 2 (Assessment w/ No Donor Var),5,1,10,0,10,100,1,0.5,0.0,0.0,100,100,0.5,0.5,0.2,3,1,genHalfAndHalf,1,3,17,118044,Config_119,3,"sub(mul(RecipientStanding, sub(DonorAction, RecipientStanding)), sub(-1, sub(DonorAction, RecipientStanding)))",DonorAction + RecipientStanding*(DonorAction - RecipientStanding) - RecipientStanding + 1,Simple Standing,190.57,135.18,0.0,84.5,189.52,
2026-05-02_22-16,Local_VSCode,IR2NoD_Config_119_R4,Indirect Reciprocity Mode 2 (Assessment w/ No Donor Var),5,1,10,0,10,100,1,0.5,0.0,0.0,100,100,0.5,0.5,0.2,3,1,genHalfAndHalf,1,3,17,118045,Config_119,4,"add(1, sub(mul(1, 0), sub(RecipientStanding, DonorAction)))",DonorAction - RecipientStanding + 1,Simple Standing,185.2,129.52,0.0,80.67,188.42,
2026-05-02_22-18,Local_VSCode,IR2NoD_Config_119_R5,Indirect Reciprocity Mode 2 (Assessment w/ No Donor Var),5,1,10,0,10,100,1,0.5,0.0,0.0,100,100,0.5,0.5,0.2,3,1,genHalfAndHalf,1,3,17,118046,Config_119,5,"sub(add(DonorAction, 1), mul(sub(RecipientStanding, DonorAction), sub(RecipientStanding, DonorAction)))",DonorAction - (DonorAction - RecipientStanding)**2 + 1,Simple Standing,185.53,148.36,0.0,71.67,184.64,
2026-05-02_22-20,Local_VSCode,IR2NoD_Config_120_R1,Indirect Reciprocity Mode 2 (Assessment w/ No Donor Var),5,1,10,0,10,100,1,0.5,0.0,0.0,100,100,0.5,0.5,0.2,3,1,genHalfAndHalf,1,10,17,119042,Config_120,1,"add(DonorAction, sub(1, RecipientStanding))",DonorAction - RecipientStanding + 1,Simple Standing,184.97,108.03,0.0,77.17,186.14,
2026-05-02_22-22,Local_VSCode,IR2NoD_Config_120_R2,Indirect Reciprocity Mode 2 (Assessment w/ No Donor Var),5,1,10,0,10,100,1,0.5,0.0,0.0,100,100,0.5,0.5,0.2,3,1,genHalfAndHalf,1,10,17,119043,Config_120,2,"sub(1, sub(RecipientStanding, DonorAction))",DonorAction - RecipientStanding + 1,Simple Standing,184.0,106.29,0.0,84.0,190.12,
2026-05-02_22-24,Local_VSCode,IR2NoD_Config_120_R3,Indirect Reciprocity Mode 2 (Assessment w/ No Donor Var),5,1,10,0,10,100,1,0.5,0.0,0.0,100,100,0.5,0.5,0.2,3,1,genHalfAndHalf,1,10,17,119044,Config_120,3,"sub(mul(10, add(DonorAction, DonorAction)), add(-1, RecipientStanding))",20*DonorAction - RecipientStanding + 1,Simple Standing,187.13,118.56,0.0,80.33,186.34,
2026-05-02_22-26,Local_VSCode,IR2NoD_Config_120_R4,Indirect Reciprocity Mode 2 (Assessment w/ No Donor Var),5,1,10,0,10,100,1,0.5,0.0,0.0,100,100,0.5,0.5,0.2,3,1,genHalfAndHalf,1,10,17,119045,Config_120,4,"add(1, sub(DonorAction, RecipientStanding))",DonorAction - RecipientStanding + 1,Simple Standing,183.63,132.86,0.0,77.17,184.86,
2026-05-02_22-27,Local_VSCode,IR2NoD_Config_120_R5,Indirect Reciprocity Mode 2 (Assessment w/ No Donor Var),5,1,10,0,10,100,1,0.5,0.0,0.0,100,100,0.5,0.5,0.2,3,1,genHalfAndHalf,1,10,17,119046,Config_120,5,"sub(DonorAction, add(sub(RecipientStanding, DonorAction), sub(-1, 0)))",2*DonorAction - RecipientStanding + 1,Simple Standing,185.53,111.6,0.0,81.0,183.82,
2026-05-02_22-27,Local_VSCode,IR2NoD_Config_121_R1,Indirect Reciprocity Mode 2 (Assessment w/ No Donor Var),5,1,10,10,0,10,1,0.5,0.0,0.0,100,100,0.5,0.5,0.2,3,1,genHalfAndHalf,1,3,17,120042,Config_121,1,"mul(1, RecipientStanding)",RecipientStanding,"Novel Rule: (True, False, True, False)",47.83,40.64,32.17,0.0,36.7,
2026-05-02_22-28,Local_VSCode,IR2NoD_Config_121_R2,Indirect Reciprocity Mode 2 (Assessment w/ No Donor Var),5,1,10,10,0,10,1,0.5,0.0,0.0,100,100,0.5,0.5,0.2,3,1,genHalfAndHalf,1,3,17,120043,Config_121,2,"add(DonorAction, RecipientStanding)",DonorAction + RecipientStanding,"Novel Rule: (True, True, True, False)",46.83,40.63,33.17,0.0,42.1,
2026-05-02_22-28,Local_VSCode,IR2NoD_Config_121_R3,Indirect Reciprocity Mode 2 (Assessment w/ No Donor Var),5,1,10,10,0,10,1,0.5,0.0,0.0,100,100,0.5,0.5,0.2,3,1,genHalfAndHalf,1,3,17,120044,Config_121,3,"mul(RecipientStanding, RecipientStanding)",RecipientStanding**2,"Novel Rule: (True, False, True, False)",46.83,40.57,33.17,0.0,41.0,
2026-05-02_22-28,Local_VSCode,IR2NoD_Config_121_R4,Indirect Reciprocity Mode 2 (Assessment w/ No Donor Var),5,1,10,10,0,10,1,0.5,0.0,0.0,100,100,0.5,0.5,0.2,3,1,genHalfAndHalf,1,3,17,120045,Config_121,4,"add(RecipientStanding, RecipientStanding)",2*RecipientStanding,"Novel Rule: (True, False, True, False)",47.67,40.97,32.33,0.0,38.0,
2026-05-02_22-28,Local_VSCode,IR2NoD_Config_121_R5,Indirect Reciprocity Mode 2 (Assessment w/ No Donor Var),5,1,10,10,0,10,1,0.5,0.0,0.0,100,100,0.5,0.5,0.2,3,1,genHalfAndHalf,1,3,17,120046,Config_121,5,"add(mul(mul(RecipientStanding, RecipientStanding), 1), 10)",RecipientStanding**2 + 10,Unconditional Good,48.83,41.45,31.17,0.0,39.8,
2026-05-02_22-29,Local_VSCode,IR2NoD_Config_122_R1,Indirect Reciprocity Mode 2 (Assessment w/ No Donor Var),5,1,10,10,0,10,1,0.5,0.0,0.0,100,100,0.5,0.5,0.2,3,1,genHalfAndHalf,1,10,17,121042,Config_122,1,"add(1, RecipientStanding)",RecipientStanding + 1,Unconditional Good,46.5,40.53,33.5,0.0,40.9,
2026-05-02_22-29,Local_VSCode,IR2NoD_Config_122_R2,Indirect Reciprocity Mode 2 (Assessment w/ No Donor Var),5,1,10,10,0,10,1,0.5,0.0,0.0,100,100,0.5,0.5,0.2,3,1,genHalfAndHalf,1,10,17,121043,Config_122,2,"mul(add(RecipientStanding, DonorAction), DonorAction)",DonorAction*(DonorAction + RecipientStanding),Image Scoring (binary),49.17,41.81,30.83,0.0,40.5,
2026-05-02_22-29,Local_VSCode,IR2NoD_Config_122_R3,Indirect Reciprocity Mode 2 (Assessment w/ No Donor Var),5,1,10,10,0,10,1,0.5,0.0,0.0,100,100,0.5,0.5,0.2,3,1,genHalfAndHalf,1,10,17,121044,Config_122,3,"add(DonorAction, DonorAction)",2*DonorAction,Image Scoring (binary),47.5,39.35,32.5,0.0,40.8,
2026-05-02_22-29,Local_VSCode,IR2NoD_Config_122_R4,Indirect Reciprocity Mode 2 (Assessment w/ No Donor Var),5,1,10,10,0,10,1,0.5,0.0,0.0,100,100,0.5,0.5,0.2,3,1,genHalfAndHalf,1,10,17,121045,Config_122,4,"add(sub(1, RecipientStanding), RecipientStanding)",1,Unconditional Good,48.33,41.17,31.67,0.0,40.0,
2026-05-02_22-29,Local_VSCode,IR2NoD_Config_122_R5,Indirect Reciprocity Mode 2 (Assessment w/ No Donor Var),5,1,10,10,0,10,1,0.5,0.0,0.0,100,100,0.5,0.5,0.2,3,1,genHalfAndHalf,1,10,17,121046,Config_122,5,"add(RecipientStanding, RecipientStanding)",2*RecipientStanding,"Novel Rule: (True, False, True, False)",47.5,41.33,32.5,0.0,39.3,
2026-05-02_22-32,Local_VSCode,IR2NoD_Config_123_R1,Indirect Reciprocity Mode 2 (Assessment w/ No Donor Var),5,1,10,10,0,100,1,0.5,0.0,0.0,100,100,0.5,0.5,0.2,3,1,genHalfAndHalf,1,3,17,122042,Config_123,1,"mul(DonorAction, add(DonorAction, sub(-1, -1)))",DonorAction**2,Image Scoring (binary),422.0,368.83,378.0,0.0,411.9,
2026-05-02_22-34,Local_VSCode,IR2NoD_Config_123_R2,Indirect Reciprocity Mode 2 (Assessment w/ No Donor Var),5,1,10,10,0,100,1,0.5,0.0,0.0,100,100,0.5,0.5,0.2,3,1,genHalfAndHalf,1,3,17,122043,Config_123,2,"add(RecipientStanding, DonorAction)",DonorAction + RecipientStanding,"Novel Rule: (True, True, True, False)",421.5,397.08,378.5,0.0,398.0,
2026-05-02_22-37,Local_VSCode,IR2NoD_Config_123_R3,Indirect Reciprocity Mode 2 (Assessment w/ No Donor Var),5,1,10,10,0,100,1,0.5,0.0,0.0,100,100,0.5,0.5,0.2,3,1,genHalfAndHalf,1,3,17,122044,Config_123,3,"add(RecipientStanding, RecipientStanding)",2*RecipientStanding,"Novel Rule: (True, False, True, False)",428.17,398.0,371.83,0.0,406.0,
2026-05-02_22-40,Local_VSCode,IR2NoD_Config_123_R4,Indirect Reciprocity Mode 2 (Assessment w/ No Donor Var),5,1,10,10,0,100,1,0.5,0.0,0.0,100,100,0.5,0.5,0.2,3,1,genHalfAndHalf,1,3,17,122045,Config_123,4,"mul(RecipientStanding, RecipientStanding)",RecipientStanding**2,"Novel Rule: (True, False, True, False)",422.67,391.94,377.33,0.0,396.1,
2026-05-02_22-42,Local_VSCode,IR2NoD_Config_123_R5,Indirect Reciprocity Mode 2 (Assessment w/ No Donor Var),5,1,10,10,0,100,1,0.5,0.0,0.0,100,100,0.5,0.5,0.2,3,1,genHalfAndHalf,1,3,17,122046,Config_123,5,"mul(DonorAction, DonorAction)",DonorAction**2,Image Scoring (binary),420.83,398.18,379.17,0.0,403.6,
2026-05-02_22-45,Local_VSCode,IR2NoD_Config_124_R1,Indirect Reciprocity Mode 2 (Assessment w/ No Donor Var),5,1,10,10,0,100,1,0.5,0.0,0.0,100,100,0.5,0.5,0.2,3,1,genHalfAndHalf,1,10,17,123042,Config_124,1,"add(RecipientStanding, mul(DonorAction, DonorAction))",DonorAction**2 + RecipientStanding,"Novel Rule: (True, True, True, False)",425.17,401.73,374.83,0.0,401.2,
2026-05-02_22-47,Local_VSCode,IR2NoD_Config_124_R2,Indirect Reciprocity Mode 2 (Assessment w/ No Donor Var),5,1,10,10,0,100,1,0.5,0.0,0.0,100,100,0.5,0.5,0.2,3,1,genHalfAndHalf,1,10,17,123043,Config_124,2,"add(add(DonorAction, 10), DonorAction)",2*DonorAction + 10,Unconditional Good,420.33,401.18,379.67,0.0,398.7,
2026-05-02_22-50,Local_VSCode,IR2NoD_Config_124_R3,Indirect Reciprocity Mode 2 (Assessment w/ No Donor Var),5,1,10,10,0,100,1,0.5,0.0,0.0,100,100,0.5,0.5,0.2,3,1,genHalfAndHalf,1,10,17,123044,Config_124,3,"add(10, mul(RecipientStanding, add(10, DonorAction)))",RecipientStanding*(DonorAction + 10) + 10,Unconditional Good,422.83,401.86,377.17,0.0,398.0,
2026-05-02_22-53,Local_VSCode,IR2NoD_Config_124_R4,Indirect Reciprocity Mode 2 (Assessment w/ No Donor Var),5,1,10,10,0,100,1,0.5,0.0,0.0,100,100,0.5,0.5,0.2,3,1,genHalfAndHalf,1,10,17,123045,Config_124,4,"add(RecipientStanding, add(RecipientStanding, DonorAction))",DonorAction + 2*RecipientStanding,"Novel Rule: (True, True, True, False)",423.33,394.8,376.67,0.0,407.3,
2026-05-02_22-55,Local_VSCode,IR2NoD_Config_124_R5,Indirect Reciprocity Mode 2 (Assessment w/ No Donor Var),5,1,10,10,0,100,1,0.5,0.0,0.0,100,100,0.5,0.5,0.2,3,1,genHalfAndHalf,1,10,17,123046,Config_124,5,"mul(10, RecipientStanding)",10*RecipientStanding,"Novel Rule: (True, False, True, False)",425.83,389.21,374.17,0.0,391.4,
2026-05-02_22-56,Local_VSCode,IR2NoD_Config_125_R1,Indirect Reciprocity Mode 2 (Assessment w/ No Donor Var),5,1,10,10,10,10,1,0.5,0.0,0.0,100,100,0.5,0.5,0.2,3,1,genHalfAndHalf,1,3,17,124042,Config_125,1,"mul(RecipientStanding, RecipientStanding)",RecipientStanding**2,"Novel Rule: (True, False, True, False)",29.17,23.53,22.5,28.33,27.94,
2026-05-02_22-56,Local_VSCode,IR2NoD_Config_125_R2,Indirect Reciprocity Mode 2 (Assessment w/ No Donor Var),5,1,10,10,10,10,1,0.5,0.0,0.0,100,100,0.5,0.5,0.2,3,1,genHalfAndHalf,1,3,17,124043,Config_125,2,"add(10, 10)",20,Unconditional Good,28.5,24.15,16.17,35.33,23.76,
2026-05-02_22-57,Local_VSCode,IR2NoD_Config_125_R3,Indirect Reciprocity Mode 2 (Assessment w/ No Donor Var),5,1,10,10,10,10,1,0.5,0.0,0.0,100,100,0.5,0.5,0.2,3,1,genHalfAndHalf,1,3,17,124044,Config_125,3,"add(RecipientStanding, RecipientStanding)",2*RecipientStanding,"Novel Rule: (True, False, True, False)",29.33,23.57,18.5,32.17,28.24,
2026-05-02_22-58,Local_VSCode,IR2NoD_Config_125_R4,Indirect Reciprocity Mode 2 (Assessment w/ No Donor Var),5,1,10,10,10,10,1,0.5,0.0,0.0,100,100,0.5,0.5,0.2,3,1,genHalfAndHalf,1,3,17,124045,Config_125,4,"add(RecipientStanding, RecipientStanding)",2*RecipientStanding,"Novel Rule: (True, False, True, False)",28.67,23.47,20.17,31.17,28.26,
2026-05-02_22-58,Local_VSCode,IR2NoD_Config_125_R5,Indirect Reciprocity Mode 2 (Assessment w/ No Donor Var),5,1,10,10,10,10,1,0.5,0.0,0.0,100,100,0.5,0.5,0.2,3,1,genHalfAndHalf,1,3,17,124046,Config_125,5,"add(RecipientStanding, RecipientStanding)",2*RecipientStanding,"Novel Rule: (True, False, True, False)",27.83,23.86,16.83,35.33,28.08,
2026-05-02_22-59,Local_VSCode,IR2NoD_Config_126_R1,Indirect Reciprocity Mode 2 (Assessment w/ No Donor Var),5,1,10,10,10,10,1,0.5,0.0,0.0,100,100,0.5,0.5,0.2,3,1,genHalfAndHalf,1,10,17,125042,Config_126,1,"add(RecipientStanding, RecipientStanding)",2*RecipientStanding,"Novel Rule: (True, False, True, False)",31.5,24.41,18.0,30.5,24.52,
2026-05-02_22-59,Local_VSCode,IR2NoD_Config_126_R2,Indirect Reciprocity Mode 2 (Assessment w/ No Donor Var),5,1,10,10,10,10,1,0.5,0.0,0.0,100,100,0.5,0.5,0.2,3,1,genHalfAndHalf,1,10,17,125043,Config_126,2,"sub(DonorAction, -1)",DonorAction + 1,Unconditional Good,29.5,22.81,21.67,28.83,26.78,
2026-05-02_23-00,Local_VSCode,IR2NoD_Config_126_R3,Indirect Reciprocity Mode 2 (Assessment w/ No Donor Var),5,1,10,10,10,10,1,0.5,0.0,0.0,100,100,0.5,0.5,0.2,3,1,genHalfAndHalf,1,10,17,125044,Config_126,3,"add(mul(RecipientStanding, 10), 10)",10*RecipientStanding + 10,Unconditional Good,30.17,24.09,15.83,34.0,26.1,
2026-05-02_23-00,Local_VSCode,IR2NoD_Config_126_R4,Indirect Reciprocity Mode 2 (Assessment w/ No Donor Var),5,1,10,10,10,10,1,0.5,0.0,0.0,100,100,0.5,0.5,0.2,3,1,genHalfAndHalf,1,10,17,125045,Config_126,4,"add(RecipientStanding, RecipientStanding)",2*RecipientStanding,"Novel Rule: (True, False, True, False)",28.33,24.04,19.0,32.67,28.64,
2026-05-02_23-00,Local_VSCode,IR2NoD_Config_126_R5,Indirect Reciprocity Mode 2 (Assessment w/ No Donor Var),5,1,10,10,10,10,1,0.5,0.0,0.0,100,100,0.5,0.5,0.2,3,1,genHalfAndHalf,1,10,17,125046,Config_126,5,"add(DonorAction, RecipientStanding)",DonorAction + RecipientStanding,"Novel Rule: (True, True, True, False)",29.17,24.29,18.67,32.17,25.56,
2026-05-02_23-04,Local_VSCode,IR2NoD_Config_127_R1,Indirect Reciprocity Mode 2 (Assessment w/ No Donor Var),5,1,10,10,10,100,1,0.5,0.0,0.0,100,100,0.5,0.5,0.2,3,1,genHalfAndHalf,1,3,17,126042,Config_127,1,"add(mul(sub(RecipientStanding, DonorAction), sub(DonorAction, RecipientStanding)), 1)",1 - (DonorAction - RecipientStanding)**2,Stern Judging,279.03,252.72,155.33,224.83,262.54,
2026-05-02_23-09,Local_VSCode,IR2NoD_Config_127_R2,Indirect Reciprocity Mode 2 (Assessment w/ No Donor Var),5,1,10,10,10,100,1,0.5,0.0,0.0,100,100,0.5,0.5,0.2,3,1,genHalfAndHalf,1,3,17,126043,Config_127,2,"add(DonorAction, sub(1, RecipientStanding))",DonorAction - RecipientStanding + 1,Simple Standing,269.13,233.8,225.5,205.5,257.68,
2026-05-02_23-13,Local_VSCode,IR2NoD_Config_127_R3,Indirect Reciprocity Mode 2 (Assessment w/ No Donor Var),5,1,10,10,10,100,1,0.5,0.0,0.0,100,100,0.5,0.5,0.2,3,1,genHalfAndHalf,1,3,17,126044,Config_127,3,"mul(sub(sub(-1, RecipientStanding), mul(DonorAction, -1)), sub(add(RecipientStanding, -1), DonorAction))",(-DonorAction + RecipientStanding + 1)*(DonorAction - RecipientStanding + 1),Stern Judging,281.33,236.39,164.33,225.67,255.68,
2026-05-02_23-17,Local_VSCode,IR2NoD_Config_127_R4,Indirect Reciprocity Mode 2 (Assessment w/ No Donor Var),5,1,10,10,10,100,1,0.5,0.0,0.0,100,100,0.5,0.5,0.2,3,1,genHalfAndHalf,1,3,17,126045,Config_127,4,"add(1, sub(add(sub(sub(add(DonorAction, DonorAction), RecipientStanding), sub(-1, DonorAction)), DonorAction), RecipientStanding))",4*DonorAction - 2*RecipientStanding + 2,Simple Standing,275.7,240.79,216.0,204.17,263.04,
2026-05-02_23-21,Local_VSCode,IR2NoD_Config_127_R5,Indirect Reciprocity Mode 2 (Assessment w/ No Donor Var),5,1,10,10,10,100,1,0.5,0.0,0.0,100,100,0.5,0.5,0.2,3,1,genHalfAndHalf,1,3,17,126046,Config_127,5,"add(add(mul(RecipientStanding, -10), DonorAction), 10)",DonorAction - 10*RecipientStanding + 10,Simple Standing,271.9,230.89,218.33,204.83,264.92,
2026-05-02_23-25,Local_VSCode,IR2NoD_Config_128_R1,Indirect Reciprocity Mode 2 (Assessment w/ No Donor Var),5,1,10,10,10,100,1,0.5,0.0,0.0,100,100,0.5,0.5,0.2,3,1,genHalfAndHalf,1,10,17,127042,Config_128,1,"sub(sub(mul(RecipientStanding, DonorAction), sub(0, 1)), sub(RecipientStanding, DonorAction))",DonorAction*RecipientStanding + DonorAction - RecipientStanding + 1,Simple Standing,272.7,239.9,212.33,206.17,253.24,
2026-05-02_23-29,Local_VSCode,IR2NoD_Config_128_R2,Indirect Reciprocity Mode 2 (Assessment w/ No Donor Var),5,1,10,10,10,100,1,0.5,0.0,0.0,100,100,0.5,0.5,0.2,3,1,genHalfAndHalf,1,10,17,127043,Config_128,2,"add(DonorAction, sub(sub(DonorAction, DonorAction), add(-1, RecipientStanding)))",DonorAction - RecipientStanding + 1,Simple Standing,278.3,235.1,208.17,208.33,264.02,
2026-05-02_23-32,Local_VSCode,IR2NoD_Config_128_R3,Indirect Reciprocity Mode 2 (Assessment w/ No Donor Var),5,1,10,10,10,100,1,0.5,0.0,0.0,100,100,0.5,0.5,0.2,3,1,genHalfAndHalf,1,10,17,127044,Config_128,3,"sub(sub(DonorAction, add(DonorAction, -1)), sub(add(add(DonorAction, RecipientStanding), RecipientStanding), mul(RecipientStanding, mul(DonorAction, 10))))",10*DonorAction*RecipientStanding - DonorAction - 2*RecipientStanding + 1,Stern Judging,281.4,240.53,158.33,224.67,257.62,
2026-05-02_23-36,Local_VSCode,IR2NoD_Config_128_R4,Indirect Reciprocity Mode 2 (Assessment w/ No Donor Var),5,1,10,10,10,100,1,0.5,0.0,0.0,100,100,0.5,0.5,0.2,3,1,genHalfAndHalf,1,10,17,127045,Config_128,4,"sub(mul(sub(DonorAction, mul(sub(RecipientStanding, sub(-10, DonorAction)), sub(sub(RecipientStanding, DonorAction), sub(RecipientStanding, RecipientStanding)))), mul(RecipientStanding, 1)), -10)",RecipientStanding*(DonorAction + (DonorAction - RecipientStanding)*(DonorAction + RecipientStanding + 10)) + 10,Simple Standing,273.73,244.0,209.67,205.0,263.08,
2026-05-02_23-40,Local_VSCode,IR2NoD_Config_128_R5,Indirect Reciprocity Mode 2 (Assessment w/ No Donor Var),5,1,10,10,10,100,1,0.5,0.0,0.0,100,100,0.5,0.5,0.2,3,1,genHalfAndHalf,1,10,17,127046,Config_128,5,"add(sub(sub(DonorAction, add(DonorAction, add(DonorAction, -1))), mul(sub(sub(RecipientStanding, DonorAction), DonorAction), add(RecipientStanding, RecipientStanding))), RecipientStanding)",-DonorAction + 2*RecipientStanding*(2*DonorAction - RecipientStanding) + RecipientStanding + 1,Stern Judging,274.57,241.46,160.67,233.17,259.0,
