Timestamp,Machine_ID,Run_ID,Mode,BENEFIT_TO_COST_RATIO,COST,NUM_IGSS,NUM_UC,NUM_D,NUM_ROUNDS,INITIAL_ENDOWMENT,ENDOWMENT_FRACTION,EXECUTION_ERROR_RATE,PERCEPTION_ERROR_RATE,POP_SIZE,MAX_GENS,PARSIMONY_TAX,CXPB,MUTPB,TOURNAMENT_SIZE,HOF_SIZE,INIT_METHOD,TREE_MIN_DEPTH,TREE_MAX_DEPTH,STATIC_DEPTH_LIMIT,SEED,CONFIG_GROUP,REPETITION,Best_Rule_Raw,Best_Rule_SymPy,Identified_Strategy,iGSS_Max_Fitness,iGSS_Avg_Fitness,UC_Fitness,D_Fitness,Control_Baseline,Manual_Validation
2026-05-03_22-03,Local_VSCode,DR2_Config_1_R1,Direct Reciprocity Mode 2 (Memory Ledger Search),2,1,10,0,0,10,1,0.5,0.0,0.0,10,100,0.1,0.5,0.2,3,1,genHalfAndHalf,1,3,17,42,Config_1,1,"mul(DonorInMemory, DonorAction)",DonorAction*DonorInMemory,"Novel Rule: (True, False, False, False)",10.0,10.0,0.0,0.0,10.0,
2026-05-03_22-03,Local_VSCode,DR2_Config_1_R2,Direct Reciprocity Mode 2 (Memory Ledger Search),2,1,10,0,0,10,1,0.5,0.0,0.0,10,100,0.1,0.5,0.2,3,1,genHalfAndHalf,1,3,17,43,Config_1,2,"sub(1, 1)",0,Amnesia (Remember No One),10.0,9.2,0.0,0.0,10.0,
2026-05-03_22-03,Local_VSCode,DR2_Config_1_R3,Direct Reciprocity Mode 2 (Memory Ledger Search),2,1,10,0,0,10,1,0.5,0.0,0.0,10,100,0.1,0.5,0.2,3,1,genHalfAndHalf,1,3,17,44,Config_1,3,"add(1, -10)",-9,Amnesia (Remember No One),10.0,8.35,0.0,0.0,10.0,
2026-05-03_22-03,Local_VSCode,DR2_Config_1_R4,Direct Reciprocity Mode 2 (Memory Ledger Search),2,1,10,0,0,10,1,0.5,0.0,0.0,10,100,0.1,0.5,0.2,3,1,genHalfAndHalf,1,3,17,45,Config_1,4,"sub(0, DonorAction)",-DonorAction,Amnesia (Remember No One),10.0,10.0,0.0,0.0,10.0,
2026-05-03_22-03,Local_VSCode,DR2_Config_1_R5,Direct Reciprocity Mode 2 (Memory Ledger Search),2,1,10,0,0,10,1,0.5,0.0,0.0,10,100,0.1,0.5,0.2,3,1,genHalfAndHalf,1,3,17,46,Config_1,5,"add(DonorInMemory, DonorInMemory)",2*DonorInMemory,"Novel Rule: (True, False, True, False)",10.0,9.61,0.0,0.0,10.0,
2026-05-03_22-03,Local_VSCode,DR2_Config_2_R1,Direct Reciprocity Mode 2 (Memory Ledger Search),2,1,10,0,0,10,1,0.5,0.0,0.0,10,100,0.1,0.5,0.2,3,1,genHalfAndHalf,1,10,17,1042,Config_2,1,"sub(1, DonorAction)",1 - DonorAction,Strict Ledger (TFT Base),10.0,9.72,0.0,0.0,10.0,
2026-05-03_22-03,Local_VSCode,DR2_Config_2_R2,Direct Reciprocity Mode 2 (Memory Ledger Search),2,1,10,0,0,10,1,0.5,0.0,0.0,10,100,0.1,0.5,0.2,3,1,genHalfAndHalf,1,10,17,1043,Config_2,2,"mul(DonorAction, DonorInMemory)",DonorAction*DonorInMemory,"Novel Rule: (True, False, False, False)",10.0,9.41,0.0,0.0,10.0,
2026-05-03_22-03,Local_VSCode,DR2_Config_2_R3,Direct Reciprocity Mode 2 (Memory Ledger Search),2,1,10,0,0,10,1,0.5,0.0,0.0,10,100,0.1,0.5,0.2,3,1,genHalfAndHalf,1,10,17,1044,Config_2,3,"mul(DonorInMemory, DonorAction)",DonorAction*DonorInMemory,"Novel Rule: (True, False, False, False)",10.0,10.0,0.0,0.0,10.0,
2026-05-03_22-03,Local_VSCode,DR2_Config_2_R4,Direct Reciprocity Mode 2 (Memory Ledger Search),2,1,10,0,0,10,1,0.5,0.0,0.0,10,100,0.1,0.5,0.2,3,1,genHalfAndHalf,1,10,17,1045,Config_2,4,"mul(0, -10)",0,Amnesia (Remember No One),10.0,10.0,0.0,0.0,10.0,
2026-05-03_22-03,Local_VSCode,DR2_Config_2_R5,Direct Reciprocity Mode 2 (Memory Ledger Search),2,1,10,0,0,10,1,0.5,0.0,0.0,10,100,0.1,0.5,0.2,3,1,genHalfAndHalf,1,10,17,1046,Config_2,5,"sub(DonorInMemory, DonorAction)",-DonorAction + DonorInMemory,"Novel Rule: (False, False, True, False)",10.0,10.0,0.0,0.0,10.0,
2026-05-03_22-03,Local_VSCode,DR2_Config_3_R1,Direct Reciprocity Mode 2 (Memory Ledger Search),2,1,10,0,0,10,1,0.5,0.0,0.0,10,100,0.5,0.5,0.2,3,1,genHalfAndHalf,1,3,17,2042,Config_3,1,"sub(DonorInMemory, DonorInMemory)",0,Amnesia (Remember No One),10.0,9.58,0.0,0.0,10.0,
2026-05-03_22-03,Local_VSCode,DR2_Config_3_R2,Direct Reciprocity Mode 2 (Memory Ledger Search),2,1,10,0,0,10,1,0.5,0.0,0.0,10,100,0.5,0.5,0.2,3,1,genHalfAndHalf,1,3,17,2043,Config_3,2,"mul(10, 0)",0,Amnesia (Remember No One),10.0,9.61,0.0,0.0,10.0,
2026-05-03_22-03,Local_VSCode,DR2_Config_3_R3,Direct Reciprocity Mode 2 (Memory Ledger Search),2,1,10,0,0,10,1,0.5,0.0,0.0,10,100,0.5,0.5,0.2,3,1,genHalfAndHalf,1,3,17,2044,Config_3,3,"sub(0, DonorAction)",-DonorAction,Amnesia (Remember No One),10.0,9.73,0.0,0.0,10.0,
2026-05-03_22-03,Local_VSCode,DR2_Config_3_R4,Direct Reciprocity Mode 2 (Memory Ledger Search),2,1,10,0,0,10,1,0.5,0.0,0.0,10,100,0.5,0.5,0.2,3,1,genHalfAndHalf,1,3,17,2045,Config_3,4,"mul(DonorAction, -10)",-10*DonorAction,Amnesia (Remember No One),10.0,10.0,0.0,0.0,10.0,
2026-05-03_22-03,Local_VSCode,DR2_Config_3_R5,Direct Reciprocity Mode 2 (Memory Ledger Search),2,1,10,0,0,10,1,0.5,0.0,0.0,10,100,0.5,0.5,0.2,3,1,genHalfAndHalf,1,3,17,2046,Config_3,5,"sub(DonorInMemory, DonorInMemory)",0,Amnesia (Remember No One),10.0,10.0,0.0,0.0,10.0,
2026-05-03_22-03,Local_VSCode,DR2_Config_4_R1,Direct Reciprocity Mode 2 (Memory Ledger Search),2,1,10,0,0,10,1,0.5,0.0,0.0,10,100,0.5,0.5,0.2,3,1,genHalfAndHalf,1,10,17,3042,Config_4,1,"sub(0, 10)",-10,Amnesia (Remember No One),10.0,10.0,0.0,0.0,10.0,
2026-05-03_22-03,Local_VSCode,DR2_Config_4_R2,Direct Reciprocity Mode 2 (Memory Ledger Search),2,1,10,0,0,10,1,0.5,0.0,0.0,10,100,0.5,0.5,0.2,3,1,genHalfAndHalf,1,10,17,3043,Config_4,2,"mul(1, DonorInMemory)",DonorInMemory,"Novel Rule: (True, False, True, False)",10.0,9.6,0.0,0.0,10.0,
2026-05-03_22-03,Local_VSCode,DR2_Config_4_R3,Direct Reciprocity Mode 2 (Memory Ledger Search),2,1,10,0,0,10,1,0.5,0.0,0.0,10,100,0.5,0.5,0.2,3,1,genHalfAndHalf,1,10,17,3044,Config_4,3,"mul(-10, DonorAction)",-10*DonorAction,Amnesia (Remember No One),10.0,10.0,0.0,0.0,10.0,
2026-05-03_22-03,Local_VSCode,DR2_Config_4_R4,Direct Reciprocity Mode 2 (Memory Ledger Search),2,1,10,0,0,10,1,0.5,0.0,0.0,10,100,0.5,0.5,0.2,3,1,genHalfAndHalf,1,10,17,3045,Config_4,4,"mul(DonorInMemory, DonorInMemory)",DonorInMemory**2,"Novel Rule: (True, False, True, False)",10.0,10.0,0.0,0.0,10.0,
2026-05-03_22-03,Local_VSCode,DR2_Config_4_R5,Direct Reciprocity Mode 2 (Memory Ledger Search),2,1,10,0,0,10,1,0.5,0.0,0.0,10,100,0.5,0.5,0.2,3,1,genHalfAndHalf,1,10,17,3046,Config_4,5,"sub(-1, DonorAction)",-DonorAction - 1,Amnesia (Remember No One),10.0,10.0,0.0,0.0,10.0,
2026-05-03_22-04,Local_VSCode,DR2_Config_5_R1,Direct Reciprocity Mode 2 (Memory Ledger Search),2,1,10,0,0,10,1,0.5,0.0,0.0,100,100,0.1,0.5,0.2,3,1,genHalfAndHalf,1,3,17,4042,Config_5,1,"sub(DonorInMemory, DonorAction)",-DonorAction + DonorInMemory,"Novel Rule: (False, False, True, False)",10.0,9.7,0.0,0.0,10.0,
2026-05-03_22-04,Local_VSCode,DR2_Config_5_R2,Direct Reciprocity Mode 2 (Memory Ledger Search),2,1,10,0,0,10,1,0.5,0.0,0.0,100,100,0.1,0.5,0.2,3,1,genHalfAndHalf,1,3,17,4043,Config_5,2,"mul(-10, DonorInMemory)",-10*DonorInMemory,Amnesia (Remember No One),10.0,9.81,0.0,0.0,10.0,
2026-05-03_22-04,Local_VSCode,DR2_Config_5_R3,Direct Reciprocity Mode 2 (Memory Ledger Search),2,1,10,0,0,10,1,0.5,0.0,0.0,100,100,0.1,0.5,0.2,3,1,genHalfAndHalf,1,3,17,4044,Config_5,3,"mul(DonorInMemory, DonorAction)",DonorAction*DonorInMemory,"Novel Rule: (True, False, False, False)",10.0,9.96,0.0,0.0,10.0,
2026-05-03_22-04,Local_VSCode,DR2_Config_5_R4,Direct Reciprocity Mode 2 (Memory Ledger Search),2,1,10,0,0,10,1,0.5,0.0,0.0,100,100,0.1,0.5,0.2,3,1,genHalfAndHalf,1,3,17,4045,Config_5,4,"mul(DonorAction, -10)",-10*DonorAction,Amnesia (Remember No One),10.0,9.73,0.0,0.0,10.0,
2026-05-03_22-05,Local_VSCode,DR2_Config_5_R5,Direct Reciprocity Mode 2 (Memory Ledger Search),2,1,10,0,0,10,1,0.5,0.0,0.0,100,100,0.1,0.5,0.2,3,1,genHalfAndHalf,1,3,17,4046,Config_5,5,"sub(1, DonorAction)",1 - DonorAction,Strict Ledger (TFT Base),10.0,9.75,0.0,0.0,10.0,
2026-05-03_22-05,Local_VSCode,DR2_Config_6_R1,Direct Reciprocity Mode 2 (Memory Ledger Search),2,1,10,0,0,10,1,0.5,0.0,0.0,100,100,0.1,0.5,0.2,3,1,genHalfAndHalf,1,10,17,5042,Config_6,1,"add(DonorInMemory, -1)",DonorInMemory - 1,Amnesia (Remember No One),10.0,9.66,0.0,0.0,10.0,
2026-05-03_22-05,Local_VSCode,DR2_Config_6_R2,Direct Reciprocity Mode 2 (Memory Ledger Search),2,1,10,0,0,10,1,0.5,0.0,0.0,100,100,0.1,0.5,0.2,3,1,genHalfAndHalf,1,10,17,5043,Config_6,2,"sub(-10, 1)",-11,Amnesia (Remember No One),10.0,9.69,0.0,0.0,10.0,
2026-05-03_22-05,Local_VSCode,DR2_Config_6_R3,Direct Reciprocity Mode 2 (Memory Ledger Search),2,1,10,0,0,10,1,0.5,0.0,0.0,100,100,0.1,0.5,0.2,3,1,genHalfAndHalf,1,10,17,5044,Config_6,3,"add(DonorAction, -10)",DonorAction - 10,Amnesia (Remember No One),10.0,9.93,0.0,0.0,10.0,
2026-05-03_22-05,Local_VSCode,DR2_Config_6_R4,Direct Reciprocity Mode 2 (Memory Ledger Search),2,1,10,0,0,10,1,0.5,0.0,0.0,100,100,0.1,0.5,0.2,3,1,genHalfAndHalf,1,10,17,5045,Config_6,4,"sub(DonorInMemory, DonorInMemory)",0,Amnesia (Remember No One),10.0,9.74,0.0,0.0,10.0,
2026-05-03_22-06,Local_VSCode,DR2_Config_6_R5,Direct Reciprocity Mode 2 (Memory Ledger Search),2,1,10,0,0,10,1,0.5,0.0,0.0,100,100,0.1,0.5,0.2,3,1,genHalfAndHalf,1,10,17,5046,Config_6,5,"sub(-1, DonorInMemory)",-DonorInMemory - 1,Amnesia (Remember No One),10.0,9.78,0.0,0.0,10.0,
2026-05-03_22-06,Local_VSCode,DR2_Config_7_R1,Direct Reciprocity Mode 2 (Memory Ledger Search),2,1,10,0,0,10,1,0.5,0.0,0.0,100,100,0.5,0.5,0.2,3,1,genHalfAndHalf,1,3,17,6042,Config_7,1,"mul(DonorInMemory, DonorAction)",DonorAction*DonorInMemory,"Novel Rule: (True, False, False, False)",10.0,9.72,0.0,0.0,10.0,
2026-05-03_22-06,Local_VSCode,DR2_Config_7_R2,Direct Reciprocity Mode 2 (Memory Ledger Search),2,1,10,0,0,10,1,0.5,0.0,0.0,100,100,0.5,0.5,0.2,3,1,genHalfAndHalf,1,3,17,6043,Config_7,2,"mul(10, -1)",-10,Amnesia (Remember No One),10.0,9.49,0.0,0.0,10.0,
2026-05-03_22-06,Local_VSCode,DR2_Config_7_R3,Direct Reciprocity Mode 2 (Memory Ledger Search),2,1,10,0,0,10,1,0.5,0.0,0.0,100,100,0.5,0.5,0.2,3,1,genHalfAndHalf,1,3,17,6044,Config_7,3,"mul(DonorInMemory, 1)",DonorInMemory,"Novel Rule: (True, False, True, False)",10.0,9.64,0.0,0.0,10.0,
2026-05-03_22-07,Local_VSCode,DR2_Config_7_R4,Direct Reciprocity Mode 2 (Memory Ledger Search),2,1,10,0,0,10,1,0.5,0.0,0.0,100,100,0.5,0.5,0.2,3,1,genHalfAndHalf,1,3,17,6045,Config_7,4,"sub(DonorInMemory, DonorInMemory)",0,Amnesia (Remember No One),10.0,9.77,0.0,0.0,10.0,
2026-05-03_22-07,Local_VSCode,DR2_Config_7_R5,Direct Reciprocity Mode 2 (Memory Ledger Search),2,1,10,0,0,10,1,0.5,0.0,0.0,100,100,0.5,0.5,0.2,3,1,genHalfAndHalf,1,3,17,6046,Config_7,5,"add(-1, DonorInMemory)",DonorInMemory - 1,Amnesia (Remember No One),10.0,9.52,0.0,0.0,10.0,
2026-05-03_22-07,Local_VSCode,DR2_Config_8_R1,Direct Reciprocity Mode 2 (Memory Ledger Search),2,1,10,0,0,10,1,0.5,0.0,0.0,100,100,0.5,0.5,0.2,3,1,genHalfAndHalf,1,10,17,7042,Config_8,1,"add(DonorInMemory, 0)",DonorInMemory,"Novel Rule: (True, False, True, False)",10.0,9.75,0.0,0.0,10.0,
2026-05-03_22-07,Local_VSCode,DR2_Config_8_R2,Direct Reciprocity Mode 2 (Memory Ledger Search),2,1,10,0,0,10,1,0.5,0.0,0.0,100,100,0.5,0.5,0.2,3,1,genHalfAndHalf,1,10,17,7043,Config_8,2,"add(DonorInMemory, DonorInMemory)",2*DonorInMemory,"Novel Rule: (True, False, True, False)",10.0,9.87,0.0,0.0,10.0,
2026-05-03_22-07,Local_VSCode,DR2_Config_8_R3,Direct Reciprocity Mode 2 (Memory Ledger Search),2,1,10,0,0,10,1,0.5,0.0,0.0,100,100,0.5,0.5,0.2,3,1,genHalfAndHalf,1,10,17,7044,Config_8,3,"sub(DonorInMemory, DonorInMemory)",0,Amnesia (Remember No One),10.0,9.91,0.0,0.0,10.0,
2026-05-03_22-08,Local_VSCode,DR2_Config_8_R4,Direct Reciprocity Mode 2 (Memory Ledger Search),2,1,10,0,0,10,1,0.5,0.0,0.0,100,100,0.5,0.5,0.2,3,1,genHalfAndHalf,1,10,17,7045,Config_8,4,"sub(DonorAction, 1)",DonorAction - 1,Amnesia (Remember No One),10.0,9.87,0.0,0.0,10.0,
2026-05-03_22-08,Local_VSCode,DR2_Config_8_R5,Direct Reciprocity Mode 2 (Memory Ledger Search),2,1,10,0,0,10,1,0.5,0.0,0.0,100,100,0.5,0.5,0.2,3,1,genHalfAndHalf,1,10,17,7046,Config_8,5,"add(DonorInMemory, -1)",DonorInMemory - 1,Amnesia (Remember No One),10.0,9.66,0.0,0.0,10.0,
2026-05-03_22-08,Local_VSCode,DR2_Config_9_R1,Direct Reciprocity Mode 2 (Memory Ledger Search),2,1,10,0,0,100,1,0.5,0.0,0.0,10,100,0.1,0.5,0.2,3,1,genHalfAndHalf,1,3,17,8042,Config_9,1,"sub(DonorAction, DonorAction)",0,Amnesia (Remember No One),100.0,90.64,0.0,0.0,100.0,
2026-05-03_22-08,Local_VSCode,DR2_Config_9_R2,Direct Reciprocity Mode 2 (Memory Ledger Search),2,1,10,0,0,100,1,0.5,0.0,0.0,10,100,0.1,0.5,0.2,3,1,genHalfAndHalf,1,3,17,8043,Config_9,2,"sub(DonorInMemory, DonorInMemory)",0,Amnesia (Remember No One),100.0,100.0,0.0,0.0,100.0,
2026-05-03_22-08,Local_VSCode,DR2_Config_9_R3,Direct Reciprocity Mode 2 (Memory Ledger Search),2,1,10,0,0,100,1,0.5,0.0,0.0,10,100,0.1,0.5,0.2,3,1,genHalfAndHalf,1,3,17,8044,Config_9,3,"mul(DonorAction, DonorInMemory)",DonorAction*DonorInMemory,"Novel Rule: (True, False, False, False)",100.0,100.0,0.0,0.0,100.0,
2026-05-03_22-08,Local_VSCode,DR2_Config_9_R4,Direct Reciprocity Mode 2 (Memory Ledger Search),2,1,10,0,0,100,1,0.5,0.0,0.0,10,100,0.1,0.5,0.2,3,1,genHalfAndHalf,1,3,17,8045,Config_9,4,"sub(DonorAction, DonorAction)",0,Amnesia (Remember No One),100.0,90.48,0.0,0.0,100.0,
2026-05-03_22-08,Local_VSCode,DR2_Config_9_R5,Direct Reciprocity Mode 2 (Memory Ledger Search),2,1,10,0,0,100,1,0.5,0.0,0.0,10,100,0.1,0.5,0.2,3,1,genHalfAndHalf,1,3,17,8046,Config_9,5,"add(DonorAction, -1)",DonorAction - 1,Amnesia (Remember No One),100.0,95.21,0.0,0.0,100.0,
2026-05-03_22-09,Local_VSCode,DR2_Config_10_R1,Direct Reciprocity Mode 2 (Memory Ledger Search),2,1,10,0,0,100,1,0.5,0.0,0.0,10,100,0.1,0.5,0.2,3,1,genHalfAndHalf,1,10,17,9042,Config_10,1,"mul(DonorAction, DonorInMemory)",DonorAction*DonorInMemory,"Novel Rule: (True, False, False, False)",100.0,95.3,0.0,0.0,100.0,
2026-05-03_22-09,Local_VSCode,DR2_Config_10_R2,Direct Reciprocity Mode 2 (Memory Ledger Search),2,1,10,0,0,100,1,0.5,0.0,0.0,10,100,0.1,0.5,0.2,3,1,genHalfAndHalf,1,10,17,9043,Config_10,2,"sub(-1, DonorInMemory)",-DonorInMemory - 1,Amnesia (Remember No One),100.0,100.0,0.0,0.0,100.0,
2026-05-03_22-09,Local_VSCode,DR2_Config_10_R3,Direct Reciprocity Mode 2 (Memory Ledger Search),2,1,10,0,0,100,1,0.5,0.0,0.0,10,100,0.1,0.5,0.2,3,1,genHalfAndHalf,1,10,17,9044,Config_10,3,"sub(DonorInMemory, DonorAction)",-DonorAction + DonorInMemory,"Novel Rule: (False, False, True, False)",100.0,95.27,0.0,0.0,100.0,
2026-05-03_22-09,Local_VSCode,DR2_Config_10_R4,Direct Reciprocity Mode 2 (Memory Ledger Search),2,1,10,0,0,100,1,0.5,0.0,0.0,10,100,0.1,0.5,0.2,3,1,genHalfAndHalf,1,10,17,9045,Config_10,4,"mul(DonorInMemory, DonorAction)",DonorAction*DonorInMemory,"Novel Rule: (True, False, False, False)",100.0,100.0,0.0,0.0,100.0,
2026-05-03_22-09,Local_VSCode,DR2_Config_10_R5,Direct Reciprocity Mode 2 (Memory Ledger Search),2,1,10,0,0,100,1,0.5,0.0,0.0,10,100,0.1,0.5,0.2,3,1,genHalfAndHalf,1,10,17,9046,Config_10,5,"sub(DonorInMemory, DonorAction)",-DonorAction + DonorInMemory,"Novel Rule: (False, False, True, False)",100.0,90.41,0.0,0.0,100.0,
2026-05-03_22-09,Local_VSCode,DR2_Config_11_R1,Direct Reciprocity Mode 2 (Memory Ledger Search),2,1,10,0,0,100,1,0.5,0.0,0.0,10,100,0.5,0.5,0.2,3,1,genHalfAndHalf,1,3,17,10042,Config_11,1,"mul(DonorInMemory, DonorInMemory)",DonorInMemory**2,"Novel Rule: (True, False, True, False)",100.0,96.85,0.0,0.0,100.0,
2026-05-03_22-09,Local_VSCode,DR2_Config_11_R2,Direct Reciprocity Mode 2 (Memory Ledger Search),2,1,10,0,0,100,1,0.5,0.0,0.0,10,100,0.5,0.5,0.2,3,1,genHalfAndHalf,1,3,17,10043,Config_11,2,"mul(DonorAction, DonorInMemory)",DonorAction*DonorInMemory,"Novel Rule: (True, False, False, False)",100.0,90.39,0.0,0.0,100.0,
2026-05-03_22-09,Local_VSCode,DR2_Config_11_R3,Direct Reciprocity Mode 2 (Memory Ledger Search),2,1,10,0,0,100,1,0.5,0.0,0.0,10,100,0.5,0.5,0.2,3,1,genHalfAndHalf,1,3,17,10044,Config_11,3,"add(-10, DonorAction)",DonorAction - 10,Amnesia (Remember No One),100.0,100.0,0.0,0.0,100.0,
2026-05-03_22-10,Local_VSCode,DR2_Config_11_R4,Direct Reciprocity Mode 2 (Memory Ledger Search),2,1,10,0,0,100,1,0.5,0.0,0.0,10,100,0.5,0.5,0.2,3,1,genHalfAndHalf,1,3,17,10045,Config_11,4,"mul(DonorAction, DonorInMemory)",DonorAction*DonorInMemory,"Novel Rule: (True, False, False, False)",100.0,100.0,0.0,0.0,100.0,
2026-05-03_22-10,Local_VSCode,DR2_Config_11_R5,Direct Reciprocity Mode 2 (Memory Ledger Search),2,1,10,0,0,100,1,0.5,0.0,0.0,10,100,0.5,0.5,0.2,3,1,genHalfAndHalf,1,3,17,10046,Config_11,5,"add(DonorInMemory, DonorInMemory)",2*DonorInMemory,"Novel Rule: (True, False, True, False)",100.0,95.3,0.0,0.0,100.0,
2026-05-03_22-10,Local_VSCode,DR2_Config_12_R1,Direct Reciprocity Mode 2 (Memory Ledger Search),2,1,10,0,0,100,1,0.5,0.0,0.0,10,100,0.5,0.5,0.2,3,1,genHalfAndHalf,1,10,17,11042,Config_12,1,"sub(0, DonorInMemory)",-DonorInMemory,Amnesia (Remember No One),100.0,100.0,0.0,0.0,100.0,
2026-05-03_22-10,Local_VSCode,DR2_Config_12_R2,Direct Reciprocity Mode 2 (Memory Ledger Search),2,1,10,0,0,100,1,0.5,0.0,0.0,10,100,0.5,0.5,0.2,3,1,genHalfAndHalf,1,10,17,11043,Config_12,2,"sub(DonorInMemory, 1)",DonorInMemory - 1,Amnesia (Remember No One),100.0,95.03,0.0,0.0,100.0,
2026-05-03_22-10,Local_VSCode,DR2_Config_12_R3,Direct Reciprocity Mode 2 (Memory Ledger Search),2,1,10,0,0,100,1,0.5,0.0,0.0,10,100,0.5,0.5,0.2,3,1,genHalfAndHalf,1,10,17,11044,Config_12,3,"mul(-10, DonorInMemory)",-10*DonorInMemory,Amnesia (Remember No One),100.0,100.0,0.0,0.0,100.0,
2026-05-03_22-10,Local_VSCode,DR2_Config_12_R4,Direct Reciprocity Mode 2 (Memory Ledger Search),2,1,10,0,0,100,1,0.5,0.0,0.0,10,100,0.5,0.5,0.2,3,1,genHalfAndHalf,1,10,17,11045,Config_12,4,"mul(DonorAction, DonorInMemory)",DonorAction*DonorInMemory,"Novel Rule: (True, False, False, False)",100.0,100.0,0.0,0.0,100.0,
2026-05-03_22-10,Local_VSCode,DR2_Config_12_R5,Direct Reciprocity Mode 2 (Memory Ledger Search),2,1,10,0,0,100,1,0.5,0.0,0.0,10,100,0.5,0.5,0.2,3,1,genHalfAndHalf,1,10,17,11046,Config_12,5,"mul(DonorAction, -10)",-10*DonorAction,Amnesia (Remember No One),100.0,91.98,0.0,0.0,100.0,
2026-05-03_22-11,Local_VSCode,DR2_Config_13_R1,Direct Reciprocity Mode 2 (Memory Ledger Search),2,1,10,0,0,100,1,0.5,0.0,0.0,100,100,0.1,0.5,0.2,3,1,genHalfAndHalf,1,3,17,12042,Config_13,1,"mul(DonorAction, DonorInMemory)",DonorAction*DonorInMemory,"Novel Rule: (True, False, False, False)",100.0,96.05,0.0,0.0,100.0,
2026-05-03_22-12,Local_VSCode,DR2_Config_13_R2,Direct Reciprocity Mode 2 (Memory Ledger Search),2,1,10,0,0,100,1,0.5,0.0,0.0,100,100,0.1,0.5,0.2,3,1,genHalfAndHalf,1,3,17,12043,Config_13,2,"mul(DonorInMemory, DonorInMemory)",DonorInMemory**2,"Novel Rule: (True, False, True, False)",100.0,96.41,0.0,0.0,100.0,
2026-05-03_22-13,Local_VSCode,DR2_Config_13_R3,Direct Reciprocity Mode 2 (Memory Ledger Search),2,1,10,0,0,100,1,0.5,0.0,0.0,100,100,0.1,0.5,0.2,3,1,genHalfAndHalf,1,3,17,12044,Config_13,3,"sub(-10, DonorAction)",-DonorAction - 10,Amnesia (Remember No One),100.0,95.51,0.0,0.0,100.0,
2026-05-03_22-14,Local_VSCode,DR2_Config_13_R4,Direct Reciprocity Mode 2 (Memory Ledger Search),2,1,10,0,0,100,1,0.5,0.0,0.0,100,100,0.1,0.5,0.2,3,1,genHalfAndHalf,1,3,17,12045,Config_13,4,"mul(DonorInMemory, DonorAction)",DonorAction*DonorInMemory,"Novel Rule: (True, False, False, False)",100.0,99.03,0.0,0.0,100.0,
2026-05-03_22-15,Local_VSCode,DR2_Config_13_R5,Direct Reciprocity Mode 2 (Memory Ledger Search),2,1,10,0,0,100,1,0.5,0.0,0.0,100,100,0.1,0.5,0.2,3,1,genHalfAndHalf,1,3,17,12046,Config_13,5,"sub(DonorInMemory, DonorAction)",-DonorAction + DonorInMemory,"Novel Rule: (False, False, True, False)",100.0,96.55,0.0,0.0,100.0,
2026-05-03_22-17,Local_VSCode,DR2_Config_14_R1,Direct Reciprocity Mode 2 (Memory Ledger Search),2,1,10,0,0,100,1,0.5,0.0,0.0,100,100,0.1,0.5,0.2,3,1,genHalfAndHalf,1,10,17,13042,Config_14,1,"mul(DonorInMemory, DonorAction)",DonorAction*DonorInMemory,"Novel Rule: (True, False, False, False)",100.0,94.13,0.0,0.0,100.0,
2026-05-03_22-18,Local_VSCode,DR2_Config_14_R2,Direct Reciprocity Mode 2 (Memory Ledger Search),2,1,10,0,0,100,1,0.5,0.0,0.0,100,100,0.1,0.5,0.2,3,1,genHalfAndHalf,1,10,17,13043,Config_14,2,"mul(DonorAction, DonorInMemory)",DonorAction*DonorInMemory,"Novel Rule: (True, False, False, False)",100.0,98.39,0.0,0.0,100.0,
2026-05-03_22-19,Local_VSCode,DR2_Config_14_R3,Direct Reciprocity Mode 2 (Memory Ledger Search),2,1,10,0,0,100,1,0.5,0.0,0.0,100,100,0.1,0.5,0.2,3,1,genHalfAndHalf,1,10,17,13044,Config_14,3,"add(-1, DonorInMemory)",DonorInMemory - 1,Amnesia (Remember No One),100.0,95.4,0.0,0.0,100.0,
2026-05-03_22-19,Local_VSCode,DR2_Config_14_R4,Direct Reciprocity Mode 2 (Memory Ledger Search),2,1,10,0,0,100,1,0.5,0.0,0.0,100,100,0.1,0.5,0.2,3,1,genHalfAndHalf,1,10,17,13045,Config_14,4,"add(DonorAction, -1)",DonorAction - 1,Amnesia (Remember No One),100.0,95.31,0.0,0.0,100.0,
2026-05-03_22-20,Local_VSCode,DR2_Config_14_R5,Direct Reciprocity Mode 2 (Memory Ledger Search),2,1,10,0,0,100,1,0.5,0.0,0.0,100,100,0.1,0.5,0.2,3,1,genHalfAndHalf,1,10,17,13046,Config_14,5,"sub(DonorAction, DonorAction)",0,Amnesia (Remember No One),100.0,91.33,0.0,0.0,100.0,
2026-05-03_22-21,Local_VSCode,DR2_Config_15_R1,Direct Reciprocity Mode 2 (Memory Ledger Search),2,1,10,0,0,100,1,0.5,0.0,0.0,100,100,0.5,0.5,0.2,3,1,genHalfAndHalf,1,3,17,14042,Config_15,1,"mul(1, DonorInMemory)",DonorInMemory,"Novel Rule: (True, False, True, False)",100.0,95.89,0.0,0.0,100.0,
2026-05-03_22-22,Local_VSCode,DR2_Config_15_R2,Direct Reciprocity Mode 2 (Memory Ledger Search),2,1,10,0,0,100,1,0.5,0.0,0.0,100,100,0.5,0.5,0.2,3,1,genHalfAndHalf,1,3,17,14043,Config_15,2,"sub(-10, DonorInMemory)",-DonorInMemory - 10,Amnesia (Remember No One),100.0,87.54,0.0,0.0,100.0,
2026-05-03_22-23,Local_VSCode,DR2_Config_15_R3,Direct Reciprocity Mode 2 (Memory Ledger Search),2,1,10,0,0,100,1,0.5,0.0,0.0,100,100,0.5,0.5,0.2,3,1,genHalfAndHalf,1,3,17,14044,Config_15,3,"mul(-10, DonorInMemory)",-10*DonorInMemory,Amnesia (Remember No One),100.0,98.3,0.0,0.0,100.0,
2026-05-03_22-24,Local_VSCode,DR2_Config_15_R4,Direct Reciprocity Mode 2 (Memory Ledger Search),2,1,10,0,0,100,1,0.5,0.0,0.0,100,100,0.5,0.5,0.2,3,1,genHalfAndHalf,1,3,17,14045,Config_15,4,"mul(DonorInMemory, 10)",10*DonorInMemory,"Novel Rule: (True, False, True, False)",100.0,96.77,0.0,0.0,100.0,
2026-05-03_22-25,Local_VSCode,DR2_Config_15_R5,Direct Reciprocity Mode 2 (Memory Ledger Search),2,1,10,0,0,100,1,0.5,0.0,0.0,100,100,0.5,0.5,0.2,3,1,genHalfAndHalf,1,3,17,14046,Config_15,5,"mul(DonorInMemory, 10)",10*DonorInMemory,"Novel Rule: (True, False, True, False)",100.0,96.31,0.0,0.0,100.0,
2026-05-03_22-26,Local_VSCode,DR2_Config_16_R1,Direct Reciprocity Mode 2 (Memory Ledger Search),2,1,10,0,0,100,1,0.5,0.0,0.0,100,100,0.5,0.5,0.2,3,1,genHalfAndHalf,1,10,17,15042,Config_16,1,"sub(DonorInMemory, DonorAction)",-DonorAction + DonorInMemory,"Novel Rule: (False, False, True, False)",100.0,94.31,0.0,0.0,100.0,
2026-05-03_22-27,Local_VSCode,DR2_Config_16_R2,Direct Reciprocity Mode 2 (Memory Ledger Search),2,1,10,0,0,100,1,0.5,0.0,0.0,100,100,0.5,0.5,0.2,3,1,genHalfAndHalf,1,10,17,15043,Config_16,2,"sub(-10, -10)",0,Amnesia (Remember No One),100.0,99.07,0.0,0.0,100.0,
2026-05-03_22-28,Local_VSCode,DR2_Config_16_R3,Direct Reciprocity Mode 2 (Memory Ledger Search),2,1,10,0,0,100,1,0.5,0.0,0.0,100,100,0.5,0.5,0.2,3,1,genHalfAndHalf,1,10,17,15044,Config_16,3,"mul(DonorInMemory, DonorInMemory)",DonorInMemory**2,"Novel Rule: (True, False, True, False)",100.0,93.71,0.0,0.0,100.0,
2026-05-03_22-30,Local_VSCode,DR2_Config_16_R4,Direct Reciprocity Mode 2 (Memory Ledger Search),2,1,10,0,0,100,1,0.5,0.0,0.0,100,100,0.5,0.5,0.2,3,1,genHalfAndHalf,1,10,17,15045,Config_16,4,"add(DonorInMemory, DonorInMemory)",2*DonorInMemory,"Novel Rule: (True, False, True, False)",100.0,98.27,0.0,0.0,100.0,
2026-05-03_22-30,Local_VSCode,DR2_Config_16_R5,Direct Reciprocity Mode 2 (Memory Ledger Search),2,1,10,0,0,100,1,0.5,0.0,0.0,100,100,0.5,0.5,0.2,3,1,genHalfAndHalf,1,10,17,15046,Config_16,5,"mul(DonorInMemory, -10)",-10*DonorInMemory,Amnesia (Remember No One),100.0,98.6,0.0,0.0,100.0,
2026-05-03_22-30,Local_VSCode,DR2_Config_17_R1,Direct Reciprocity Mode 2 (Memory Ledger Search),2,1,10,0,10,10,1,0.5,0.0,0.0,10,100,0.1,0.5,0.2,3,1,genHalfAndHalf,1,3,17,16042,Config_17,1,"mul(mul(1, sub(mul(DonorAction, -10), -1)), 1)",1 - 10*DonorAction,Strict Ledger (TFT Base),2.03,1.16,0.0,6.87,1.1,
2026-05-03_22-31,Local_VSCode,DR2_Config_17_R2,Direct Reciprocity Mode 2 (Memory Ledger Search),2,1,10,0,10,10,1,0.5,0.0,0.0,10,100,0.1,0.5,0.2,3,1,genHalfAndHalf,1,3,17,16043,Config_17,2,"sub(DonorInMemory, sub(DonorAction, 1))",-DonorAction + DonorInMemory + 1,"Novel Rule: (True, False, True, True)",2.3,0.14,0.0,6.47,0.02,
2026-05-03_22-31,Local_VSCode,DR2_Config_17_R3,Direct Reciprocity Mode 2 (Memory Ledger Search),2,1,10,0,10,10,1,0.5,0.0,0.0,10,100,0.1,0.5,0.2,3,1,genHalfAndHalf,1,3,17,16044,Config_17,3,"sub(1, DonorAction)",1 - DonorAction,Strict Ledger (TFT Base),2.0,0.71,0.0,7.07,0.06,
2026-05-03_22-31,Local_VSCode,DR2_Config_17_R4,Direct Reciprocity Mode 2 (Memory Ledger Search),2,1,10,0,10,10,1,0.5,0.0,0.0,10,100,0.1,0.5,0.2,3,1,genHalfAndHalf,1,3,17,16045,Config_17,4,"mul(10, DonorInMemory)",10*DonorInMemory,"Novel Rule: (True, False, True, False)",1.0,0.07,0.0,9.0,0.4,
2026-05-03_22-31,Local_VSCode,DR2_Config_17_R5,Direct Reciprocity Mode 2 (Memory Ledger Search),2,1,10,0,10,10,1,0.5,0.0,0.0,10,100,0.1,0.5,0.2,3,1,genHalfAndHalf,1,3,17,16046,Config_17,5,"mul(DonorInMemory, DonorInMemory)",DonorInMemory**2,"Novel Rule: (True, False, True, False)",1.53,-0.16,0.0,8.47,0.84,
2026-05-03_22-31,Local_VSCode,DR2_Config_18_R1,Direct Reciprocity Mode 2 (Memory Ledger Search),2,1,10,0,10,10,1,0.5,0.0,0.0,10,100,0.1,0.5,0.2,3,1,genHalfAndHalf,1,10,17,17042,Config_18,1,"sub(1, DonorAction)",1 - DonorAction,Strict Ledger (TFT Base),1.53,0.83,0.0,7.67,0.26,
2026-05-03_22-31,Local_VSCode,DR2_Config_18_R2,Direct Reciprocity Mode 2 (Memory Ledger Search),2,1,10,0,10,10,1,0.5,0.0,0.0,10,100,0.1,0.5,0.2,3,1,genHalfAndHalf,1,10,17,17043,Config_18,2,"mul(0, 0)",0,Amnesia (Remember No One),0.87,0.25,0.0,9.13,0.88,
2026-05-03_22-31,Local_VSCode,DR2_Config_18_R3,Direct Reciprocity Mode 2 (Memory Ledger Search),2,1,10,0,10,10,1,0.5,0.0,0.0,10,100,0.1,0.5,0.2,3,1,genHalfAndHalf,1,10,17,17044,Config_18,3,"mul(-1, add(-1, DonorAction))",1 - DonorAction,Strict Ledger (TFT Base),1.87,0.54,0.0,6.8,1.2,
2026-05-03_22-31,Local_VSCode,DR2_Config_18_R4,Direct Reciprocity Mode 2 (Memory Ledger Search),2,1,10,0,10,10,1,0.5,0.0,0.0,10,100,0.1,0.5,0.2,3,1,genHalfAndHalf,1,10,17,17045,Config_18,4,"add(10, add(0, -1))",9,Paranoid (Remember Everyone),1.17,0.3,0.0,6.6,0.94,
2026-05-03_22-31,Local_VSCode,DR2_Config_18_R5,Direct Reciprocity Mode 2 (Memory Ledger Search),2,1,10,0,10,10,1,0.5,0.0,0.0,10,100,0.1,0.5,0.2,3,1,genHalfAndHalf,1,10,17,17046,Config_18,5,"mul(0, 0)",0,Amnesia (Remember No One),0.73,-0.26,0.0,9.27,0.8,
2026-05-03_22-31,Local_VSCode,DR2_Config_19_R1,Direct Reciprocity Mode 2 (Memory Ledger Search),2,1,10,0,10,10,1,0.5,0.0,0.0,10,100,0.5,0.5,0.2,3,1,genHalfAndHalf,1,3,17,18042,Config_19,1,"mul(DonorInMemory, DonorInMemory)",DonorInMemory**2,"Novel Rule: (True, False, True, False)",0.93,-0.35,0.0,9.07,1.46,
2026-05-03_22-31,Local_VSCode,DR2_Config_19_R2,Direct Reciprocity Mode 2 (Memory Ledger Search),2,1,10,0,10,10,1,0.5,0.0,0.0,10,100,0.5,0.5,0.2,3,1,genHalfAndHalf,1,3,17,18043,Config_19,2,"sub(DonorAction, 1)",DonorAction - 1,Amnesia (Remember No One),1.13,-0.25,0.0,8.87,0.48,
2026-05-03_22-31,Local_VSCode,DR2_Config_19_R3,Direct Reciprocity Mode 2 (Memory Ledger Search),2,1,10,0,10,10,1,0.5,0.0,0.0,10,100,0.5,0.5,0.2,3,1,genHalfAndHalf,1,3,17,18044,Config_19,3,"sub(1, 1)",0,Amnesia (Remember No One),2.13,0.55,0.0,7.87,0.22,
2026-05-03_22-31,Local_VSCode,DR2_Config_19_R4,Direct Reciprocity Mode 2 (Memory Ledger Search),2,1,10,0,10,10,1,0.5,0.0,0.0,10,100,0.5,0.5,0.2,3,1,genHalfAndHalf,1,3,17,18045,Config_19,4,"sub(1, DonorAction)",1 - DonorAction,Strict Ledger (TFT Base),1.7,0.08,0.0,7.13,0.18,
2026-05-03_22-31,Local_VSCode,DR2_Config_19_R5,Direct Reciprocity Mode 2 (Memory Ledger Search),2,1,10,0,10,10,1,0.5,0.0,0.0,10,100,0.5,0.5,0.2,3,1,genHalfAndHalf,1,3,17,18046,Config_19,5,"mul(DonorInMemory, DonorInMemory)",DonorInMemory**2,"Novel Rule: (True, False, True, False)",0.53,-0.43,0.0,9.47,0.34,
2026-05-03_22-31,Local_VSCode,DR2_Config_20_R1,Direct Reciprocity Mode 2 (Memory Ledger Search),2,1,10,0,10,10,1,0.5,0.0,0.0,10,100,0.5,0.5,0.2,3,1,genHalfAndHalf,1,10,17,19042,Config_20,1,"mul(0, 0)",0,Amnesia (Remember No One),1.27,0.14,0.0,8.73,0.9,
2026-05-03_22-31,Local_VSCode,DR2_Config_20_R2,Direct Reciprocity Mode 2 (Memory Ledger Search),2,1,10,0,10,10,1,0.5,0.0,0.0,10,100,0.5,0.5,0.2,3,1,genHalfAndHalf,1,10,17,19043,Config_20,2,"add(0, DonorInMemory)",DonorInMemory,"Novel Rule: (True, False, True, False)",0.93,0.3,0.0,9.07,1.08,
2026-05-03_22-31,Local_VSCode,DR2_Config_20_R3,Direct Reciprocity Mode 2 (Memory Ledger Search),2,1,10,0,10,10,1,0.5,0.0,0.0,10,100,0.5,0.5,0.2,3,1,genHalfAndHalf,1,10,17,19044,Config_20,3,"add(-1, -1)",-2,Amnesia (Remember No One),0.93,0.27,0.0,9.07,0.74,
2026-05-03_22-31,Local_VSCode,DR2_Config_20_R4,Direct Reciprocity Mode 2 (Memory Ledger Search),2,1,10,0,10,10,1,0.5,0.0,0.0,10,100,0.5,0.5,0.2,3,1,genHalfAndHalf,1,10,17,19045,Config_20,4,"mul(0, 0)",0,Amnesia (Remember No One),0.53,-0.23,0.0,9.47,0.7,
2026-05-03_22-32,Local_VSCode,DR2_Config_20_R5,Direct Reciprocity Mode 2 (Memory Ledger Search),2,1,10,0,10,10,1,0.5,0.0,0.0,10,100,0.5,0.5,0.2,3,1,genHalfAndHalf,1,10,17,19046,Config_20,5,"sub(DonorInMemory, DonorInMemory)",0,Amnesia (Remember No One),0.6,0.2,0.0,9.4,0.34,
2026-05-03_22-32,Local_VSCode,DR2_Config_21_R1,Direct Reciprocity Mode 2 (Memory Ledger Search),2,1,10,0,10,10,1,0.5,0.0,0.0,100,100,0.1,0.5,0.2,3,1,genHalfAndHalf,1,3,17,20042,Config_21,1,"sub(sub(DonorInMemory, -1), DonorAction)",-DonorAction + DonorInMemory + 1,"Novel Rule: (True, False, True, True)",1.93,0.23,0.0,7.0,0.54,
2026-05-03_22-33,Local_VSCode,DR2_Config_21_R2,Direct Reciprocity Mode 2 (Memory Ledger Search),2,1,10,0,10,10,1,0.5,0.0,0.0,100,100,0.1,0.5,0.2,3,1,genHalfAndHalf,1,3,17,20043,Config_21,2,"sub(1, DonorAction)",1 - DonorAction,Strict Ledger (TFT Base),2.27,0.76,0.0,6.73,0.7,
2026-05-03_22-33,Local_VSCode,DR2_Config_21_R3,Direct Reciprocity Mode 2 (Memory Ledger Search),2,1,10,0,10,10,1,0.5,0.0,0.0,100,100,0.1,0.5,0.2,3,1,genHalfAndHalf,1,3,17,20044,Config_21,3,"sub(1, DonorAction)",1 - DonorAction,Strict Ledger (TFT Base),2.1,0.48,0.0,7.07,0.9,
2026-05-03_22-34,Local_VSCode,DR2_Config_21_R4,Direct Reciprocity Mode 2 (Memory Ledger Search),2,1,10,0,10,10,1,0.5,0.0,0.0,100,100,0.1,0.5,0.2,3,1,genHalfAndHalf,1,3,17,20045,Config_21,4,"sub(1, DonorAction)",1 - DonorAction,Strict Ledger (TFT Base),2.3,0.57,0.0,6.73,0.7,
2026-05-03_22-34,Local_VSCode,DR2_Config_21_R5,Direct Reciprocity Mode 2 (Memory Ledger Search),2,1,10,0,10,10,1,0.5,0.0,0.0,100,100,0.1,0.5,0.2,3,1,genHalfAndHalf,1,3,17,20046,Config_21,5,"sub(1, DonorAction)",1 - DonorAction,Strict Ledger (TFT Base),2.13,0.52,0.0,6.6,0.9,
2026-05-03_22-34,Local_VSCode,DR2_Config_22_R1,Direct Reciprocity Mode 2 (Memory Ledger Search),2,1,10,0,10,10,1,0.5,0.0,0.0,100,100,0.1,0.5,0.2,3,1,genHalfAndHalf,1,10,17,21042,Config_22,1,"sub(1, DonorAction)",1 - DonorAction,Strict Ledger (TFT Base),2.3,0.79,0.0,6.4,0.66,
2026-05-03_22-35,Local_VSCode,DR2_Config_22_R2,Direct Reciprocity Mode 2 (Memory Ledger Search),2,1,10,0,10,10,1,0.5,0.0,0.0,100,100,0.1,0.5,0.2,3,1,genHalfAndHalf,1,10,17,21043,Config_22,2,"sub(1, DonorAction)",1 - DonorAction,Strict Ledger (TFT Base),2.73,0.72,0.0,5.8,0.38,
2026-05-03_22-35,Local_VSCode,DR2_Config_22_R3,Direct Reciprocity Mode 2 (Memory Ledger Search),2,1,10,0,10,10,1,0.5,0.0,0.0,100,100,0.1,0.5,0.2,3,1,genHalfAndHalf,1,10,17,21044,Config_22,3,"sub(1, DonorAction)",1 - DonorAction,Strict Ledger (TFT Base),2.8,0.82,0.0,6.27,0.62,
2026-05-03_22-35,Local_VSCode,DR2_Config_22_R4,Direct Reciprocity Mode 2 (Memory Ledger Search),2,1,10,0,10,10,1,0.5,0.0,0.0,100,100,0.1,0.5,0.2,3,1,genHalfAndHalf,1,10,17,21045,Config_22,4,"mul(DonorAction, 0)",0,Amnesia (Remember No One),1.33,-0.26,0.0,8.67,0.52,
2026-05-03_22-36,Local_VSCode,DR2_Config_22_R5,Direct Reciprocity Mode 2 (Memory Ledger Search),2,1,10,0,10,10,1,0.5,0.0,0.0,100,100,0.1,0.5,0.2,3,1,genHalfAndHalf,1,10,17,21046,Config_22,5,"sub(1, DonorAction)",1 - DonorAction,Strict Ledger (TFT Base),2.33,0.51,0.0,6.4,0.48,
2026-05-03_22-36,Local_VSCode,DR2_Config_23_R1,Direct Reciprocity Mode 2 (Memory Ledger Search),2,1,10,0,10,10,1,0.5,0.0,0.0,100,100,0.5,0.5,0.2,3,1,genHalfAndHalf,1,3,17,22042,Config_23,1,"sub(1, DonorAction)",1 - DonorAction,Strict Ledger (TFT Base),2.1,0.07,0.0,6.67,1.0,
2026-05-03_22-37,Local_VSCode,DR2_Config_23_R2,Direct Reciprocity Mode 2 (Memory Ledger Search),2,1,10,0,10,10,1,0.5,0.0,0.0,100,100,0.5,0.5,0.2,3,1,genHalfAndHalf,1,3,17,22043,Config_23,2,"sub(1, DonorAction)",1 - DonorAction,Strict Ledger (TFT Base),2.37,0.67,0.0,6.87,0.96,
2026-05-03_22-37,Local_VSCode,DR2_Config_23_R3,Direct Reciprocity Mode 2 (Memory Ledger Search),2,1,10,0,10,10,1,0.5,0.0,0.0,100,100,0.5,0.5,0.2,3,1,genHalfAndHalf,1,3,17,22044,Config_23,3,"sub(1, DonorAction)",1 - DonorAction,Strict Ledger (TFT Base),2.6,0.93,0.0,6.27,0.6,
2026-05-03_22-37,Local_VSCode,DR2_Config_23_R4,Direct Reciprocity Mode 2 (Memory Ledger Search),2,1,10,0,10,10,1,0.5,0.0,0.0,100,100,0.5,0.5,0.2,3,1,genHalfAndHalf,1,3,17,22045,Config_23,4,"sub(DonorInMemory, DonorInMemory)",0,Amnesia (Remember No One),1.4,-0.15,0.0,8.6,0.82,
2026-05-03_22-38,Local_VSCode,DR2_Config_23_R5,Direct Reciprocity Mode 2 (Memory Ledger Search),2,1,10,0,10,10,1,0.5,0.0,0.0,100,100,0.5,0.5,0.2,3,1,genHalfAndHalf,1,3,17,22046,Config_23,5,"mul(DonorAction, DonorInMemory)",DonorAction*DonorInMemory,"Novel Rule: (True, False, False, False)",1.47,0.03,0.0,8.53,0.12,
2026-05-03_22-38,Local_VSCode,DR2_Config_24_R1,Direct Reciprocity Mode 2 (Memory Ledger Search),2,1,10,0,10,10,1,0.5,0.0,0.0,100,100,0.5,0.5,0.2,3,1,genHalfAndHalf,1,10,17,23042,Config_24,1,"sub(1, DonorAction)",1 - DonorAction,Strict Ledger (TFT Base),1.97,0.49,0.0,6.8,0.96,
2026-05-03_22-38,Local_VSCode,DR2_Config_24_R2,Direct Reciprocity Mode 2 (Memory Ledger Search),2,1,10,0,10,10,1,0.5,0.0,0.0,100,100,0.5,0.5,0.2,3,1,genHalfAndHalf,1,10,17,23043,Config_24,2,"sub(1, DonorAction)",1 - DonorAction,Strict Ledger (TFT Base),2.17,0.52,0.0,6.33,1.32,
2026-05-03_22-39,Local_VSCode,DR2_Config_24_R3,Direct Reciprocity Mode 2 (Memory Ledger Search),2,1,10,0,10,10,1,0.5,0.0,0.0,100,100,0.5,0.5,0.2,3,1,genHalfAndHalf,1,10,17,23044,Config_24,3,"sub(1, DonorAction)",1 - DonorAction,Strict Ledger (TFT Base),2.4,0.65,0.0,6.67,1.32,
2026-05-03_22-39,Local_VSCode,DR2_Config_24_R4,Direct Reciprocity Mode 2 (Memory Ledger Search),2,1,10,0,10,10,1,0.5,0.0,0.0,100,100,0.5,0.5,0.2,3,1,genHalfAndHalf,1,10,17,23045,Config_24,4,"mul(DonorInMemory, DonorInMemory)",DonorInMemory**2,"Novel Rule: (True, False, True, False)",1.53,-0.02,0.0,8.47,0.54,
2026-05-03_22-39,Local_VSCode,DR2_Config_24_R5,Direct Reciprocity Mode 2 (Memory Ledger Search),2,1,10,0,10,10,1,0.5,0.0,0.0,100,100,0.5,0.5,0.2,3,1,genHalfAndHalf,1,10,17,23046,Config_24,5,"sub(1, DonorAction)",1 - DonorAction,Strict Ledger (TFT Base),2.3,0.77,0.0,6.73,1.54,
2026-05-03_22-39,Local_VSCode,DR2_Config_25_R1,Direct Reciprocity Mode 2 (Memory Ledger Search),2,1,10,0,10,100,1,0.5,0.0,0.0,10,100,0.1,0.5,0.2,3,1,genHalfAndHalf,1,3,17,24042,Config_25,1,"sub(mul(add(DonorAction, add(-10, DonorInMemory)), add(-1, DonorAction)), DonorAction)",-DonorAction + (DonorAction - 1)*(DonorAction + DonorInMemory - 10),Strict Ledger (TFT Base),40.53,32.39,0.0,14.87,37.38,
2026-05-03_22-39,Local_VSCode,DR2_Config_25_R2,Direct Reciprocity Mode 2 (Memory Ledger Search),2,1,10,0,10,100,1,0.5,0.0,0.0,10,100,0.1,0.5,0.2,3,1,genHalfAndHalf,1,3,17,24043,Config_25,2,"sub(1, DonorAction)",1 - DonorAction,Strict Ledger (TFT Base),40.3,35.87,0.0,17.27,37.66,
2026-05-03_22-40,Local_VSCode,DR2_Config_25_R3,Direct Reciprocity Mode 2 (Memory Ledger Search),2,1,10,0,10,100,1,0.5,0.0,0.0,10,100,0.1,0.5,0.2,3,1,genHalfAndHalf,1,3,17,24044,Config_25,3,"mul(mul(add(-1, sub(DonorAction, DonorInMemory)), sub(sub(DonorInMemory, 0), 10)), add(1, DonorInMemory))",-(DonorInMemory - 10)*(DonorInMemory + 1)*(-DonorAction + DonorInMemory + 1),"Novel Rule: (True, False, True, True)",41.13,7.56,0.0,17.73,38.94,
2026-05-03_22-40,Local_VSCode,DR2_Config_25_R4,Direct Reciprocity Mode 2 (Memory Ledger Search),2,1,10,0,10,100,1,0.5,0.0,0.0,10,100,0.1,0.5,0.2,3,1,genHalfAndHalf,1,3,17,24045,Config_25,4,"add(mul(add(DonorAction, DonorAction), sub(DonorInMemory, add(10, DonorInMemory))), sub(add(10, DonorInMemory), sub(DonorAction, add(10, DonorAction))))",-20*DonorAction + DonorInMemory + 20,"Novel Rule: (True, False, True, True)",41.27,19.0,0.0,17.53,36.62,
2026-05-03_22-40,Local_VSCode,DR2_Config_25_R5,Direct Reciprocity Mode 2 (Memory Ledger Search),2,1,10,0,10,100,1,0.5,0.0,0.0,10,100,0.1,0.5,0.2,3,1,genHalfAndHalf,1,3,17,24046,Config_25,5,"sub(mul(add(add(DonorInMemory, add(-1, DonorInMemory)), DonorAction), add(DonorInMemory, DonorAction)), add(add(DonorAction, DonorAction), add(-1, DonorInMemory)))",-2*DonorAction - DonorInMemory + (DonorAction + DonorInMemory)*(DonorAction + 2*DonorInMemory - 1) + 1,"Novel Rule: (True, False, True, True)",40.3,31.4,0.0,17.8,38.18,
2026-05-03_22-40,Local_VSCode,DR2_Config_26_R1,Direct Reciprocity Mode 2 (Memory Ledger Search),2,1,10,0,10,100,1,0.5,0.0,0.0,10,100,0.1,0.5,0.2,3,1,genHalfAndHalf,1,10,17,25042,Config_26,1,"sub(sub(sub(DonorAction, add(DonorAction, DonorAction)), add(mul(DonorAction, 10), sub(-10, DonorAction))), DonorAction)",10 - 11*DonorAction,Strict Ledger (TFT Base),40.67,22.61,0.0,17.13,36.2,
2026-05-03_22-41,Local_VSCode,DR2_Config_26_R2,Direct Reciprocity Mode 2 (Memory Ledger Search),2,1,10,0,10,100,1,0.5,0.0,0.0,10,100,0.1,0.5,0.2,3,1,genHalfAndHalf,1,10,17,25043,Config_26,2,"sub(1, DonorAction)",1 - DonorAction,Strict Ledger (TFT Base),39.77,29.39,0.0,16.33,36.04,
2026-05-03_22-41,Local_VSCode,DR2_Config_26_R3,Direct Reciprocity Mode 2 (Memory Ledger Search),2,1,10,0,10,100,1,0.5,0.0,0.0,10,100,0.1,0.5,0.2,3,1,genHalfAndHalf,1,10,17,25044,Config_26,3,"sub(1, DonorAction)",1 - DonorAction,Strict Ledger (TFT Base),40.2,21.98,0.0,16.73,37.78,
2026-05-03_22-41,Local_VSCode,DR2_Config_26_R4,Direct Reciprocity Mode 2 (Memory Ledger Search),2,1,10,0,10,100,1,0.5,0.0,0.0,10,100,0.1,0.5,0.2,3,1,genHalfAndHalf,1,10,17,25045,Config_26,4,"sub(mul(mul(1, -10), sub(DonorAction, DonorInMemory)), add(1, mul(1, -10)))",-10*DonorAction + 10*DonorInMemory + 9,"Novel Rule: (True, False, True, True)",40.13,31.21,0.0,16.67,37.28,
2026-05-03_22-42,Local_VSCode,DR2_Config_26_R5,Direct Reciprocity Mode 2 (Memory Ledger Search),2,1,10,0,10,100,1,0.5,0.0,0.0,10,100,0.1,0.5,0.2,3,1,genHalfAndHalf,1,10,17,25046,Config_26,5,"add(10, mul(DonorAction, sub(add(mul(DonorAction, DonorInMemory), sub(add(-10, DonorInMemory), 10)), DonorAction)))",DonorAction*(DonorAction*DonorInMemory - DonorAction + DonorInMemory - 20) + 10,Strict Ledger (TFT Base),40.13,14.29,0.0,18.0,38.78,
2026-05-03_22-42,Local_VSCode,DR2_Config_27_R1,Direct Reciprocity Mode 2 (Memory Ledger Search),2,1,10,0,10,100,1,0.5,0.0,0.0,10,100,0.5,0.5,0.2,3,1,genHalfAndHalf,1,3,17,26042,Config_27,1,"add(sub(sub(1, DonorAction), DonorAction), DonorInMemory)",-2*DonorAction + DonorInMemory + 1,Strict Ledger (TFT Base),41.6,22.95,0.0,18.0,37.8,
2026-05-03_22-42,Local_VSCode,DR2_Config_27_R2,Direct Reciprocity Mode 2 (Memory Ledger Search),2,1,10,0,10,100,1,0.5,0.0,0.0,10,100,0.5,0.5,0.2,3,1,genHalfAndHalf,1,3,17,26043,Config_27,2,"sub(1, DonorAction)",1 - DonorAction,Strict Ledger (TFT Base),40.63,31.12,0.0,18.33,38.32,
2026-05-03_22-42,Local_VSCode,DR2_Config_27_R3,Direct Reciprocity Mode 2 (Memory Ledger Search),2,1,10,0,10,100,1,0.5,0.0,0.0,10,100,0.5,0.5,0.2,3,1,genHalfAndHalf,1,3,17,26044,Config_27,3,"add(mul(sub(-10, DonorInMemory), DonorAction), 1)",-DonorAction*(DonorInMemory + 10) + 1,Strict Ledger (TFT Base),40.23,22.57,0.0,17.73,38.92,
2026-05-03_22-43,Local_VSCode,DR2_Config_27_R4,Direct Reciprocity Mode 2 (Memory Ledger Search),2,1,10,0,10,100,1,0.5,0.0,0.0,10,100,0.5,0.5,0.2,3,1,genHalfAndHalf,1,3,17,26045,Config_27,4,"sub(1, DonorAction)",1 - DonorAction,Strict Ledger (TFT Base),38.87,18.65,0.0,19.07,37.82,
2026-05-03_22-43,Local_VSCode,DR2_Config_27_R5,Direct Reciprocity Mode 2 (Memory Ledger Search),2,1,10,0,10,100,1,0.5,0.0,0.0,10,100,0.5,0.5,0.2,3,1,genHalfAndHalf,1,3,17,26046,Config_27,5,"sub(sub(sub(-1, -1), mul(10, DonorAction)), -1)",1 - 10*DonorAction,Strict Ledger (TFT Base),40.9,22.32,0.0,17.2,38.7,
2026-05-03_22-43,Local_VSCode,DR2_Config_28_R1,Direct Reciprocity Mode 2 (Memory Ledger Search),2,1,10,0,10,100,1,0.5,0.0,0.0,10,100,0.5,0.5,0.2,3,1,genHalfAndHalf,1,10,17,27042,Config_28,1,"add(mul(add(DonorAction, DonorAction), add(-10, -10)), sub(10, DonorAction))",10 - 41*DonorAction,Strict Ledger (TFT Base),42.07,35.15,0.0,16.13,36.48,
2026-05-03_22-43,Local_VSCode,DR2_Config_28_R2,Direct Reciprocity Mode 2 (Memory Ledger Search),2,1,10,0,10,100,1,0.5,0.0,0.0,10,100,0.5,0.5,0.2,3,1,genHalfAndHalf,1,10,17,27043,Config_28,2,"mul(sub(1, DonorAction), 10)",10 - 10*DonorAction,Strict Ledger (TFT Base),40.93,21.08,0.0,17.47,38.84,
2026-05-03_22-43,Local_VSCode,DR2_Config_28_R3,Direct Reciprocity Mode 2 (Memory Ledger Search),2,1,10,0,10,100,1,0.5,0.0,0.0,10,100,0.5,0.5,0.2,3,1,genHalfAndHalf,1,10,17,27044,Config_28,3,"sub(1, sub(DonorAction, DonorInMemory))",-DonorAction + DonorInMemory + 1,"Novel Rule: (True, False, True, True)",41.13,13.91,0.0,16.8,37.24,
2026-05-03_22-44,Local_VSCode,DR2_Config_28_R4,Direct Reciprocity Mode 2 (Memory Ledger Search),2,1,10,0,10,100,1,0.5,0.0,0.0,10,100,0.5,0.5,0.2,3,1,genHalfAndHalf,1,10,17,27045,Config_28,4,"add(DonorInMemory, sub(1, DonorAction))",-DonorAction + DonorInMemory + 1,"Novel Rule: (True, False, True, True)",39.3,-1.55,0.0,18.67,38.5,
2026-05-03_22-44,Local_VSCode,DR2_Config_28_R5,Direct Reciprocity Mode 2 (Memory Ledger Search),2,1,10,0,10,100,1,0.5,0.0,0.0,10,100,0.5,0.5,0.2,3,1,genHalfAndHalf,1,10,17,27046,Config_28,5,"sub(1, DonorAction)",1 - DonorAction,Strict Ledger (TFT Base),40.4,25.67,0.0,17.4,38.12,
2026-05-03_22-46,Local_VSCode,DR2_Config_29_R1,Direct Reciprocity Mode 2 (Memory Ledger Search),2,1,10,0,10,100,1,0.5,0.0,0.0,100,100,0.1,0.5,0.2,3,1,genHalfAndHalf,1,3,17,28042,Config_29,1,"add(mul(mul(0, 0), mul(DonorInMemory, DonorAction)), mul(10, sub(1, DonorAction)))",10 - 10*DonorAction,Strict Ledger (TFT Base),41.3,27.18,0.0,18.2,37.82,
2026-05-03_22-49,Local_VSCode,DR2_Config_29_R2,Direct Reciprocity Mode 2 (Memory Ledger Search),2,1,10,0,10,100,1,0.5,0.0,0.0,100,100,0.1,0.5,0.2,3,1,genHalfAndHalf,1,3,17,28043,Config_29,2,"sub(1, DonorAction)",1 - DonorAction,Strict Ledger (TFT Base),40.7,19.74,0.0,14.93,37.4,
2026-05-03_22-51,Local_VSCode,DR2_Config_29_R3,Direct Reciprocity Mode 2 (Memory Ledger Search),2,1,10,0,10,100,1,0.5,0.0,0.0,100,100,0.1,0.5,0.2,3,1,genHalfAndHalf,1,3,17,28044,Config_29,3,"add(sub(sub(DonorInMemory, DonorAction), add(DonorAction, DonorAction)), 1)",-3*DonorAction + DonorInMemory + 1,Strict Ledger (TFT Base),41.9,30.12,0.0,17.67,37.68,
2026-05-03_22-53,Local_VSCode,DR2_Config_29_R4,Direct Reciprocity Mode 2 (Memory Ledger Search),2,1,10,0,10,100,1,0.5,0.0,0.0,100,100,0.1,0.5,0.2,3,1,genHalfAndHalf,1,3,17,28045,Config_29,4,"sub(10, mul(DonorAction, mul(sub(DonorAction, mul(-10, DonorAction)), 10)))",10 - 110*DonorAction**2,Strict Ledger (TFT Base),41.63,27.43,0.0,17.2,37.7,
2026-05-03_22-55,Local_VSCode,DR2_Config_29_R5,Direct Reciprocity Mode 2 (Memory Ledger Search),2,1,10,0,10,100,1,0.5,0.0,0.0,100,100,0.1,0.5,0.2,3,1,genHalfAndHalf,1,3,17,28046,Config_29,5,"sub(1, DonorAction)",1 - DonorAction,Strict Ledger (TFT Base),41.53,17.39,0.0,17.6,38.66,
2026-05-03_22-57,Local_VSCode,DR2_Config_30_R1,Direct Reciprocity Mode 2 (Memory Ledger Search),2,1,10,0,10,100,1,0.5,0.0,0.0,100,100,0.1,0.5,0.2,3,1,genHalfAndHalf,1,10,17,29042,Config_30,1,"sub(1, DonorAction)",1 - DonorAction,Strict Ledger (TFT Base),41.77,17.89,0.0,15.87,39.0,
2026-05-03_23-00,Local_VSCode,DR2_Config_30_R2,Direct Reciprocity Mode 2 (Memory Ledger Search),2,1,10,0,10,100,1,0.5,0.0,0.0,100,100,0.1,0.5,0.2,3,1,genHalfAndHalf,1,10,17,29043,Config_30,2,"add(1, mul(mul(DonorAction, -1), sub(1, DonorInMemory)))",DonorAction*(DonorInMemory - 1) + 1,"Novel Rule: (True, False, True, True)",41.57,21.0,0.0,16.33,37.94,
2026-05-03_23-02,Local_VSCode,DR2_Config_30_R3,Direct Reciprocity Mode 2 (Memory Ledger Search),2,1,10,0,10,100,1,0.5,0.0,0.0,100,100,0.1,0.5,0.2,3,1,genHalfAndHalf,1,10,17,29044,Config_30,3,"sub(1, DonorAction)",1 - DonorAction,Strict Ledger (TFT Base),41.47,21.31,0.0,17.13,36.46,
2026-05-03_23-05,Local_VSCode,DR2_Config_30_R4,Direct Reciprocity Mode 2 (Memory Ledger Search),2,1,10,0,10,100,1,0.5,0.0,0.0,100,100,0.1,0.5,0.2,3,1,genHalfAndHalf,1,10,17,29045,Config_30,4,"add(sub(sub(1, DonorAction), DonorAction), DonorAction)",1 - DonorAction,Strict Ledger (TFT Base),42.13,22.49,0.0,16.67,38.22,
2026-05-03_23-07,Local_VSCode,DR2_Config_30_R5,Direct Reciprocity Mode 2 (Memory Ledger Search),2,1,10,0,10,100,1,0.5,0.0,0.0,100,100,0.1,0.5,0.2,3,1,genHalfAndHalf,1,10,17,29046,Config_30,5,"mul(sub(DonorInMemory, sub(sub(DonorInMemory, 10), add(DonorInMemory, 0))), sub(sub(DonorInMemory, -1), add(DonorInMemory, DonorAction)))",-(DonorAction - 1)*(DonorInMemory + 10),Strict Ledger (TFT Base),42.3,24.67,0.0,15.87,38.6,
2026-05-03_23-10,Local_VSCode,DR2_Config_31_R1,Direct Reciprocity Mode 2 (Memory Ledger Search),2,1,10,0,10,100,1,0.5,0.0,0.0,100,100,0.5,0.5,0.2,3,1,genHalfAndHalf,1,3,17,30042,Config_31,1,"sub(1, DonorAction)",1 - DonorAction,Strict Ledger (TFT Base),40.8,24.22,0.0,18.07,38.18,
2026-05-03_23-13,Local_VSCode,DR2_Config_31_R2,Direct Reciprocity Mode 2 (Memory Ledger Search),2,1,10,0,10,100,1,0.5,0.0,0.0,100,100,0.5,0.5,0.2,3,1,genHalfAndHalf,1,3,17,30043,Config_31,2,"sub(1, DonorAction)",1 - DonorAction,Strict Ledger (TFT Base),41.6,24.25,0.0,15.47,38.42,
2026-05-03_23-15,Local_VSCode,DR2_Config_31_R3,Direct Reciprocity Mode 2 (Memory Ledger Search),2,1,10,0,10,100,1,0.5,0.0,0.0,100,100,0.5,0.5,0.2,3,1,genHalfAndHalf,1,3,17,30044,Config_31,3,"sub(mul(DonorAction, -1), -1)",1 - DonorAction,Strict Ledger (TFT Base),42.17,21.32,0.0,15.53,37.0,
2026-05-03_23-18,Local_VSCode,DR2_Config_31_R4,Direct Reciprocity Mode 2 (Memory Ledger Search),2,1,10,0,10,100,1,0.5,0.0,0.0,100,100,0.5,0.5,0.2,3,1,genHalfAndHalf,1,3,17,30045,Config_31,4,"sub(1, DonorAction)",1 - DonorAction,Strict Ledger (TFT Base),40.53,19.41,0.0,17.73,37.02,
2026-05-03_23-20,Local_VSCode,DR2_Config_31_R5,Direct Reciprocity Mode 2 (Memory Ledger Search),2,1,10,0,10,100,1,0.5,0.0,0.0,100,100,0.5,0.5,0.2,3,1,genHalfAndHalf,1,3,17,30046,Config_31,5,"sub(DonorInMemory, add(DonorAction, -1))",-DonorAction + DonorInMemory + 1,"Novel Rule: (True, False, True, True)",41.8,22.73,0.0,16.67,38.98,
2026-05-03_23-23,Local_VSCode,DR2_Config_32_R1,Direct Reciprocity Mode 2 (Memory Ledger Search),2,1,10,0,10,100,1,0.5,0.0,0.0,100,100,0.5,0.5,0.2,3,1,genHalfAndHalf,1,10,17,31042,Config_32,1,"sub(1, DonorAction)",1 - DonorAction,Strict Ledger (TFT Base),41.63,24.33,0.0,17.2,37.54,
2026-05-03_23-26,Local_VSCode,DR2_Config_32_R2,Direct Reciprocity Mode 2 (Memory Ledger Search),2,1,10,0,10,100,1,0.5,0.0,0.0,100,100,0.5,0.5,0.2,3,1,genHalfAndHalf,1,10,17,31043,Config_32,2,"add(1, sub(DonorInMemory, DonorAction))",-DonorAction + DonorInMemory + 1,"Novel Rule: (True, False, True, True)",40.97,17.94,0.0,15.87,39.04,
2026-05-03_23-28,Local_VSCode,DR2_Config_32_R3,Direct Reciprocity Mode 2 (Memory Ledger Search),2,1,10,0,10,100,1,0.5,0.0,0.0,100,100,0.5,0.5,0.2,3,1,genHalfAndHalf,1,10,17,31044,Config_32,3,"add(sub(DonorInMemory, DonorAction), 1)",-DonorAction + DonorInMemory + 1,"Novel Rule: (True, False, True, True)",41.83,20.57,0.0,17.47,37.88,
2026-05-03_23-31,Local_VSCode,DR2_Config_32_R4,Direct Reciprocity Mode 2 (Memory Ledger Search),2,1,10,0,10,100,1,0.5,0.0,0.0,100,100,0.5,0.5,0.2,3,1,genHalfAndHalf,1,10,17,31045,Config_32,4,"sub(1, DonorAction)",1 - DonorAction,Strict Ledger (TFT Base),41.27,21.26,0.0,17.2,36.44,
2026-05-03_23-34,Local_VSCode,DR2_Config_32_R5,Direct Reciprocity Mode 2 (Memory Ledger Search),2,1,10,0,10,100,1,0.5,0.0,0.0,100,100,0.5,0.5,0.2,3,1,genHalfAndHalf,1,10,17,31046,Config_32,5,"sub(mul(DonorAction, DonorInMemory), add(-1, DonorAction))",DonorAction*DonorInMemory - DonorAction + 1,"Novel Rule: (True, False, True, True)",42.53,18.11,0.0,16.13,36.8,
2026-05-03_23-34,Local_VSCode,DR2_Config_33_R1,Direct Reciprocity Mode 2 (Memory Ledger Search),2,1,10,10,0,10,1,0.5,0.0,0.0,10,100,0.1,0.5,0.2,3,1,genHalfAndHalf,1,3,17,32042,Config_33,1,"add(DonorAction, DonorAction)",2*DonorAction,"Novel Rule: (True, True, False, False)",12.13,10.64,5.8,0.0,9.68,
2026-05-03_23-34,Local_VSCode,DR2_Config_33_R2,Direct Reciprocity Mode 2 (Memory Ledger Search),2,1,10,10,0,10,1,0.5,0.0,0.0,10,100,0.1,0.5,0.2,3,1,genHalfAndHalf,1,3,17,32043,Config_33,2,"mul(1, DonorAction)",DonorAction,"Novel Rule: (True, True, False, False)",12.33,11.54,5.27,0.0,11.04,
2026-05-03_23-34,Local_VSCode,DR2_Config_33_R3,Direct Reciprocity Mode 2 (Memory Ledger Search),2,1,10,10,0,10,1,0.5,0.0,0.0,10,100,0.1,0.5,0.2,3,1,genHalfAndHalf,1,3,17,32044,Config_33,3,"sub(DonorAction, mul(DonorInMemory, DonorAction))",DonorAction*(1 - DonorInMemory),"Novel Rule: (False, True, False, False)",12.1,10.6,5.93,0.0,10.08,
2026-05-03_23-34,Local_VSCode,DR2_Config_33_R4,Direct Reciprocity Mode 2 (Memory Ledger Search),2,1,10,10,0,10,1,0.5,0.0,0.0,10,100,0.1,0.5,0.2,3,1,genHalfAndHalf,1,3,17,32045,Config_33,4,"mul(DonorAction, 1)",DonorAction,"Novel Rule: (True, True, False, False)",12.9,11.27,4.8,0.0,10.44,
2026-05-03_23-34,Local_VSCode,DR2_Config_33_R5,Direct Reciprocity Mode 2 (Memory Ledger Search),2,1,10,10,0,10,1,0.5,0.0,0.0,10,100,0.1,0.5,0.2,3,1,genHalfAndHalf,1,3,17,32046,Config_33,5,"sub(add(add(sub(DonorInMemory, DonorInMemory), mul(DonorAction, DonorAction)), DonorAction), DonorInMemory)",DonorAction**2 + DonorAction - DonorInMemory,"Novel Rule: (True, True, False, False)",13.13,10.77,4.4,0.0,10.44,
2026-05-03_23-34,Local_VSCode,DR2_Config_34_R1,Direct Reciprocity Mode 2 (Memory Ledger Search),2,1,10,10,0,10,1,0.5,0.0,0.0,10,100,0.1,0.5,0.2,3,1,genHalfAndHalf,1,10,17,33042,Config_34,1,"add(DonorInMemory, DonorInMemory)",2*DonorInMemory,"Novel Rule: (True, False, True, False)",12.2,10.53,7.8,0.0,9.36,
2026-05-03_23-34,Local_VSCode,DR2_Config_34_R2,Direct Reciprocity Mode 2 (Memory Ledger Search),2,1,10,10,0,10,1,0.5,0.0,0.0,10,100,0.1,0.5,0.2,3,1,genHalfAndHalf,1,10,17,33043,Config_34,2,"mul(DonorAction, DonorAction)",DonorAction**2,"Novel Rule: (True, True, False, False)",11.97,11.53,5.67,0.0,9.68,
2026-05-03_23-34,Local_VSCode,DR2_Config_34_R3,Direct Reciprocity Mode 2 (Memory Ledger Search),2,1,10,10,0,10,1,0.5,0.0,0.0,10,100,0.1,0.5,0.2,3,1,genHalfAndHalf,1,10,17,33044,Config_34,3,"add(DonorInMemory, DonorAction)",DonorAction + DonorInMemory,"Novel Rule: (True, True, True, False)",12.27,10.7,5.33,0.0,9.8,
2026-05-03_23-34,Local_VSCode,DR2_Config_34_R4,Direct Reciprocity Mode 2 (Memory Ledger Search),2,1,10,10,0,10,1,0.5,0.0,0.0,10,100,0.1,0.5,0.2,3,1,genHalfAndHalf,1,10,17,33045,Config_34,4,"mul(DonorInMemory, DonorInMemory)",DonorInMemory**2,"Novel Rule: (True, False, True, False)",12.47,10.76,7.53,0.0,9.64,
2026-05-03_23-34,Local_VSCode,DR2_Config_34_R5,Direct Reciprocity Mode 2 (Memory Ledger Search),2,1,10,10,0,10,1,0.5,0.0,0.0,10,100,0.1,0.5,0.2,3,1,genHalfAndHalf,1,10,17,33046,Config_34,5,"add(0, 0)",0,Amnesia (Remember No One),12.27,11.01,7.73,0.0,9.96,
2026-05-03_23-34,Local_VSCode,DR2_Config_35_R1,Direct Reciprocity Mode 2 (Memory Ledger Search),2,1,10,10,0,10,1,0.5,0.0,0.0,10,100,0.5,0.5,0.2,3,1,genHalfAndHalf,1,3,17,34042,Config_35,1,"add(10, 10)",20,Paranoid (Remember Everyone),12.47,10.8,5.13,0.0,10.12,
2026-05-03_23-34,Local_VSCode,DR2_Config_35_R2,Direct Reciprocity Mode 2 (Memory Ledger Search),2,1,10,10,0,10,1,0.5,0.0,0.0,10,100,0.5,0.5,0.2,3,1,genHalfAndHalf,1,3,17,34043,Config_35,2,"sub(DonorInMemory, DonorInMemory)",0,Amnesia (Remember No One),11.87,10.6,8.13,0.0,10.56,
2026-05-03_23-34,Local_VSCode,DR2_Config_35_R3,Direct Reciprocity Mode 2 (Memory Ledger Search),2,1,10,10,0,10,1,0.5,0.0,0.0,10,100,0.5,0.5,0.2,3,1,genHalfAndHalf,1,3,17,34044,Config_35,3,"add(1, DonorInMemory)",DonorInMemory + 1,Paranoid (Remember Everyone),12.13,10.46,5.2,0.0,9.4,
2026-05-03_23-34,Local_VSCode,DR2_Config_35_R4,Direct Reciprocity Mode 2 (Memory Ledger Search),2,1,10,10,0,10,1,0.5,0.0,0.0,10,100,0.5,0.5,0.2,3,1,genHalfAndHalf,1,3,17,34045,Config_35,4,"sub(DonorAction, DonorInMemory)",DonorAction - DonorInMemory,"Novel Rule: (False, True, False, False)",12.6,11.01,5.27,0.0,8.92,
2026-05-03_23-35,Local_VSCode,DR2_Config_35_R5,Direct Reciprocity Mode 2 (Memory Ledger Search),2,1,10,10,0,10,1,0.5,0.0,0.0,10,100,0.5,0.5,0.2,3,1,genHalfAndHalf,1,3,17,34046,Config_35,5,"add(DonorInMemory, DonorInMemory)",2*DonorInMemory,"Novel Rule: (True, False, True, False)",12.93,10.77,7.07,0.0,9.88,
2026-05-03_23-35,Local_VSCode,DR2_Config_36_R1,Direct Reciprocity Mode 2 (Memory Ledger Search),2,1,10,10,0,10,1,0.5,0.0,0.0,10,100,0.5,0.5,0.2,3,1,genHalfAndHalf,1,10,17,35042,Config_36,1,"sub(10, 10)",0,Amnesia (Remember No One),12.47,11.42,7.53,0.0,10.28,
2026-05-03_23-35,Local_VSCode,DR2_Config_36_R2,Direct Reciprocity Mode 2 (Memory Ledger Search),2,1,10,10,0,10,1,0.5,0.0,0.0,10,100,0.5,0.5,0.2,3,1,genHalfAndHalf,1,10,17,35043,Config_36,2,"sub(DonorAction, DonorInMemory)",DonorAction - DonorInMemory,"Novel Rule: (False, True, False, False)",12.43,10.56,5.27,0.0,10.12,
2026-05-03_23-35,Local_VSCode,DR2_Config_36_R3,Direct Reciprocity Mode 2 (Memory Ledger Search),2,1,10,10,0,10,1,0.5,0.0,0.0,10,100,0.5,0.5,0.2,3,1,genHalfAndHalf,1,10,17,35044,Config_36,3,"mul(-1, -1)",1,Paranoid (Remember Everyone),12.33,10.35,5.13,0.0,11.12,
2026-05-03_23-35,Local_VSCode,DR2_Config_36_R4,Direct Reciprocity Mode 2 (Memory Ledger Search),2,1,10,10,0,10,1,0.5,0.0,0.0,10,100,0.5,0.5,0.2,3,1,genHalfAndHalf,1,10,17,35045,Config_36,4,"sub(0, 0)",0,Amnesia (Remember No One),12.67,10.73,7.33,0.0,9.52,
2026-05-03_23-35,Local_VSCode,DR2_Config_36_R5,Direct Reciprocity Mode 2 (Memory Ledger Search),2,1,10,10,0,10,1,0.5,0.0,0.0,10,100,0.5,0.5,0.2,3,1,genHalfAndHalf,1,10,17,35046,Config_36,5,"mul(DonorInMemory, DonorInMemory)",DonorInMemory**2,"Novel Rule: (True, False, True, False)",11.53,10.5,8.47,0.0,9.88,
2026-05-03_23-35,Local_VSCode,DR2_Config_37_R1,Direct Reciprocity Mode 2 (Memory Ledger Search),2,1,10,10,0,10,1,0.5,0.0,0.0,100,100,0.1,0.5,0.2,3,1,genHalfAndHalf,1,3,17,36042,Config_37,1,"mul(DonorInMemory, 0)",0,Amnesia (Remember No One),13.2,11.02,6.8,0.0,10.6,
2026-05-03_23-36,Local_VSCode,DR2_Config_37_R2,Direct Reciprocity Mode 2 (Memory Ledger Search),2,1,10,10,0,10,1,0.5,0.0,0.0,100,100,0.1,0.5,0.2,3,1,genHalfAndHalf,1,3,17,36043,Config_37,2,"mul(mul(1, DonorAction), 1)",DonorAction,"Novel Rule: (True, True, False, False)",13.27,11.04,4.27,0.0,10.16,
2026-05-03_23-36,Local_VSCode,DR2_Config_37_R3,Direct Reciprocity Mode 2 (Memory Ledger Search),2,1,10,10,0,10,1,0.5,0.0,0.0,100,100,0.1,0.5,0.2,3,1,genHalfAndHalf,1,3,17,36044,Config_37,3,"add(DonorInMemory, DonorAction)",DonorAction + DonorInMemory,"Novel Rule: (True, True, True, False)",12.6,10.74,5.13,0.0,10.6,
2026-05-03_23-37,Local_VSCode,DR2_Config_37_R4,Direct Reciprocity Mode 2 (Memory Ledger Search),2,1,10,10,0,10,1,0.5,0.0,0.0,100,100,0.1,0.5,0.2,3,1,genHalfAndHalf,1,3,17,36045,Config_37,4,"sub(DonorAction, mul(add(DonorInMemory, -1), 0))",DonorAction,"Novel Rule: (True, True, False, False)",13.53,11.04,3.8,0.0,10.36,
2026-05-03_23-37,Local_VSCode,DR2_Config_37_R5,Direct Reciprocity Mode 2 (Memory Ledger Search),2,1,10,10,0,10,1,0.5,0.0,0.0,100,100,0.1,0.5,0.2,3,1,genHalfAndHalf,1,3,17,36046,Config_37,5,"add(add(1, DonorAction), mul(DonorAction, -1))",1,Paranoid (Remember Everyone),13.03,10.8,4.53,0.0,8.68,
2026-05-03_23-38,Local_VSCode,DR2_Config_38_R1,Direct Reciprocity Mode 2 (Memory Ledger Search),2,1,10,10,0,10,1,0.5,0.0,0.0,100,100,0.1,0.5,0.2,3,1,genHalfAndHalf,1,10,17,37042,Config_38,1,"mul(1, mul(-10, DonorInMemory))",-10*DonorInMemory,Amnesia (Remember No One),13.07,11.16,6.93,0.0,10.76,
2026-05-03_23-38,Local_VSCode,DR2_Config_38_R2,Direct Reciprocity Mode 2 (Memory Ledger Search),2,1,10,10,0,10,1,0.5,0.0,0.0,100,100,0.1,0.5,0.2,3,1,genHalfAndHalf,1,10,17,37043,Config_38,2,"add(-1, DonorAction)",DonorAction - 1,Amnesia (Remember No One),13.27,10.75,6.73,0.0,8.88,
2026-05-03_23-39,Local_VSCode,DR2_Config_38_R3,Direct Reciprocity Mode 2 (Memory Ledger Search),2,1,10,10,0,10,1,0.5,0.0,0.0,100,100,0.1,0.5,0.2,3,1,genHalfAndHalf,1,10,17,37044,Config_38,3,"add(mul(DonorAction, DonorInMemory), DonorAction)",DonorAction*(DonorInMemory + 1),"Novel Rule: (True, True, False, False)",12.87,10.61,5.0,0.0,8.96,
2026-05-03_23-39,Local_VSCode,DR2_Config_38_R4,Direct Reciprocity Mode 2 (Memory Ledger Search),2,1,10,10,0,10,1,0.5,0.0,0.0,100,100,0.1,0.5,0.2,3,1,genHalfAndHalf,1,10,17,37045,Config_38,4,"add(DonorAction, DonorAction)",2*DonorAction,"Novel Rule: (True, True, False, False)",13.3,10.97,4.4,0.0,9.2,
2026-05-03_23-40,Local_VSCode,DR2_Config_38_R5,Direct Reciprocity Mode 2 (Memory Ledger Search),2,1,10,10,0,10,1,0.5,0.0,0.0,100,100,0.1,0.5,0.2,3,1,genHalfAndHalf,1,10,17,37046,Config_38,5,"add(DonorAction, DonorAction)",2*DonorAction,"Novel Rule: (True, True, False, False)",12.87,11.23,4.8,0.0,9.52,
2026-05-03_23-40,Local_VSCode,DR2_Config_39_R1,Direct Reciprocity Mode 2 (Memory Ledger Search),2,1,10,10,0,10,1,0.5,0.0,0.0,100,100,0.5,0.5,0.2,3,1,genHalfAndHalf,1,3,17,38042,Config_39,1,"sub(1, 1)",0,Amnesia (Remember No One),13.13,10.96,6.87,0.0,10.84,
2026-05-03_23-40,Local_VSCode,DR2_Config_39_R2,Direct Reciprocity Mode 2 (Memory Ledger Search),2,1,10,10,0,10,1,0.5,0.0,0.0,100,100,0.5,0.5,0.2,3,1,genHalfAndHalf,1,3,17,38043,Config_39,2,"sub(DonorAction, DonorAction)",0,Amnesia (Remember No One),12.73,10.88,7.27,0.0,10.92,
2026-05-03_23-41,Local_VSCode,DR2_Config_39_R3,Direct Reciprocity Mode 2 (Memory Ledger Search),2,1,10,10,0,10,1,0.5,0.0,0.0,100,100,0.5,0.5,0.2,3,1,genHalfAndHalf,1,3,17,38044,Config_39,3,"sub(DonorAction, DonorAction)",0,Amnesia (Remember No One),13.13,10.5,6.87,0.0,10.36,
2026-05-03_23-41,Local_VSCode,DR2_Config_39_R4,Direct Reciprocity Mode 2 (Memory Ledger Search),2,1,10,10,0,10,1,0.5,0.0,0.0,100,100,0.5,0.5,0.2,3,1,genHalfAndHalf,1,3,17,38045,Config_39,4,"sub(DonorInMemory, DonorAction)",-DonorAction + DonorInMemory,"Novel Rule: (False, False, True, False)",13.07,10.62,6.93,0.0,10.84,
2026-05-03_23-41,Local_VSCode,DR2_Config_39_R5,Direct Reciprocity Mode 2 (Memory Ledger Search),2,1,10,10,0,10,1,0.5,0.0,0.0,100,100,0.5,0.5,0.2,3,1,genHalfAndHalf,1,3,17,38046,Config_39,5,"add(DonorInMemory, DonorAction)",DonorAction + DonorInMemory,"Novel Rule: (True, True, True, False)",12.9,10.74,4.8,0.0,9.56,
2026-05-03_23-42,Local_VSCode,DR2_Config_40_R1,Direct Reciprocity Mode 2 (Memory Ledger Search),2,1,10,10,0,10,1,0.5,0.0,0.0,100,100,0.5,0.5,0.2,3,1,genHalfAndHalf,1,10,17,39042,Config_40,1,"mul(DonorAction, 0)",0,Amnesia (Remember No One),12.73,10.69,7.27,0.0,10.24,
2026-05-03_23-42,Local_VSCode,DR2_Config_40_R2,Direct Reciprocity Mode 2 (Memory Ledger Search),2,1,10,10,0,10,1,0.5,0.0,0.0,100,100,0.5,0.5,0.2,3,1,genHalfAndHalf,1,10,17,39043,Config_40,2,"add(DonorInMemory, DonorInMemory)",2*DonorInMemory,"Novel Rule: (True, False, True, False)",13.07,10.57,6.93,0.0,10.2,
2026-05-03_23-43,Local_VSCode,DR2_Config_40_R3,Direct Reciprocity Mode 2 (Memory Ledger Search),2,1,10,10,0,10,1,0.5,0.0,0.0,100,100,0.5,0.5,0.2,3,1,genHalfAndHalf,1,10,17,39044,Config_40,3,"mul(sub(DonorInMemory, 0), DonorInMemory)",DonorInMemory**2,"Novel Rule: (True, False, True, False)",13.8,10.91,6.2,0.0,10.12,
2026-05-03_23-43,Local_VSCode,DR2_Config_40_R4,Direct Reciprocity Mode 2 (Memory Ledger Search),2,1,10,10,0,10,1,0.5,0.0,0.0,100,100,0.5,0.5,0.2,3,1,genHalfAndHalf,1,10,17,39045,Config_40,4,"mul(DonorAction, DonorAction)",DonorAction**2,"Novel Rule: (True, True, False, False)",12.57,10.74,5.2,0.0,9.76,
2026-05-03_23-43,Local_VSCode,DR2_Config_40_R5,Direct Reciprocity Mode 2 (Memory Ledger Search),2,1,10,10,0,10,1,0.5,0.0,0.0,100,100,0.5,0.5,0.2,3,1,genHalfAndHalf,1,10,17,39046,Config_40,5,"sub(DonorAction, 0)",DonorAction,"Novel Rule: (True, True, False, False)",13.17,10.83,4.4,0.0,10.28,
2026-05-03_23-44,Local_VSCode,DR2_Config_41_R1,Direct Reciprocity Mode 2 (Memory Ledger Search),2,1,10,10,0,100,1,0.5,0.0,0.0,10,100,0.1,0.5,0.2,3,1,genHalfAndHalf,1,3,17,40042,Config_41,1,"sub(DonorAction, add(sub(sub(DonorAction, DonorAction), sub(DonorAction, DonorAction)), add(DonorAction, mul(-10, DonorAction))))",10*DonorAction,"Novel Rule: (True, True, False, False)",126.47,123.09,7.73,0.0,100.72,
2026-05-03_23-44,Local_VSCode,DR2_Config_41_R2,Direct Reciprocity Mode 2 (Memory Ledger Search),2,1,10,10,0,100,1,0.5,0.0,0.0,10,100,0.1,0.5,0.2,3,1,genHalfAndHalf,1,3,17,40043,Config_41,2,"mul(mul(add(mul(1, DonorAction), mul(1, DonorAction)), DonorAction), sub(add(10, -1), DonorAction))",2*DonorAction**2*(9 - DonorAction),"Novel Rule: (True, True, False, False)",128.3,121.61,7.8,0.0,97.84,
2026-05-03_23-44,Local_VSCode,DR2_Config_41_R3,Direct Reciprocity Mode 2 (Memory Ledger Search),2,1,10,10,0,100,1,0.5,0.0,0.0,10,100,0.1,0.5,0.2,3,1,genHalfAndHalf,1,3,17,40044,Config_41,3,"mul(DonorAction, sub(add(10, 1), mul(DonorInMemory, -10)))",DonorAction*(10*DonorInMemory + 11),"Novel Rule: (True, True, False, False)",125.87,117.05,9.4,0.0,97.72,
2026-05-03_23-44,Local_VSCode,DR2_Config_41_R4,Direct Reciprocity Mode 2 (Memory Ledger Search),2,1,10,10,0,100,1,0.5,0.0,0.0,10,100,0.1,0.5,0.2,3,1,genHalfAndHalf,1,3,17,40045,Config_41,4,"add(DonorAction, DonorAction)",2*DonorAction,"Novel Rule: (True, True, False, False)",126.07,120.81,8.53,0.0,101.36,
2026-05-03_23-44,Local_VSCode,DR2_Config_41_R5,Direct Reciprocity Mode 2 (Memory Ledger Search),2,1,10,10,0,100,1,0.5,0.0,0.0,10,100,0.1,0.5,0.2,3,1,genHalfAndHalf,1,3,17,40046,Config_41,5,"mul(DonorAction, DonorAction)",DonorAction**2,"Novel Rule: (True, True, False, False)",126.2,120.72,10.53,0.0,100.52,
2026-05-03_23-45,Local_VSCode,DR2_Config_42_R1,Direct Reciprocity Mode 2 (Memory Ledger Search),2,1,10,10,0,100,1,0.5,0.0,0.0,10,100,0.1,0.5,0.2,3,1,genHalfAndHalf,1,10,17,41042,Config_42,1,"add(DonorAction, DonorAction)",2*DonorAction,"Novel Rule: (True, True, False, False)",127.77,118.46,8.47,0.0,105.16,
2026-05-03_23-45,Local_VSCode,DR2_Config_42_R2,Direct Reciprocity Mode 2 (Memory Ledger Search),2,1,10,10,0,100,1,0.5,0.0,0.0,10,100,0.1,0.5,0.2,3,1,genHalfAndHalf,1,10,17,41043,Config_42,2,"mul(sub(add(DonorInMemory, 1), sub(DonorInMemory, DonorInMemory)), DonorAction)",DonorAction*(DonorInMemory + 1),"Novel Rule: (True, True, False, False)",128.43,119.15,7.07,0.0,100.88,
2026-05-03_23-45,Local_VSCode,DR2_Config_42_R3,Direct Reciprocity Mode 2 (Memory Ledger Search),2,1,10,10,0,100,1,0.5,0.0,0.0,10,100,0.1,0.5,0.2,3,1,genHalfAndHalf,1,10,17,41044,Config_42,3,"add(DonorAction, sub(DonorAction, sub(mul(DonorAction, -10), add(DonorInMemory, DonorAction))))",13*DonorAction + DonorInMemory,"Novel Rule: (True, True, True, False)",129.47,124.44,5.53,0.0,100.64,
2026-05-03_23-45,Local_VSCode,DR2_Config_42_R4,Direct Reciprocity Mode 2 (Memory Ledger Search),2,1,10,10,0,100,1,0.5,0.0,0.0,10,100,0.1,0.5,0.2,3,1,genHalfAndHalf,1,10,17,41045,Config_42,4,"add(DonorAction, DonorAction)",2*DonorAction,"Novel Rule: (True, True, False, False)",128.2,121.57,7.2,0.0,101.72,
2026-05-03_23-46,Local_VSCode,DR2_Config_42_R5,Direct Reciprocity Mode 2 (Memory Ledger Search),2,1,10,10,0,100,1,0.5,0.0,0.0,10,100,0.1,0.5,0.2,3,1,genHalfAndHalf,1,10,17,41046,Config_42,5,"sub(add(add(DonorInMemory, add(DonorInMemory, DonorAction)), add(sub(DonorAction, DonorAction), sub(DonorAction, DonorAction))), DonorInMemory)",DonorAction + DonorInMemory,"Novel Rule: (True, True, True, False)",126.53,115.82,9.07,0.0,103.68,
2026-05-03_23-46,Local_VSCode,DR2_Config_43_R1,Direct Reciprocity Mode 2 (Memory Ledger Search),2,1,10,10,0,100,1,0.5,0.0,0.0,10,100,0.5,0.5,0.2,3,1,genHalfAndHalf,1,3,17,42042,Config_43,1,"add(DonorAction, sub(DonorAction, DonorAction))",DonorAction,"Novel Rule: (True, True, False, False)",127.77,122.92,7.53,0.0,98.96,
2026-05-03_23-46,Local_VSCode,DR2_Config_43_R2,Direct Reciprocity Mode 2 (Memory Ledger Search),2,1,10,10,0,100,1,0.5,0.0,0.0,10,100,0.5,0.5,0.2,3,1,genHalfAndHalf,1,3,17,42043,Config_43,2,"mul(DonorAction, DonorAction)",DonorAction**2,"Novel Rule: (True, True, False, False)",127.1,117.1,7.6,0.0,100.48,
2026-05-03_23-46,Local_VSCode,DR2_Config_43_R3,Direct Reciprocity Mode 2 (Memory Ledger Search),2,1,10,10,0,100,1,0.5,0.0,0.0,10,100,0.5,0.5,0.2,3,1,genHalfAndHalf,1,3,17,42044,Config_43,3,"add(DonorAction, DonorAction)",2*DonorAction,"Novel Rule: (True, True, False, False)",129.37,122.86,6.33,0.0,101.56,
2026-05-03_23-47,Local_VSCode,DR2_Config_43_R4,Direct Reciprocity Mode 2 (Memory Ledger Search),2,1,10,10,0,100,1,0.5,0.0,0.0,10,100,0.5,0.5,0.2,3,1,genHalfAndHalf,1,3,17,42045,Config_43,4,"add(DonorAction, DonorAction)",2*DonorAction,"Novel Rule: (True, True, False, False)",126.37,119.15,8.53,0.0,95.24,
2026-05-03_23-47,Local_VSCode,DR2_Config_43_R5,Direct Reciprocity Mode 2 (Memory Ledger Search),2,1,10,10,0,100,1,0.5,0.0,0.0,10,100,0.5,0.5,0.2,3,1,genHalfAndHalf,1,3,17,42046,Config_43,5,"add(DonorAction, DonorAction)",2*DonorAction,"Novel Rule: (True, True, False, False)",125.2,119.29,10.0,0.0,103.4,
2026-05-03_23-47,Local_VSCode,DR2_Config_44_R1,Direct Reciprocity Mode 2 (Memory Ledger Search),2,1,10,10,0,100,1,0.5,0.0,0.0,10,100,0.5,0.5,0.2,3,1,genHalfAndHalf,1,10,17,43042,Config_44,1,"mul(1, DonorAction)",DonorAction,"Novel Rule: (True, True, False, False)",126.97,117.67,9.07,0.0,103.2,
2026-05-03_23-47,Local_VSCode,DR2_Config_44_R2,Direct Reciprocity Mode 2 (Memory Ledger Search),2,1,10,10,0,100,1,0.5,0.0,0.0,10,100,0.5,0.5,0.2,3,1,genHalfAndHalf,1,10,17,43043,Config_44,2,"mul(DonorAction, DonorAction)",DonorAction**2,"Novel Rule: (True, True, False, False)",125.63,120.47,8.87,0.0,100.84,
2026-05-03_23-48,Local_VSCode,DR2_Config_44_R3,Direct Reciprocity Mode 2 (Memory Ledger Search),2,1,10,10,0,100,1,0.5,0.0,0.0,10,100,0.5,0.5,0.2,3,1,genHalfAndHalf,1,10,17,43044,Config_44,3,"add(DonorAction, DonorAction)",2*DonorAction,"Novel Rule: (True, True, False, False)",125.9,121.84,8.6,0.0,101.12,
2026-05-03_23-48,Local_VSCode,DR2_Config_44_R4,Direct Reciprocity Mode 2 (Memory Ledger Search),2,1,10,10,0,100,1,0.5,0.0,0.0,10,100,0.5,0.5,0.2,3,1,genHalfAndHalf,1,10,17,43045,Config_44,4,"add(DonorAction, 0)",DonorAction,"Novel Rule: (True, True, False, False)",126.17,114.15,9.0,0.0,101.12,
2026-05-03_23-48,Local_VSCode,DR2_Config_44_R5,Direct Reciprocity Mode 2 (Memory Ledger Search),2,1,10,10,0,100,1,0.5,0.0,0.0,10,100,0.5,0.5,0.2,3,1,genHalfAndHalf,1,10,17,43046,Config_44,5,"mul(DonorAction, DonorAction)",DonorAction**2,"Novel Rule: (True, True, False, False)",127.63,122.71,6.27,0.0,99.68,
2026-05-03_23-50,Local_VSCode,DR2_Config_45_R1,Direct Reciprocity Mode 2 (Memory Ledger Search),2,1,10,10,0,100,1,0.5,0.0,0.0,100,100,0.1,0.5,0.2,3,1,genHalfAndHalf,1,3,17,44042,Config_45,1,"sub(0, mul(mul(DonorAction, DonorAction), mul(DonorAction, -1)))",DonorAction**3,"Novel Rule: (True, True, False, False)",129.8,116.15,6.07,0.0,97.44,
2026-05-03_23-53,Local_VSCode,DR2_Config_45_R2,Direct Reciprocity Mode 2 (Memory Ledger Search),2,1,10,10,0,100,1,0.5,0.0,0.0,100,100,0.1,0.5,0.2,3,1,genHalfAndHalf,1,3,17,44043,Config_45,2,"add(DonorAction, mul(10, DonorInMemory))",DonorAction + 10*DonorInMemory,"Novel Rule: (True, True, True, False)",130.5,116.69,3.6,0.0,99.04,
2026-05-03_23-56,Local_VSCode,DR2_Config_45_R3,Direct Reciprocity Mode 2 (Memory Ledger Search),2,1,10,10,0,100,1,0.5,0.0,0.0,100,100,0.1,0.5,0.2,3,1,genHalfAndHalf,1,3,17,44044,Config_45,3,"add(DonorAction, mul(0, 0))",DonorAction,"Novel Rule: (True, True, False, False)",128.87,118.39,7.67,0.0,102.76,
2026-05-03_23-58,Local_VSCode,DR2_Config_45_R4,Direct Reciprocity Mode 2 (Memory Ledger Search),2,1,10,10,0,100,1,0.5,0.0,0.0,100,100,0.1,0.5,0.2,3,1,genHalfAndHalf,1,3,17,44045,Config_45,4,"add(DonorInMemory, DonorAction)",DonorAction + DonorInMemory,"Novel Rule: (True, True, True, False)",129.6,119.03,6.07,0.0,98.36,
2026-05-04_00-01,Local_VSCode,DR2_Config_45_R5,Direct Reciprocity Mode 2 (Memory Ledger Search),2,1,10,10,0,100,1,0.5,0.0,0.0,100,100,0.1,0.5,0.2,3,1,genHalfAndHalf,1,3,17,44046,Config_45,5,"add(DonorAction, DonorAction)",2*DonorAction,"Novel Rule: (True, True, False, False)",128.0,120.95,7.93,0.0,102.12,
2026-05-04_00-04,Local_VSCode,DR2_Config_46_R1,Direct Reciprocity Mode 2 (Memory Ledger Search),2,1,10,10,0,100,1,0.5,0.0,0.0,100,100,0.1,0.5,0.2,3,1,genHalfAndHalf,1,10,17,45042,Config_46,1,"add(DonorAction, DonorInMemory)",DonorAction + DonorInMemory,"Novel Rule: (True, True, True, False)",128.7,120.19,6.07,0.0,99.16,
2026-05-04_00-06,Local_VSCode,DR2_Config_46_R2,Direct Reciprocity Mode 2 (Memory Ledger Search),2,1,10,10,0,100,1,0.5,0.0,0.0,100,100,0.1,0.5,0.2,3,1,genHalfAndHalf,1,10,17,45043,Config_46,2,"add(DonorInMemory, DonorAction)",DonorAction + DonorInMemory,"Novel Rule: (True, True, True, False)",130.7,119.19,3.93,0.0,99.08,
2026-05-04_00-09,Local_VSCode,DR2_Config_46_R3,Direct Reciprocity Mode 2 (Memory Ledger Search),2,1,10,10,0,100,1,0.5,0.0,0.0,100,100,0.1,0.5,0.2,3,1,genHalfAndHalf,1,10,17,45044,Config_46,3,"mul(DonorAction, DonorAction)",DonorAction**2,"Novel Rule: (True, True, False, False)",129.37,119.67,7.67,0.0,100.08,
2026-05-04_00-11,Local_VSCode,DR2_Config_46_R4,Direct Reciprocity Mode 2 (Memory Ledger Search),2,1,10,10,0,100,1,0.5,0.0,0.0,100,100,0.1,0.5,0.2,3,1,genHalfAndHalf,1,10,17,45045,Config_46,4,"mul(10, DonorAction)",10*DonorAction,"Novel Rule: (True, True, False, False)",128.0,118.13,6.67,0.0,101.28,
2026-05-04_00-13,Local_VSCode,DR2_Config_46_R5,Direct Reciprocity Mode 2 (Memory Ledger Search),2,1,10,10,0,100,1,0.5,0.0,0.0,100,100,0.1,0.5,0.2,3,1,genHalfAndHalf,1,10,17,45046,Config_46,5,"add(DonorAction, DonorAction)",2*DonorAction,"Novel Rule: (True, True, False, False)",129.3,119.68,5.27,0.0,102.96,
2026-05-04_00-15,Local_VSCode,DR2_Config_47_R1,Direct Reciprocity Mode 2 (Memory Ledger Search),2,1,10,10,0,100,1,0.5,0.0,0.0,100,100,0.5,0.5,0.2,3,1,genHalfAndHalf,1,3,17,46042,Config_47,1,"sub(DonorAction, 0)",DonorAction,"Novel Rule: (True, True, False, False)",129.33,115.27,5.47,0.0,101.76,
2026-05-04_00-18,Local_VSCode,DR2_Config_47_R2,Direct Reciprocity Mode 2 (Memory Ledger Search),2,1,10,10,0,100,1,0.5,0.0,0.0,100,100,0.5,0.5,0.2,3,1,genHalfAndHalf,1,3,17,46043,Config_47,2,"mul(DonorAction, DonorAction)",DonorAction**2,"Novel Rule: (True, True, False, False)",127.87,119.53,7.8,0.0,100.4,
2026-05-04_00-20,Local_VSCode,DR2_Config_47_R3,Direct Reciprocity Mode 2 (Memory Ledger Search),2,1,10,10,0,100,1,0.5,0.0,0.0,100,100,0.5,0.5,0.2,3,1,genHalfAndHalf,1,3,17,46044,Config_47,3,"add(DonorAction, DonorAction)",2*DonorAction,"Novel Rule: (True, True, False, False)",130.07,121.07,4.33,0.0,99.32,
2026-05-04_00-23,Local_VSCode,DR2_Config_47_R4,Direct Reciprocity Mode 2 (Memory Ledger Search),2,1,10,10,0,100,1,0.5,0.0,0.0,100,100,0.5,0.5,0.2,3,1,genHalfAndHalf,1,3,17,46045,Config_47,4,"mul(DonorAction, DonorAction)",DonorAction**2,"Novel Rule: (True, True, False, False)",128.53,119.85,7.33,0.0,101.12,
2026-05-04_00-25,Local_VSCode,DR2_Config_47_R5,Direct Reciprocity Mode 2 (Memory Ledger Search),2,1,10,10,0,100,1,0.5,0.0,0.0,100,100,0.5,0.5,0.2,3,1,genHalfAndHalf,1,3,17,46046,Config_47,5,"add(DonorAction, DonorAction)",2*DonorAction,"Novel Rule: (True, True, False, False)",130.27,120.82,4.67,0.0,100.2,
2026-05-04_00-26,Local_VSCode,DR2_Config_48_R1,Direct Reciprocity Mode 2 (Memory Ledger Search),2,1,10,10,0,100,1,0.5,0.0,0.0,100,100,0.5,0.5,0.2,3,1,genHalfAndHalf,1,10,17,47042,Config_48,1,"add(DonorAction, DonorAction)",2*DonorAction,"Novel Rule: (True, True, False, False)",129.23,121.78,7.8,0.0,98.24,
2026-05-04_00-29,Local_VSCode,DR2_Config_48_R2,Direct Reciprocity Mode 2 (Memory Ledger Search),2,1,10,10,0,100,1,0.5,0.0,0.0,100,100,0.5,0.5,0.2,3,1,genHalfAndHalf,1,10,17,47043,Config_48,2,"add(DonorAction, DonorAction)",2*DonorAction,"Novel Rule: (True, True, False, False)",128.23,118.54,7.07,0.0,103.08,
2026-05-04_00-31,Local_VSCode,DR2_Config_48_R3,Direct Reciprocity Mode 2 (Memory Ledger Search),2,1,10,10,0,100,1,0.5,0.0,0.0,100,100,0.5,0.5,0.2,3,1,genHalfAndHalf,1,10,17,47044,Config_48,3,"mul(DonorAction, DonorAction)",DonorAction**2,"Novel Rule: (True, True, False, False)",128.23,119.62,7.0,0.0,95.88,
2026-05-04_00-33,Local_VSCode,DR2_Config_48_R4,Direct Reciprocity Mode 2 (Memory Ledger Search),2,1,10,10,0,100,1,0.5,0.0,0.0,100,100,0.5,0.5,0.2,3,1,genHalfAndHalf,1,10,17,47045,Config_48,4,"add(DonorInMemory, DonorAction)",DonorAction + DonorInMemory,"Novel Rule: (True, True, True, False)",128.7,119.04,6.93,0.0,100.4,
2026-05-04_00-36,Local_VSCode,DR2_Config_48_R5,Direct Reciprocity Mode 2 (Memory Ledger Search),2,1,10,10,0,100,1,0.5,0.0,0.0,100,100,0.5,0.5,0.2,3,1,genHalfAndHalf,1,10,17,47046,Config_48,5,"add(DonorAction, add(DonorAction, DonorAction))",3*DonorAction,"Novel Rule: (True, True, False, False)",128.77,121.77,7.27,0.0,97.36,
2026-05-04_00-36,Local_VSCode,DR2_Config_49_R1,Direct Reciprocity Mode 2 (Memory Ledger Search),2,1,10,10,10,10,1,0.5,0.0,0.0,10,100,0.1,0.5,0.2,3,1,genHalfAndHalf,1,3,17,48042,Config_49,1,"add(1, mul(sub(DonorAction, mul(DonorAction, -1)), sub(DonorAction, DonorInMemory)))",2*DonorAction*(DonorAction - DonorInMemory) + 1,Paranoid (Remember Everyone),5.93,3.63,0.4,12.0,4.5,
2026-05-04_00-36,Local_VSCode,DR2_Config_49_R2,Direct Reciprocity Mode 2 (Memory Ledger Search),2,1,10,10,10,10,1,0.5,0.0,0.0,10,100,0.1,0.5,0.2,3,1,genHalfAndHalf,1,3,17,48043,Config_49,2,"sub(mul(DonorAction, DonorInMemory), DonorAction)",DonorAction*(DonorInMemory - 1),Amnesia (Remember No One),5.0,3.92,2.73,12.27,3.22,
2026-05-04_00-36,Local_VSCode,DR2_Config_49_R3,Direct Reciprocity Mode 2 (Memory Ledger Search),2,1,10,10,10,10,1,0.5,0.0,0.0,10,100,0.1,0.5,0.2,3,1,genHalfAndHalf,1,3,17,48044,Config_49,3,"sub(10, DonorInMemory)",10 - DonorInMemory,Paranoid (Remember Everyone),4.97,3.28,0.6,12.67,3.16,
2026-05-04_00-36,Local_VSCode,DR2_Config_49_R4,Direct Reciprocity Mode 2 (Memory Ledger Search),2,1,10,10,10,10,1,0.5,0.0,0.0,10,100,0.1,0.5,0.2,3,1,genHalfAndHalf,1,3,17,48045,Config_49,4,"add(DonorInMemory, DonorAction)",DonorAction + DonorInMemory,"Novel Rule: (True, True, True, False)",5.27,3.71,2.0,11.8,3.06,
2026-05-04_00-36,Local_VSCode,DR2_Config_49_R5,Direct Reciprocity Mode 2 (Memory Ledger Search),2,1,10,10,10,10,1,0.5,0.0,0.0,10,100,0.1,0.5,0.2,3,1,genHalfAndHalf,1,3,17,48046,Config_49,5,"sub(sub(add(DonorInMemory, DonorAction), -1), DonorInMemory)",DonorAction + 1,Paranoid (Remember Everyone),6.23,5.1,0.6,11.27,2.94,
2026-05-04_00-36,Local_VSCode,DR2_Config_50_R1,Direct Reciprocity Mode 2 (Memory Ledger Search),2,1,10,10,10,10,1,0.5,0.0,0.0,10,100,0.1,0.5,0.2,3,1,genHalfAndHalf,1,10,17,49042,Config_50,1,"add(1, DonorInMemory)",DonorInMemory + 1,Paranoid (Remember Everyone),5.43,3.77,1.2,11.53,3.82,
2026-05-04_00-37,Local_VSCode,DR2_Config_50_R2,Direct Reciprocity Mode 2 (Memory Ledger Search),2,1,10,10,10,10,1,0.5,0.0,0.0,10,100,0.1,0.5,0.2,3,1,genHalfAndHalf,1,10,17,49043,Config_50,2,"mul(sub(-1, 1), -1)",2,Paranoid (Remember Everyone),5.33,3.83,1.13,11.6,3.98,
2026-05-04_00-37,Local_VSCode,DR2_Config_50_R3,Direct Reciprocity Mode 2 (Memory Ledger Search),2,1,10,10,10,10,1,0.5,0.0,0.0,10,100,0.1,0.5,0.2,3,1,genHalfAndHalf,1,10,17,49044,Config_50,3,"mul(DonorAction, DonorAction)",DonorAction**2,"Novel Rule: (True, True, False, False)",5.1,3.67,-0.47,14.33,3.72,
2026-05-04_00-37,Local_VSCode,DR2_Config_50_R4,Direct Reciprocity Mode 2 (Memory Ledger Search),2,1,10,10,10,10,1,0.5,0.0,0.0,10,100,0.1,0.5,0.2,3,1,genHalfAndHalf,1,10,17,49045,Config_50,4,"sub(DonorAction, sub(-10, DonorAction))",2*DonorAction + 10,Paranoid (Remember Everyone),5.8,3.64,0.8,11.8,4.7,
2026-05-04_00-37,Local_VSCode,DR2_Config_50_R5,Direct Reciprocity Mode 2 (Memory Ledger Search),2,1,10,10,10,10,1,0.5,0.0,0.0,10,100,0.1,0.5,0.2,3,1,genHalfAndHalf,1,10,17,49046,Config_50,5,"add(DonorInMemory, -1)",DonorInMemory - 1,Amnesia (Remember No One),6.13,5.47,2.0,11.87,3.14,
2026-05-04_00-37,Local_VSCode,DR2_Config_51_R1,Direct Reciprocity Mode 2 (Memory Ledger Search),2,1,10,10,10,10,1,0.5,0.0,0.0,10,100,0.5,0.5,0.2,3,1,genHalfAndHalf,1,3,17,50042,Config_51,1,"mul(10, 10)",100,Paranoid (Remember Everyone),5.33,4.16,0.47,12.53,4.04,
2026-05-04_00-37,Local_VSCode,DR2_Config_51_R2,Direct Reciprocity Mode 2 (Memory Ledger Search),2,1,10,10,10,10,1,0.5,0.0,0.0,10,100,0.5,0.5,0.2,3,1,genHalfAndHalf,1,3,17,50043,Config_51,2,"add(10, 10)",20,Paranoid (Remember Everyone),5.7,4.14,1.4,10.93,1.64,
2026-05-04_00-37,Local_VSCode,DR2_Config_51_R3,Direct Reciprocity Mode 2 (Memory Ledger Search),2,1,10,10,10,10,1,0.5,0.0,0.0,10,100,0.5,0.5,0.2,3,1,genHalfAndHalf,1,3,17,50044,Config_51,3,"add(DonorInMemory, DonorInMemory)",2*DonorInMemory,"Novel Rule: (True, False, True, False)",5.67,4.2,2.13,12.2,3.64,
2026-05-04_00-37,Local_VSCode,DR2_Config_51_R4,Direct Reciprocity Mode 2 (Memory Ledger Search),2,1,10,10,10,10,1,0.5,0.0,0.0,10,100,0.5,0.5,0.2,3,1,genHalfAndHalf,1,3,17,50045,Config_51,4,"sub(10, DonorInMemory)",10 - DonorInMemory,Paranoid (Remember Everyone),5.4,3.78,0.67,12.4,3.48,
2026-05-04_00-37,Local_VSCode,DR2_Config_51_R5,Direct Reciprocity Mode 2 (Memory Ledger Search),2,1,10,10,10,10,1,0.5,0.0,0.0,10,100,0.5,0.5,0.2,3,1,genHalfAndHalf,1,3,17,50046,Config_51,5,"add(10, 10)",20,Paranoid (Remember Everyone),5.3,4.38,1.07,12.0,2.88,
2026-05-04_00-38,Local_VSCode,DR2_Config_52_R1,Direct Reciprocity Mode 2 (Memory Ledger Search),2,1,10,10,10,10,1,0.5,0.0,0.0,10,100,0.5,0.5,0.2,3,1,genHalfAndHalf,1,10,17,51042,Config_52,1,"sub(1, DonorAction)",1 - DonorAction,Strict Ledger (TFT Base),5.27,3.34,2.13,11.8,2.88,
2026-05-04_00-38,Local_VSCode,DR2_Config_52_R2,Direct Reciprocity Mode 2 (Memory Ledger Search),2,1,10,10,10,10,1,0.5,0.0,0.0,10,100,0.5,0.5,0.2,3,1,genHalfAndHalf,1,10,17,51043,Config_52,2,"add(DonorInMemory, 1)",DonorInMemory + 1,Paranoid (Remember Everyone),5.57,3.81,1.47,11.33,3.48,
2026-05-04_00-38,Local_VSCode,DR2_Config_52_R3,Direct Reciprocity Mode 2 (Memory Ledger Search),2,1,10,10,10,10,1,0.5,0.0,0.0,10,100,0.5,0.5,0.2,3,1,genHalfAndHalf,1,10,17,51044,Config_52,3,"sub(DonorAction, -1)",DonorAction + 1,Paranoid (Remember Everyone),4.93,3.79,1.0,12.33,3.48,
2026-05-04_00-38,Local_VSCode,DR2_Config_52_R4,Direct Reciprocity Mode 2 (Memory Ledger Search),2,1,10,10,10,10,1,0.5,0.0,0.0,10,100,0.5,0.5,0.2,3,1,genHalfAndHalf,1,10,17,51045,Config_52,4,"sub(DonorAction, -10)",DonorAction + 10,Paranoid (Remember Everyone),5.43,3.76,0.87,11.8,3.76,
2026-05-04_00-38,Local_VSCode,DR2_Config_52_R5,Direct Reciprocity Mode 2 (Memory Ledger Search),2,1,10,10,10,10,1,0.5,0.0,0.0,10,100,0.5,0.5,0.2,3,1,genHalfAndHalf,1,10,17,51046,Config_52,5,"mul(10, 10)",100,Paranoid (Remember Everyone),5.5,3.93,1.0,11.67,3.52,
2026-05-04_00-39,Local_VSCode,DR2_Config_53_R1,Direct Reciprocity Mode 2 (Memory Ledger Search),2,1,10,10,10,10,1,0.5,0.0,0.0,100,100,0.1,0.5,0.2,3,1,genHalfAndHalf,1,3,17,52042,Config_53,1,"add(10, 10)",20,Paranoid (Remember Everyone),6.7,4.44,0.53,11.13,2.54,
2026-05-04_00-39,Local_VSCode,DR2_Config_53_R2,Direct Reciprocity Mode 2 (Memory Ledger Search),2,1,10,10,10,10,1,0.5,0.0,0.0,100,100,0.1,0.5,0.2,3,1,genHalfAndHalf,1,3,17,52043,Config_53,2,"add(DonorInMemory, 10)",DonorInMemory + 10,Paranoid (Remember Everyone),6.2,4.12,0.2,11.93,4.46,
2026-05-04_00-40,Local_VSCode,DR2_Config_53_R3,Direct Reciprocity Mode 2 (Memory Ledger Search),2,1,10,10,10,10,1,0.5,0.0,0.0,100,100,0.1,0.5,0.2,3,1,genHalfAndHalf,1,3,17,52044,Config_53,3,"add(DonorInMemory, DonorAction)",DonorAction + DonorInMemory,"Novel Rule: (True, True, True, False)",6.1,4.09,0.93,11.8,4.0,
2026-05-04_00-41,Local_VSCode,DR2_Config_53_R4,Direct Reciprocity Mode 2 (Memory Ledger Search),2,1,10,10,10,10,1,0.5,0.0,0.0,100,100,0.1,0.5,0.2,3,1,genHalfAndHalf,1,3,17,52045,Config_53,4,"sub(DonorAction, sub(DonorInMemory, add(10, DonorAction)))",2*DonorAction - DonorInMemory + 10,Paranoid (Remember Everyone),6.53,4.15,0.6,10.93,3.58,
2026-05-04_00-42,Local_VSCode,DR2_Config_53_R5,Direct Reciprocity Mode 2 (Memory Ledger Search),2,1,10,10,10,10,1,0.5,0.0,0.0,100,100,0.1,0.5,0.2,3,1,genHalfAndHalf,1,3,17,52046,Config_53,5,"add(0, sub(1, DonorAction))",1 - DonorAction,Strict Ledger (TFT Base),6.9,4.41,1.33,10.93,3.8,
2026-05-04_00-42,Local_VSCode,DR2_Config_54_R1,Direct Reciprocity Mode 2 (Memory Ledger Search),2,1,10,10,10,10,1,0.5,0.0,0.0,100,100,0.1,0.5,0.2,3,1,genHalfAndHalf,1,10,17,53042,Config_54,1,"sub(DonorInMemory, add(DonorAction, 0))",-DonorAction + DonorInMemory,"Novel Rule: (False, False, True, False)",6.07,3.88,1.47,12.47,3.14,
2026-05-04_00-43,Local_VSCode,DR2_Config_54_R2,Direct Reciprocity Mode 2 (Memory Ledger Search),2,1,10,10,10,10,1,0.5,0.0,0.0,100,100,0.1,0.5,0.2,3,1,genHalfAndHalf,1,10,17,53043,Config_54,2,"add(DonorInMemory, 10)",DonorInMemory + 10,Paranoid (Remember Everyone),7.5,4.57,-0.53,11.0,4.0,
2026-05-04_00-43,Local_VSCode,DR2_Config_54_R3,Direct Reciprocity Mode 2 (Memory Ledger Search),2,1,10,10,10,10,1,0.5,0.0,0.0,100,100,0.1,0.5,0.2,3,1,genHalfAndHalf,1,10,17,53044,Config_54,3,"add(1, DonorAction)",DonorAction + 1,Paranoid (Remember Everyone),6.2,4.17,0.47,11.33,3.8,
2026-05-04_00-44,Local_VSCode,DR2_Config_54_R4,Direct Reciprocity Mode 2 (Memory Ledger Search),2,1,10,10,10,10,1,0.5,0.0,0.0,100,100,0.1,0.5,0.2,3,1,genHalfAndHalf,1,10,17,53045,Config_54,4,"sub(10, DonorInMemory)",10 - DonorInMemory,Paranoid (Remember Everyone),6.4,4.14,0.27,11.4,3.72,
2026-05-04_00-45,Local_VSCode,DR2_Config_54_R5,Direct Reciprocity Mode 2 (Memory Ledger Search),2,1,10,10,10,10,1,0.5,0.0,0.0,100,100,0.1,0.5,0.2,3,1,genHalfAndHalf,1,10,17,53046,Config_54,5,"sub(sub(add(DonorInMemory, add(DonorInMemory, DonorAction)), -10), add(DonorAction, 0))",2*DonorInMemory + 10,Paranoid (Remember Everyone),6.57,4.41,0.2,11.87,4.16,
2026-05-04_00-45,Local_VSCode,DR2_Config_55_R1,Direct Reciprocity Mode 2 (Memory Ledger Search),2,1,10,10,10,10,1,0.5,0.0,0.0,100,100,0.5,0.5,0.2,3,1,genHalfAndHalf,1,3,17,54042,Config_55,1,"sub(10, DonorAction)",10 - DonorAction,Paranoid (Remember Everyone),6.57,4.51,-0.13,11.33,3.6,
2026-05-04_00-46,Local_VSCode,DR2_Config_55_R2,Direct Reciprocity Mode 2 (Memory Ledger Search),2,1,10,10,10,10,1,0.5,0.0,0.0,100,100,0.5,0.5,0.2,3,1,genHalfAndHalf,1,3,17,54043,Config_55,2,"sub(10, -10)",20,Paranoid (Remember Everyone),6.4,4.23,0.0,11.6,3.36,
2026-05-04_00-46,Local_VSCode,DR2_Config_55_R3,Direct Reciprocity Mode 2 (Memory Ledger Search),2,1,10,10,10,10,1,0.5,0.0,0.0,100,100,0.5,0.5,0.2,3,1,genHalfAndHalf,1,3,17,54044,Config_55,3,"add(1, DonorAction)",DonorAction + 1,Paranoid (Remember Everyone),6.43,4.5,0.93,10.67,3.62,
2026-05-04_00-47,Local_VSCode,DR2_Config_55_R4,Direct Reciprocity Mode 2 (Memory Ledger Search),2,1,10,10,10,10,1,0.5,0.0,0.0,100,100,0.5,0.5,0.2,3,1,genHalfAndHalf,1,3,17,54045,Config_55,4,"add(1, 1)",2,Paranoid (Remember Everyone),5.9,4.19,1.33,11.27,3.36,
2026-05-04_00-47,Local_VSCode,DR2_Config_55_R5,Direct Reciprocity Mode 2 (Memory Ledger Search),2,1,10,10,10,10,1,0.5,0.0,0.0,100,100,0.5,0.5,0.2,3,1,genHalfAndHalf,1,3,17,54046,Config_55,5,"sub(DonorAction, 1)",DonorAction - 1,Amnesia (Remember No One),5.73,3.92,0.87,13.4,3.86,
2026-05-04_00-48,Local_VSCode,DR2_Config_56_R1,Direct Reciprocity Mode 2 (Memory Ledger Search),2,1,10,10,10,10,1,0.5,0.0,0.0,100,100,0.5,0.5,0.2,3,1,genHalfAndHalf,1,10,17,55042,Config_56,1,"sub(0, -10)",10,Paranoid (Remember Everyone),6.0,4.34,0.8,11.13,3.16,
2026-05-04_00-49,Local_VSCode,DR2_Config_56_R2,Direct Reciprocity Mode 2 (Memory Ledger Search),2,1,10,10,10,10,1,0.5,0.0,0.0,100,100,0.5,0.5,0.2,3,1,genHalfAndHalf,1,10,17,55043,Config_56,2,"add(0, 10)",10,Paranoid (Remember Everyone),6.43,4.03,1.67,10.0,3.54,
2026-05-04_00-49,Local_VSCode,DR2_Config_56_R3,Direct Reciprocity Mode 2 (Memory Ledger Search),2,1,10,10,10,10,1,0.5,0.0,0.0,100,100,0.5,0.5,0.2,3,1,genHalfAndHalf,1,10,17,55044,Config_56,3,"sub(0, -1)",1,Paranoid (Remember Everyone),6.0,3.95,0.2,11.8,4.26,
2026-05-04_00-50,Local_VSCode,DR2_Config_56_R4,Direct Reciprocity Mode 2 (Memory Ledger Search),2,1,10,10,10,10,1,0.5,0.0,0.0,100,100,0.5,0.5,0.2,3,1,genHalfAndHalf,1,10,17,55045,Config_56,4,"add(DonorAction, 10)",DonorAction + 10,Paranoid (Remember Everyone),6.43,4.02,0.07,11.67,5.58,
2026-05-04_00-50,Local_VSCode,DR2_Config_56_R5,Direct Reciprocity Mode 2 (Memory Ledger Search),2,1,10,10,10,10,1,0.5,0.0,0.0,100,100,0.5,0.5,0.2,3,1,genHalfAndHalf,1,10,17,55046,Config_56,5,"sub(DonorAction, -10)",DonorAction + 10,Paranoid (Remember Everyone),6.4,4.21,1.33,10.53,3.52,
2026-05-04_00-51,Local_VSCode,DR2_Config_57_R1,Direct Reciprocity Mode 2 (Memory Ledger Search),2,1,10,10,10,100,1,0.5,0.0,0.0,10,100,0.1,0.5,0.2,3,1,genHalfAndHalf,1,3,17,56042,Config_57,1,"sub(add(1, 1), mul(1, DonorInMemory))",2 - DonorInMemory,Paranoid (Remember Everyone),65.13,61.56,-23.2,83.67,59.32,
2026-05-04_00-51,Local_VSCode,DR2_Config_57_R2,Direct Reciprocity Mode 2 (Memory Ledger Search),2,1,10,10,10,100,1,0.5,0.0,0.0,10,100,0.1,0.5,0.2,3,1,genHalfAndHalf,1,3,17,56043,Config_57,2,"add(add(add(DonorInMemory, DonorInMemory), add(add(10, DonorInMemory), -10)), sub(mul(DonorInMemory, DonorAction), mul(10, -10)))",DonorAction*DonorInMemory + 3*DonorInMemory + 100,Paranoid (Remember Everyone),64.73,56.0,-21.0,83.73,57.98,
2026-05-04_00-52,Local_VSCode,DR2_Config_57_R3,Direct Reciprocity Mode 2 (Memory Ledger Search),2,1,10,10,10,100,1,0.5,0.0,0.0,10,100,0.1,0.5,0.2,3,1,genHalfAndHalf,1,3,17,56044,Config_57,3,"add(1, DonorAction)",DonorAction + 1,Paranoid (Remember Everyone),65.2,59.94,-24.4,85.6,56.92,
2026-05-04_00-52,Local_VSCode,DR2_Config_57_R4,Direct Reciprocity Mode 2 (Memory Ledger Search),2,1,10,10,10,100,1,0.5,0.0,0.0,10,100,0.1,0.5,0.2,3,1,genHalfAndHalf,1,3,17,56045,Config_57,4,"add(add(0, 0), 1)",1,Paranoid (Remember Everyone),64.53,57.95,-21.53,83.27,53.18,
2026-05-04_00-52,Local_VSCode,DR2_Config_57_R5,Direct Reciprocity Mode 2 (Memory Ledger Search),2,1,10,10,10,100,1,0.5,0.0,0.0,10,100,0.1,0.5,0.2,3,1,genHalfAndHalf,1,3,17,56046,Config_57,5,"add(1, 1)",2,Paranoid (Remember Everyone),66.63,56.37,-22.53,82.93,56.84,
2026-05-04_00-53,Local_VSCode,DR2_Config_58_R1,Direct Reciprocity Mode 2 (Memory Ledger Search),2,1,10,10,10,100,1,0.5,0.0,0.0,10,100,0.1,0.5,0.2,3,1,genHalfAndHalf,1,10,17,57042,Config_58,1,"sub(mul(mul(10, -10), mul(0, 10)), sub(add(sub(add(DonorAction, -10), sub(sub(DonorAction, DonorAction), DonorAction)), -10), sub(sub(DonorAction, DonorAction), DonorAction)))",20 - 3*DonorAction,Paranoid (Remember Everyone),64.87,59.58,-23.73,85.13,54.56,
2026-05-04_00-53,Local_VSCode,DR2_Config_58_R2,Direct Reciprocity Mode 2 (Memory Ledger Search),2,1,10,10,10,100,1,0.5,0.0,0.0,10,100,0.1,0.5,0.2,3,1,genHalfAndHalf,1,10,17,57043,Config_58,2,"add(1, add(add(1, DonorAction), 1))",DonorAction + 3,Paranoid (Remember Everyone),65.5,62.54,-19.67,80.67,57.2,
2026-05-04_00-53,Local_VSCode,DR2_Config_58_R3,Direct Reciprocity Mode 2 (Memory Ledger Search),2,1,10,10,10,100,1,0.5,0.0,0.0,10,100,0.1,0.5,0.2,3,1,genHalfAndHalf,1,10,17,57044,Config_58,3,"sub(add(10, sub(DonorAction, DonorInMemory)), add(DonorAction, sub(DonorAction, DonorInMemory)))",10 - DonorAction,Paranoid (Remember Everyone),66.4,63.51,-25.2,84.13,56.08,
2026-05-04_00-54,Local_VSCode,DR2_Config_58_R4,Direct Reciprocity Mode 2 (Memory Ledger Search),2,1,10,10,10,100,1,0.5,0.0,0.0,10,100,0.1,0.5,0.2,3,1,genHalfAndHalf,1,10,17,57045,Config_58,4,"mul(add(DonorAction, 1), 1)",DonorAction + 1,Paranoid (Remember Everyone),64.6,56.36,-24.8,86.33,55.1,
2026-05-04_00-54,Local_VSCode,DR2_Config_58_R5,Direct Reciprocity Mode 2 (Memory Ledger Search),2,1,10,10,10,100,1,0.5,0.0,0.0,10,100,0.1,0.5,0.2,3,1,genHalfAndHalf,1,10,17,57046,Config_58,5,"add(1, 1)",2,Paranoid (Remember Everyone),64.0,57.42,-22.87,87.2,53.8,
2026-05-04_00-54,Local_VSCode,DR2_Config_59_R1,Direct Reciprocity Mode 2 (Memory Ledger Search),2,1,10,10,10,100,1,0.5,0.0,0.0,10,100,0.5,0.5,0.2,3,1,genHalfAndHalf,1,3,17,58042,Config_59,1,"add(1, 1)",2,Paranoid (Remember Everyone),64.27,60.28,-22.6,86.4,57.0,
2026-05-04_00-55,Local_VSCode,DR2_Config_59_R2,Direct Reciprocity Mode 2 (Memory Ledger Search),2,1,10,10,10,100,1,0.5,0.0,0.0,10,100,0.5,0.5,0.2,3,1,genHalfAndHalf,1,3,17,58043,Config_59,2,"add(1, 1)",2,Paranoid (Remember Everyone),64.63,59.34,-23.6,86.0,56.16,
2026-05-04_00-55,Local_VSCode,DR2_Config_59_R3,Direct Reciprocity Mode 2 (Memory Ledger Search),2,1,10,10,10,100,1,0.5,0.0,0.0,10,100,0.5,0.5,0.2,3,1,genHalfAndHalf,1,3,17,58044,Config_59,3,"add(1, DonorInMemory)",DonorInMemory + 1,Paranoid (Remember Everyone),64.23,57.16,-24.07,86.27,55.82,
2026-05-04_00-55,Local_VSCode,DR2_Config_59_R4,Direct Reciprocity Mode 2 (Memory Ledger Search),2,1,10,10,10,100,1,0.5,0.0,0.0,10,100,0.5,0.5,0.2,3,1,genHalfAndHalf,1,3,17,58045,Config_59,4,"add(DonorInMemory, sub(add(DonorInMemory, DonorInMemory), -1))",3*DonorInMemory + 1,Paranoid (Remember Everyone),62.7,45.92,-18.27,83.07,52.58,
2026-05-04_00-55,Local_VSCode,DR2_Config_59_R5,Direct Reciprocity Mode 2 (Memory Ledger Search),2,1,10,10,10,100,1,0.5,0.0,0.0,10,100,0.5,0.5,0.2,3,1,genHalfAndHalf,1,3,17,58046,Config_59,5,"mul(1, 1)",1,Paranoid (Remember Everyone),64.03,54.12,-21.47,83.93,53.46,
2026-05-04_00-55,Local_VSCode,DR2_Config_60_R1,Direct Reciprocity Mode 2 (Memory Ledger Search),2,1,10,10,10,100,1,0.5,0.0,0.0,10,100,0.5,0.5,0.2,3,1,genHalfAndHalf,1,10,17,59042,Config_60,1,"mul(-10, -10)",100,Paranoid (Remember Everyone),61.9,50.75,-20.93,86.53,56.04,
2026-05-04_00-56,Local_VSCode,DR2_Config_60_R2,Direct Reciprocity Mode 2 (Memory Ledger Search),2,1,10,10,10,100,1,0.5,0.0,0.0,10,100,0.5,0.5,0.2,3,1,genHalfAndHalf,1,10,17,59043,Config_60,2,"mul(-10, -10)",100,Paranoid (Remember Everyone),65.17,63.09,-23.07,83.2,54.4,
2026-05-04_00-56,Local_VSCode,DR2_Config_60_R3,Direct Reciprocity Mode 2 (Memory Ledger Search),2,1,10,10,10,100,1,0.5,0.0,0.0,10,100,0.5,0.5,0.2,3,1,genHalfAndHalf,1,10,17,59044,Config_60,3,"sub(-1, -10)",9,Paranoid (Remember Everyone),64.4,63.25,-23.13,86.07,60.1,
2026-05-04_00-56,Local_VSCode,DR2_Config_60_R4,Direct Reciprocity Mode 2 (Memory Ledger Search),2,1,10,10,10,100,1,0.5,0.0,0.0,10,100,0.5,0.5,0.2,3,1,genHalfAndHalf,1,10,17,59045,Config_60,4,"add(10, DonorInMemory)",DonorInMemory + 10,Paranoid (Remember Everyone),63.27,55.28,-23.67,86.67,56.0,
2026-05-04_00-56,Local_VSCode,DR2_Config_60_R5,Direct Reciprocity Mode 2 (Memory Ledger Search),2,1,10,10,10,100,1,0.5,0.0,0.0,10,100,0.5,0.5,0.2,3,1,genHalfAndHalf,1,10,17,59046,Config_60,5,"sub(sub(DonorInMemory, -10), -10)",DonorInMemory + 20,Paranoid (Remember Everyone),67.1,55.51,-23.87,82.27,54.84,
2026-05-04_00-58,Local_VSCode,DR2_Config_61_R1,Direct Reciprocity Mode 2 (Memory Ledger Search),2,1,10,10,10,100,1,0.5,0.0,0.0,100,100,0.1,0.5,0.2,3,1,genHalfAndHalf,1,3,17,60042,Config_61,1,"add(10, add(10, 10))",30,Paranoid (Remember Everyone),65.5,59.34,-22.27,82.2,54.98,
2026-05-04_01-01,Local_VSCode,DR2_Config_61_R2,Direct Reciprocity Mode 2 (Memory Ledger Search),2,1,10,10,10,100,1,0.5,0.0,0.0,100,100,0.1,0.5,0.2,3,1,genHalfAndHalf,1,3,17,60043,Config_61,2,"add(add(1, 1), 10)",12,Paranoid (Remember Everyone),67.07,59.42,-22.07,81.93,57.96,
2026-05-04_01-03,Local_VSCode,DR2_Config_61_R3,Direct Reciprocity Mode 2 (Memory Ledger Search),2,1,10,10,10,100,1,0.5,0.0,0.0,100,100,0.1,0.5,0.2,3,1,genHalfAndHalf,1,3,17,60044,Config_61,3,"sub(mul(add(sub(DonorAction, DonorInMemory), DonorAction), add(sub(DonorAction, 1), DonorAction)), -1)",(2*DonorAction - 1)*(2*DonorAction - DonorInMemory) + 1,Paranoid (Remember Everyone),65.9,56.86,-25.27,85.47,54.56,
2026-05-04_01-05,Local_VSCode,DR2_Config_61_R4,Direct Reciprocity Mode 2 (Memory Ledger Search),2,1,10,10,10,100,1,0.5,0.0,0.0,100,100,0.1,0.5,0.2,3,1,genHalfAndHalf,1,3,17,60045,Config_61,4,"add(add(mul(DonorAction, DonorAction), 10), 10)",DonorAction**2 + 20,Paranoid (Remember Everyone),66.77,58.86,-26.33,85.53,54.06,
2026-05-04_01-08,Local_VSCode,DR2_Config_61_R5,Direct Reciprocity Mode 2 (Memory Ledger Search),2,1,10,10,10,100,1,0.5,0.0,0.0,100,100,0.1,0.5,0.2,3,1,genHalfAndHalf,1,3,17,60046,Config_61,5,"sub(10, sub(sub(-1, DonorAction), sub(1, 1)))",DonorAction + 11,Paranoid (Remember Everyone),65.93,57.67,-20.87,82.07,55.72,
2026-05-04_01-10,Local_VSCode,DR2_Config_62_R1,Direct Reciprocity Mode 2 (Memory Ledger Search),2,1,10,10,10,100,1,0.5,0.0,0.0,100,100,0.1,0.5,0.2,3,1,genHalfAndHalf,1,10,17,61042,Config_62,1,"sub(10, mul(DonorInMemory, DonorAction))",-DonorAction*DonorInMemory + 10,Paranoid (Remember Everyone),66.87,59.79,-26.6,87.0,56.78,
2026-05-04_01-13,Local_VSCode,DR2_Config_62_R2,Direct Reciprocity Mode 2 (Memory Ledger Search),2,1,10,10,10,100,1,0.5,0.0,0.0,100,100,0.1,0.5,0.2,3,1,genHalfAndHalf,1,10,17,61043,Config_62,2,"sub(add(add(1, DonorInMemory), add(DonorAction, DonorAction)), mul(add(DonorAction, DonorInMemory), mul(DonorInMemory, 1)))",2*DonorAction - DonorInMemory*(DonorAction + DonorInMemory) + DonorInMemory + 1,Paranoid (Remember Everyone),65.63,58.64,-20.8,82.33,54.42,
2026-05-04_01-15,Local_VSCode,DR2_Config_62_R3,Direct Reciprocity Mode 2 (Memory Ledger Search),2,1,10,10,10,100,1,0.5,0.0,0.0,100,100,0.1,0.5,0.2,3,1,genHalfAndHalf,1,10,17,61044,Config_62,3,"add(add(1, 1), 1)",3,Paranoid (Remember Everyone),65.57,59.47,-22.2,84.2,53.98,
2026-05-04_01-17,Local_VSCode,DR2_Config_62_R4,Direct Reciprocity Mode 2 (Memory Ledger Search),2,1,10,10,10,100,1,0.5,0.0,0.0,100,100,0.1,0.5,0.2,3,1,genHalfAndHalf,1,10,17,61045,Config_62,4,"add(add(add(1, 10), add(1, DonorInMemory)), 1)",DonorInMemory + 13,Paranoid (Remember Everyone),66.67,59.06,-23.73,82.4,56.24,
2026-05-04_01-20,Local_VSCode,DR2_Config_62_R5,Direct Reciprocity Mode 2 (Memory Ledger Search),2,1,10,10,10,100,1,0.5,0.0,0.0,100,100,0.1,0.5,0.2,3,1,genHalfAndHalf,1,10,17,61046,Config_62,5,"add(sub(mul(1, mul(0, -10)), sub(-1, DonorAction)), add(mul(-10, 0), DonorAction))",2*DonorAction + 1,Paranoid (Remember Everyone),65.5,56.69,-22.73,82.13,55.66,
2026-05-04_01-22,Local_VSCode,DR2_Config_63_R1,Direct Reciprocity Mode 2 (Memory Ledger Search),2,1,10,10,10,100,1,0.5,0.0,0.0,100,100,0.5,0.5,0.2,3,1,genHalfAndHalf,1,3,17,62042,Config_63,1,"sub(DonorInMemory, -1)",DonorInMemory + 1,Paranoid (Remember Everyone),64.87,53.2,-20.73,82.8,55.7,
2026-05-04_01-24,Local_VSCode,DR2_Config_63_R2,Direct Reciprocity Mode 2 (Memory Ledger Search),2,1,10,10,10,100,1,0.5,0.0,0.0,100,100,0.5,0.5,0.2,3,1,genHalfAndHalf,1,3,17,62043,Config_63,2,"add(1, 1)",2,Paranoid (Remember Everyone),66.4,57.37,-24.33,84.4,56.74,
2026-05-04_01-27,Local_VSCode,DR2_Config_63_R3,Direct Reciprocity Mode 2 (Memory Ledger Search),2,1,10,10,10,100,1,0.5,0.0,0.0,100,100,0.5,0.5,0.2,3,1,genHalfAndHalf,1,3,17,62044,Config_63,3,"add(1, DonorInMemory)",DonorInMemory + 1,Paranoid (Remember Everyone),66.0,54.9,-24.8,85.87,54.96,
2026-05-04_01-29,Local_VSCode,DR2_Config_63_R4,Direct Reciprocity Mode 2 (Memory Ledger Search),2,1,10,10,10,100,1,0.5,0.0,0.0,100,100,0.5,0.5,0.2,3,1,genHalfAndHalf,1,3,17,62045,Config_63,4,"add(1, 1)",2,Paranoid (Remember Everyone),65.9,59.41,-22.93,84.6,53.52,
2026-05-04_01-31,Local_VSCode,DR2_Config_63_R5,Direct Reciprocity Mode 2 (Memory Ledger Search),2,1,10,10,10,100,1,0.5,0.0,0.0,100,100,0.5,0.5,0.2,3,1,genHalfAndHalf,1,3,17,62046,Config_63,5,"add(10, 10)",20,Paranoid (Remember Everyone),66.07,58.26,-24.2,83.53,58.38,
2026-05-04_01-33,Local_VSCode,DR2_Config_64_R1,Direct Reciprocity Mode 2 (Memory Ledger Search),2,1,10,10,10,100,1,0.5,0.0,0.0,100,100,0.5,0.5,0.2,3,1,genHalfAndHalf,1,10,17,63042,Config_64,1,"add(1, 10)",11,Paranoid (Remember Everyone),65.73,58.65,-23.8,84.93,56.44,
2026-05-04_01-35,Local_VSCode,DR2_Config_64_R2,Direct Reciprocity Mode 2 (Memory Ledger Search),2,1,10,10,10,100,1,0.5,0.0,0.0,100,100,0.5,0.5,0.2,3,1,genHalfAndHalf,1,10,17,63043,Config_64,2,"sub(DonorAction, -10)",DonorAction + 10,Paranoid (Remember Everyone),64.83,51.52,-24.27,85.93,56.5,
2026-05-04_01-37,Local_VSCode,DR2_Config_64_R3,Direct Reciprocity Mode 2 (Memory Ledger Search),2,1,10,10,10,100,1,0.5,0.0,0.0,100,100,0.5,0.5,0.2,3,1,genHalfAndHalf,1,10,17,63044,Config_64,3,"add(DonorInMemory, 10)",DonorInMemory + 10,Paranoid (Remember Everyone),65.5,56.78,-24.0,84.4,55.02,
2026-05-04_01-40,Local_VSCode,DR2_Config_64_R4,Direct Reciprocity Mode 2 (Memory Ledger Search),2,1,10,10,10,100,1,0.5,0.0,0.0,100,100,0.5,0.5,0.2,3,1,genHalfAndHalf,1,10,17,63045,Config_64,4,"add(10, 1)",11,Paranoid (Remember Everyone),66.17,57.68,-25.07,85.87,52.04,
2026-05-04_01-42,Local_VSCode,DR2_Config_64_R5,Direct Reciprocity Mode 2 (Memory Ledger Search),2,1,10,10,10,100,1,0.5,0.0,0.0,100,100,0.5,0.5,0.2,3,1,genHalfAndHalf,1,10,17,63046,Config_64,5,"add(DonorAction, 10)",DonorAction + 10,Paranoid (Remember Everyone),67.4,57.97,-28.33,86.33,56.26,
2026-05-04_01-42,Local_VSCode,DR2_Config_65_R1,Direct Reciprocity Mode 2 (Memory Ledger Search),5,1,10,0,0,10,1,0.5,0.0,0.0,10,100,0.1,0.5,0.2,3,1,genHalfAndHalf,1,3,17,64042,Config_65,1,"mul(DonorInMemory, 10)",10*DonorInMemory,"Novel Rule: (True, False, True, False)",40.0,37.11,0.0,0.0,40.0,
2026-05-04_01-42,Local_VSCode,DR2_Config_65_R2,Direct Reciprocity Mode 2 (Memory Ledger Search),5,1,10,0,0,10,1,0.5,0.0,0.0,10,100,0.1,0.5,0.2,3,1,genHalfAndHalf,1,3,17,64043,Config_65,2,"sub(DonorInMemory, 0)",DonorInMemory,"Novel Rule: (True, False, True, False)",40.0,38.28,0.0,0.0,40.0,
2026-05-04_01-42,Local_VSCode,DR2_Config_65_R3,Direct Reciprocity Mode 2 (Memory Ledger Search),5,1,10,0,0,10,1,0.5,0.0,0.0,10,100,0.1,0.5,0.2,3,1,genHalfAndHalf,1,3,17,64044,Config_65,3,"sub(10, 10)",0,Amnesia (Remember No One),40.0,40.0,0.0,0.0,40.0,
2026-05-04_01-42,Local_VSCode,DR2_Config_65_R4,Direct Reciprocity Mode 2 (Memory Ledger Search),5,1,10,0,0,10,1,0.5,0.0,0.0,10,100,0.1,0.5,0.2,3,1,genHalfAndHalf,1,3,17,64045,Config_65,4,"mul(DonorInMemory, DonorAction)",DonorAction*DonorInMemory,"Novel Rule: (True, False, False, False)",40.0,36.25,0.0,0.0,40.0,
2026-05-04_01-42,Local_VSCode,DR2_Config_65_R5,Direct Reciprocity Mode 2 (Memory Ledger Search),5,1,10,0,0,10,1,0.5,0.0,0.0,10,100,0.1,0.5,0.2,3,1,genHalfAndHalf,1,3,17,64046,Config_65,5,"mul(-1, DonorAction)",-DonorAction,Amnesia (Remember No One),40.0,38.69,0.0,0.0,40.0,
2026-05-04_01-42,Local_VSCode,DR2_Config_66_R1,Direct Reciprocity Mode 2 (Memory Ledger Search),5,1,10,0,0,10,1,0.5,0.0,0.0,10,100,0.1,0.5,0.2,3,1,genHalfAndHalf,1,10,17,65042,Config_66,1,"add(-1, DonorAction)",DonorAction - 1,Amnesia (Remember No One),40.0,40.0,0.0,0.0,40.0,
2026-05-04_01-42,Local_VSCode,DR2_Config_66_R2,Direct Reciprocity Mode 2 (Memory Ledger Search),5,1,10,0,0,10,1,0.5,0.0,0.0,10,100,0.1,0.5,0.2,3,1,genHalfAndHalf,1,10,17,65043,Config_66,2,"mul(DonorInMemory, DonorAction)",DonorAction*DonorInMemory,"Novel Rule: (True, False, False, False)",40.0,38.71,0.0,0.0,40.0,
2026-05-04_01-42,Local_VSCode,DR2_Config_66_R3,Direct Reciprocity Mode 2 (Memory Ledger Search),5,1,10,0,0,10,1,0.5,0.0,0.0,10,100,0.1,0.5,0.2,3,1,genHalfAndHalf,1,10,17,65044,Config_66,3,"add(DonorInMemory, DonorInMemory)",2*DonorInMemory,"Novel Rule: (True, False, True, False)",40.0,40.0,0.0,0.0,40.0,
2026-05-04_01-42,Local_VSCode,DR2_Config_66_R4,Direct Reciprocity Mode 2 (Memory Ledger Search),5,1,10,0,0,10,1,0.5,0.0,0.0,10,100,0.1,0.5,0.2,3,1,genHalfAndHalf,1,10,17,65045,Config_66,4,"add(DonorInMemory, -10)",DonorInMemory - 10,Amnesia (Remember No One),40.0,40.0,0.0,0.0,40.0,
2026-05-04_01-42,Local_VSCode,DR2_Config_66_R5,Direct Reciprocity Mode 2 (Memory Ledger Search),5,1,10,0,0,10,1,0.5,0.0,0.0,10,100,0.1,0.5,0.2,3,1,genHalfAndHalf,1,10,17,65046,Config_66,5,"add(0, DonorInMemory)",DonorInMemory,"Novel Rule: (True, False, True, False)",40.0,40.0,0.0,0.0,40.0,
2026-05-04_01-42,Local_VSCode,DR2_Config_67_R1,Direct Reciprocity Mode 2 (Memory Ledger Search),5,1,10,0,0,10,1,0.5,0.0,0.0,10,100,0.5,0.5,0.2,3,1,genHalfAndHalf,1,3,17,66042,Config_67,1,"sub(DonorInMemory, DonorAction)",-DonorAction + DonorInMemory,"Novel Rule: (False, False, True, False)",40.0,40.0,0.0,0.0,40.0,
2026-05-04_01-42,Local_VSCode,DR2_Config_67_R2,Direct Reciprocity Mode 2 (Memory Ledger Search),5,1,10,0,0,10,1,0.5,0.0,0.0,10,100,0.5,0.5,0.2,3,1,genHalfAndHalf,1,3,17,66043,Config_67,2,"sub(DonorInMemory, DonorInMemory)",0,Amnesia (Remember No One),40.0,38.63,0.0,0.0,40.0,
2026-05-04_01-42,Local_VSCode,DR2_Config_67_R3,Direct Reciprocity Mode 2 (Memory Ledger Search),5,1,10,0,0,10,1,0.5,0.0,0.0,10,100,0.5,0.5,0.2,3,1,genHalfAndHalf,1,3,17,66044,Config_67,3,"sub(DonorInMemory, 10)",DonorInMemory - 10,Amnesia (Remember No One),40.0,38.39,0.0,0.0,40.0,
2026-05-04_01-42,Local_VSCode,DR2_Config_67_R4,Direct Reciprocity Mode 2 (Memory Ledger Search),5,1,10,0,0,10,1,0.5,0.0,0.0,10,100,0.5,0.5,0.2,3,1,genHalfAndHalf,1,3,17,66045,Config_67,4,"mul(DonorInMemory, DonorInMemory)",DonorInMemory**2,"Novel Rule: (True, False, True, False)",40.0,40.0,0.0,0.0,40.0,
2026-05-04_01-42,Local_VSCode,DR2_Config_67_R5,Direct Reciprocity Mode 2 (Memory Ledger Search),5,1,10,0,0,10,1,0.5,0.0,0.0,10,100,0.5,0.5,0.2,3,1,genHalfAndHalf,1,3,17,66046,Config_67,5,"add(DonorInMemory, -10)",DonorInMemory - 10,Amnesia (Remember No One),40.0,40.0,0.0,0.0,40.0,
2026-05-04_01-42,Local_VSCode,DR2_Config_68_R1,Direct Reciprocity Mode 2 (Memory Ledger Search),5,1,10,0,0,10,1,0.5,0.0,0.0,10,100,0.5,0.5,0.2,3,1,genHalfAndHalf,1,10,17,67042,Config_68,1,"sub(-10, DonorAction)",-DonorAction - 10,Amnesia (Remember No One),40.0,38.33,0.0,0.0,40.0,
2026-05-04_01-42,Local_VSCode,DR2_Config_68_R2,Direct Reciprocity Mode 2 (Memory Ledger Search),5,1,10,0,0,10,1,0.5,0.0,0.0,10,100,0.5,0.5,0.2,3,1,genHalfAndHalf,1,10,17,67043,Config_68,2,"mul(DonorInMemory, DonorInMemory)",DonorInMemory**2,"Novel Rule: (True, False, True, False)",40.0,40.0,0.0,0.0,40.0,
2026-05-04_01-42,Local_VSCode,DR2_Config_68_R3,Direct Reciprocity Mode 2 (Memory Ledger Search),5,1,10,0,0,10,1,0.5,0.0,0.0,10,100,0.5,0.5,0.2,3,1,genHalfAndHalf,1,10,17,67044,Config_68,3,"mul(0, 0)",0,Amnesia (Remember No One),40.0,38.69,0.0,0.0,40.0,
2026-05-04_01-42,Local_VSCode,DR2_Config_68_R4,Direct Reciprocity Mode 2 (Memory Ledger Search),5,1,10,0,0,10,1,0.5,0.0,0.0,10,100,0.5,0.5,0.2,3,1,genHalfAndHalf,1,10,17,67045,Config_68,4,"sub(0, DonorAction)",-DonorAction,Amnesia (Remember No One),40.0,38.33,0.0,0.0,40.0,
2026-05-04_01-42,Local_VSCode,DR2_Config_68_R5,Direct Reciprocity Mode 2 (Memory Ledger Search),5,1,10,0,0,10,1,0.5,0.0,0.0,10,100,0.5,0.5,0.2,3,1,genHalfAndHalf,1,10,17,67046,Config_68,5,"add(-1, DonorInMemory)",DonorInMemory - 1,Amnesia (Remember No One),40.0,38.51,0.0,0.0,40.0,
2026-05-04_01-42,Local_VSCode,DR2_Config_69_R1,Direct Reciprocity Mode 2 (Memory Ledger Search),5,1,10,0,0,10,1,0.5,0.0,0.0,100,100,0.1,0.5,0.2,3,1,genHalfAndHalf,1,3,17,68042,Config_69,1,"add(DonorInMemory, DonorInMemory)",2*DonorInMemory,"Novel Rule: (True, False, True, False)",40.0,39.54,0.0,0.0,40.0,
2026-05-04_01-43,Local_VSCode,DR2_Config_69_R2,Direct Reciprocity Mode 2 (Memory Ledger Search),5,1,10,0,0,10,1,0.5,0.0,0.0,100,100,0.1,0.5,0.2,3,1,genHalfAndHalf,1,3,17,68043,Config_69,2,"mul(-10, DonorAction)",-10*DonorAction,Amnesia (Remember No One),40.0,39.31,0.0,0.0,40.0,
2026-05-04_01-43,Local_VSCode,DR2_Config_69_R3,Direct Reciprocity Mode 2 (Memory Ledger Search),5,1,10,0,0,10,1,0.5,0.0,0.0,100,100,0.1,0.5,0.2,3,1,genHalfAndHalf,1,3,17,68044,Config_69,3,"mul(DonorAction, DonorInMemory)",DonorAction*DonorInMemory,"Novel Rule: (True, False, False, False)",40.0,39.05,0.0,0.0,40.0,
2026-05-04_01-43,Local_VSCode,DR2_Config_69_R4,Direct Reciprocity Mode 2 (Memory Ledger Search),5,1,10,0,0,10,1,0.5,0.0,0.0,100,100,0.1,0.5,0.2,3,1,genHalfAndHalf,1,3,17,68045,Config_69,4,"mul(DonorInMemory, 0)",0,Amnesia (Remember No One),40.0,39.63,0.0,0.0,40.0,
2026-05-04_01-43,Local_VSCode,DR2_Config_69_R5,Direct Reciprocity Mode 2 (Memory Ledger Search),5,1,10,0,0,10,1,0.5,0.0,0.0,100,100,0.1,0.5,0.2,3,1,genHalfAndHalf,1,3,17,68046,Config_69,5,"mul(DonorInMemory, DonorInMemory)",DonorInMemory**2,"Novel Rule: (True, False, True, False)",40.0,39.56,0.0,0.0,40.0,
2026-05-04_01-43,Local_VSCode,DR2_Config_70_R1,Direct Reciprocity Mode 2 (Memory Ledger Search),5,1,10,0,0,10,1,0.5,0.0,0.0,100,100,0.1,0.5,0.2,3,1,genHalfAndHalf,1,10,17,69042,Config_70,1,"mul(DonorInMemory, DonorInMemory)",DonorInMemory**2,"Novel Rule: (True, False, True, False)",40.0,39.75,0.0,0.0,40.0,
2026-05-04_01-43,Local_VSCode,DR2_Config_70_R2,Direct Reciprocity Mode 2 (Memory Ledger Search),5,1,10,0,0,10,1,0.5,0.0,0.0,100,100,0.1,0.5,0.2,3,1,genHalfAndHalf,1,10,17,69043,Config_70,2,"sub(DonorInMemory, DonorInMemory)",0,Amnesia (Remember No One),40.0,39.31,0.0,0.0,40.0,
2026-05-04_01-43,Local_VSCode,DR2_Config_70_R3,Direct Reciprocity Mode 2 (Memory Ledger Search),5,1,10,0,0,10,1,0.5,0.0,0.0,100,100,0.1,0.5,0.2,3,1,genHalfAndHalf,1,10,17,69044,Config_70,3,"mul(-1, DonorAction)",-DonorAction,Amnesia (Remember No One),40.0,38.38,0.0,0.0,40.0,
2026-05-04_01-43,Local_VSCode,DR2_Config_70_R4,Direct Reciprocity Mode 2 (Memory Ledger Search),5,1,10,0,0,10,1,0.5,0.0,0.0,100,100,0.1,0.5,0.2,3,1,genHalfAndHalf,1,10,17,69045,Config_70,4,"sub(DonorInMemory, DonorInMemory)",0,Amnesia (Remember No One),40.0,39.35,0.0,0.0,40.0,
2026-05-04_01-44,Local_VSCode,DR2_Config_70_R5,Direct Reciprocity Mode 2 (Memory Ledger Search),5,1,10,0,0,10,1,0.5,0.0,0.0,100,100,0.1,0.5,0.2,3,1,genHalfAndHalf,1,10,17,69046,Config_70,5,"mul(DonorInMemory, DonorInMemory)",DonorInMemory**2,"Novel Rule: (True, False, True, False)",40.0,39.57,0.0,0.0,40.0,
2026-05-04_01-44,Local_VSCode,DR2_Config_71_R1,Direct Reciprocity Mode 2 (Memory Ledger Search),5,1,10,0,0,10,1,0.5,0.0,0.0,100,100,0.5,0.5,0.2,3,1,genHalfAndHalf,1,3,17,70042,Config_71,1,"add(DonorInMemory, 0)",DonorInMemory,"Novel Rule: (True, False, True, False)",40.0,39.87,0.0,0.0,40.0,
2026-05-04_01-44,Local_VSCode,DR2_Config_71_R2,Direct Reciprocity Mode 2 (Memory Ledger Search),5,1,10,0,0,10,1,0.5,0.0,0.0,100,100,0.5,0.5,0.2,3,1,genHalfAndHalf,1,3,17,70043,Config_71,2,"mul(10, DonorInMemory)",10*DonorInMemory,"Novel Rule: (True, False, True, False)",40.0,39.08,0.0,0.0,40.0,
2026-05-04_01-44,Local_VSCode,DR2_Config_71_R3,Direct Reciprocity Mode 2 (Memory Ledger Search),5,1,10,0,0,10,1,0.5,0.0,0.0,100,100,0.5,0.5,0.2,3,1,genHalfAndHalf,1,3,17,70044,Config_71,3,"sub(DonorInMemory, DonorInMemory)",0,Amnesia (Remember No One),40.0,38.43,0.0,0.0,40.0,
2026-05-04_01-44,Local_VSCode,DR2_Config_71_R4,Direct Reciprocity Mode 2 (Memory Ledger Search),5,1,10,0,0,10,1,0.5,0.0,0.0,100,100,0.5,0.5,0.2,3,1,genHalfAndHalf,1,3,17,70045,Config_71,4,"add(-1, DonorAction)",DonorAction - 1,Amnesia (Remember No One),40.0,38.87,0.0,0.0,40.0,
2026-05-04_01-44,Local_VSCode,DR2_Config_71_R5,Direct Reciprocity Mode 2 (Memory Ledger Search),5,1,10,0,0,10,1,0.5,0.0,0.0,100,100,0.5,0.5,0.2,3,1,genHalfAndHalf,1,3,17,70046,Config_71,5,"sub(0, DonorInMemory)",-DonorInMemory,Amnesia (Remember No One),40.0,39.3,0.0,0.0,40.0,
2026-05-04_01-44,Local_VSCode,DR2_Config_72_R1,Direct Reciprocity Mode 2 (Memory Ledger Search),5,1,10,0,0,10,1,0.5,0.0,0.0,100,100,0.5,0.5,0.2,3,1,genHalfAndHalf,1,10,17,71042,Config_72,1,"mul(-1, DonorInMemory)",-DonorInMemory,Amnesia (Remember No One),40.0,39.09,0.0,0.0,40.0,
2026-05-04_01-44,Local_VSCode,DR2_Config_72_R2,Direct Reciprocity Mode 2 (Memory Ledger Search),5,1,10,0,0,10,1,0.5,0.0,0.0,100,100,0.5,0.5,0.2,3,1,genHalfAndHalf,1,10,17,71043,Config_72,2,"mul(DonorInMemory, DonorAction)",DonorAction*DonorInMemory,"Novel Rule: (True, False, False, False)",40.0,39.73,0.0,0.0,40.0,
2026-05-04_01-45,Local_VSCode,DR2_Config_72_R3,Direct Reciprocity Mode 2 (Memory Ledger Search),5,1,10,0,0,10,1,0.5,0.0,0.0,100,100,0.5,0.5,0.2,3,1,genHalfAndHalf,1,10,17,71044,Config_72,3,"sub(DonorAction, DonorAction)",0,Amnesia (Remember No One),40.0,38.05,0.0,0.0,40.0,
2026-05-04_01-45,Local_VSCode,DR2_Config_72_R4,Direct Reciprocity Mode 2 (Memory Ledger Search),5,1,10,0,0,10,1,0.5,0.0,0.0,100,100,0.5,0.5,0.2,3,1,genHalfAndHalf,1,10,17,71045,Config_72,4,"sub(0, 10)",-10,Amnesia (Remember No One),40.0,39.15,0.0,0.0,40.0,
2026-05-04_01-45,Local_VSCode,DR2_Config_72_R5,Direct Reciprocity Mode 2 (Memory Ledger Search),5,1,10,0,0,10,1,0.5,0.0,0.0,100,100,0.5,0.5,0.2,3,1,genHalfAndHalf,1,10,17,71046,Config_72,5,"mul(DonorInMemory, DonorAction)",DonorAction*DonorInMemory,"Novel Rule: (True, False, False, False)",40.0,39.32,0.0,0.0,40.0,
2026-05-04_01-45,Local_VSCode,DR2_Config_73_R1,Direct Reciprocity Mode 2 (Memory Ledger Search),5,1,10,0,0,100,1,0.5,0.0,0.0,10,100,0.1,0.5,0.2,3,1,genHalfAndHalf,1,3,17,72042,Config_73,1,"add(-10, DonorInMemory)",DonorInMemory - 10,Amnesia (Remember No One),400.0,361.04,0.0,0.0,400.0,
2026-05-04_01-45,Local_VSCode,DR2_Config_73_R2,Direct Reciprocity Mode 2 (Memory Ledger Search),5,1,10,0,0,100,1,0.5,0.0,0.0,10,100,0.1,0.5,0.2,3,1,genHalfAndHalf,1,3,17,72043,Config_73,2,"sub(-10, DonorInMemory)",-DonorInMemory - 10,Amnesia (Remember No One),400.0,380.59,0.0,0.0,400.0,
2026-05-04_01-45,Local_VSCode,DR2_Config_73_R3,Direct Reciprocity Mode 2 (Memory Ledger Search),5,1,10,0,0,100,1,0.5,0.0,0.0,10,100,0.1,0.5,0.2,3,1,genHalfAndHalf,1,3,17,72044,Config_73,3,"sub(DonorInMemory, DonorAction)",-DonorAction + DonorInMemory,"Novel Rule: (False, False, True, False)",400.0,362.95,0.0,0.0,400.0,
2026-05-04_01-45,Local_VSCode,DR2_Config_73_R4,Direct Reciprocity Mode 2 (Memory Ledger Search),5,1,10,0,0,100,1,0.5,0.0,0.0,10,100,0.1,0.5,0.2,3,1,genHalfAndHalf,1,3,17,72045,Config_73,4,"sub(-1, DonorInMemory)",-DonorInMemory - 1,Amnesia (Remember No One),400.0,367.37,0.0,0.0,400.0,
2026-05-04_01-45,Local_VSCode,DR2_Config_73_R5,Direct Reciprocity Mode 2 (Memory Ledger Search),5,1,10,0,0,100,1,0.5,0.0,0.0,10,100,0.1,0.5,0.2,3,1,genHalfAndHalf,1,3,17,72046,Config_73,5,"mul(-1, 0)",0,Amnesia (Remember No One),400.0,400.0,0.0,0.0,400.0,
2026-05-04_01-45,Local_VSCode,DR2_Config_74_R1,Direct Reciprocity Mode 2 (Memory Ledger Search),5,1,10,0,0,100,1,0.5,0.0,0.0,10,100,0.1,0.5,0.2,3,1,genHalfAndHalf,1,10,17,73042,Config_74,1,"add(DonorInMemory, DonorInMemory)",2*DonorInMemory,"Novel Rule: (True, False, True, False)",400.0,363.24,0.0,0.0,400.0,
2026-05-04_01-45,Local_VSCode,DR2_Config_74_R2,Direct Reciprocity Mode 2 (Memory Ledger Search),5,1,10,0,0,100,1,0.5,0.0,0.0,10,100,0.1,0.5,0.2,3,1,genHalfAndHalf,1,10,17,73043,Config_74,2,"mul(10, -10)",-100,Amnesia (Remember No One),400.0,363.55,0.0,0.0,400.0,
2026-05-04_01-45,Local_VSCode,DR2_Config_74_R3,Direct Reciprocity Mode 2 (Memory Ledger Search),5,1,10,0,0,100,1,0.5,0.0,0.0,10,100,0.1,0.5,0.2,3,1,genHalfAndHalf,1,10,17,73044,Config_74,3,"mul(DonorInMemory, DonorAction)",DonorAction*DonorInMemory,"Novel Rule: (True, False, False, False)",400.0,400.0,0.0,0.0,400.0,
2026-05-04_01-46,Local_VSCode,DR2_Config_74_R4,Direct Reciprocity Mode 2 (Memory Ledger Search),5,1,10,0,0,100,1,0.5,0.0,0.0,10,100,0.1,0.5,0.2,3,1,genHalfAndHalf,1,10,17,73045,Config_74,4,"sub(DonorAction, DonorAction)",0,Amnesia (Remember No One),400.0,400.0,0.0,0.0,400.0,
2026-05-04_01-46,Local_VSCode,DR2_Config_74_R5,Direct Reciprocity Mode 2 (Memory Ledger Search),5,1,10,0,0,100,1,0.5,0.0,0.0,10,100,0.1,0.5,0.2,3,1,genHalfAndHalf,1,10,17,73046,Config_74,5,"sub(0, DonorAction)",-DonorAction,Amnesia (Remember No One),400.0,363.24,0.0,0.0,400.0,
2026-05-04_01-46,Local_VSCode,DR2_Config_75_R1,Direct Reciprocity Mode 2 (Memory Ledger Search),5,1,10,0,0,100,1,0.5,0.0,0.0,10,100,0.5,0.5,0.2,3,1,genHalfAndHalf,1,3,17,74042,Config_75,1,"sub(DonorInMemory, 10)",DonorInMemory - 10,Amnesia (Remember No One),400.0,343.97,0.0,0.0,400.0,
2026-05-04_01-46,Local_VSCode,DR2_Config_75_R2,Direct Reciprocity Mode 2 (Memory Ledger Search),5,1,10,0,0,100,1,0.5,0.0,0.0,10,100,0.5,0.5,0.2,3,1,genHalfAndHalf,1,3,17,74043,Config_75,2,"sub(DonorAction, DonorAction)",0,Amnesia (Remember No One),400.0,387.28,0.0,0.0,400.0,
2026-05-04_01-46,Local_VSCode,DR2_Config_75_R3,Direct Reciprocity Mode 2 (Memory Ledger Search),5,1,10,0,0,100,1,0.5,0.0,0.0,10,100,0.5,0.5,0.2,3,1,genHalfAndHalf,1,3,17,74044,Config_75,3,"add(DonorAction, -1)",DonorAction - 1,Amnesia (Remember No One),400.0,381.33,0.0,0.0,400.0,
2026-05-04_01-46,Local_VSCode,DR2_Config_75_R4,Direct Reciprocity Mode 2 (Memory Ledger Search),5,1,10,0,0,100,1,0.5,0.0,0.0,10,100,0.5,0.5,0.2,3,1,genHalfAndHalf,1,3,17,74045,Config_75,4,"mul(DonorAction, DonorInMemory)",DonorAction*DonorInMemory,"Novel Rule: (True, False, False, False)",400.0,386.89,0.0,0.0,400.0,
2026-05-04_01-46,Local_VSCode,DR2_Config_75_R5,Direct Reciprocity Mode 2 (Memory Ledger Search),5,1,10,0,0,100,1,0.5,0.0,0.0,10,100,0.5,0.5,0.2,3,1,genHalfAndHalf,1,3,17,74046,Config_75,5,"sub(DonorAction, DonorAction)",0,Amnesia (Remember No One),400.0,400.0,0.0,0.0,400.0,
2026-05-04_01-46,Local_VSCode,DR2_Config_76_R1,Direct Reciprocity Mode 2 (Memory Ledger Search),5,1,10,0,0,100,1,0.5,0.0,0.0,10,100,0.5,0.5,0.2,3,1,genHalfAndHalf,1,10,17,75042,Config_76,1,"mul(DonorAction, -1)",-DonorAction,Amnesia (Remember No One),400.0,324.68,0.0,0.0,400.0,
2026-05-04_01-46,Local_VSCode,DR2_Config_76_R2,Direct Reciprocity Mode 2 (Memory Ledger Search),5,1,10,0,0,100,1,0.5,0.0,0.0,10,100,0.5,0.5,0.2,3,1,genHalfAndHalf,1,10,17,75043,Config_76,2,"mul(DonorAction, -1)",-DonorAction,Amnesia (Remember No One),400.0,400.0,0.0,0.0,400.0,
2026-05-04_01-46,Local_VSCode,DR2_Config_76_R3,Direct Reciprocity Mode 2 (Memory Ledger Search),5,1,10,0,0,100,1,0.5,0.0,0.0,10,100,0.5,0.5,0.2,3,1,genHalfAndHalf,1,10,17,75044,Config_76,3,"mul(-1, DonorInMemory)",-DonorInMemory,Amnesia (Remember No One),400.0,400.0,0.0,0.0,400.0,
2026-05-04_01-46,Local_VSCode,DR2_Config_76_R4,Direct Reciprocity Mode 2 (Memory Ledger Search),5,1,10,0,0,100,1,0.5,0.0,0.0,10,100,0.5,0.5,0.2,3,1,genHalfAndHalf,1,10,17,75045,Config_76,4,"mul(DonorAction, -1)",-DonorAction,Amnesia (Remember No One),400.0,380.67,0.0,0.0,400.0,
2026-05-04_01-46,Local_VSCode,DR2_Config_76_R5,Direct Reciprocity Mode 2 (Memory Ledger Search),5,1,10,0,0,100,1,0.5,0.0,0.0,10,100,0.5,0.5,0.2,3,1,genHalfAndHalf,1,10,17,75046,Config_76,5,"mul(-1, DonorInMemory)",-DonorInMemory,Amnesia (Remember No One),400.0,363.56,0.0,0.0,400.0,
2026-05-04_01-47,Local_VSCode,DR2_Config_77_R1,Direct Reciprocity Mode 2 (Memory Ledger Search),5,1,10,0,0,100,1,0.5,0.0,0.0,100,100,0.1,0.5,0.2,3,1,genHalfAndHalf,1,3,17,76042,Config_77,1,"sub(DonorInMemory, DonorInMemory)",0,Amnesia (Remember No One),400.0,374.57,0.0,0.0,400.0,
2026-05-04_01-48,Local_VSCode,DR2_Config_77_R2,Direct Reciprocity Mode 2 (Memory Ledger Search),5,1,10,0,0,100,1,0.5,0.0,0.0,100,100,0.1,0.5,0.2,3,1,genHalfAndHalf,1,3,17,76043,Config_77,2,"mul(DonorInMemory, DonorInMemory)",DonorInMemory**2,"Novel Rule: (True, False, True, False)",400.0,382.95,0.0,0.0,400.0,
2026-05-04_01-49,Local_VSCode,DR2_Config_77_R3,Direct Reciprocity Mode 2 (Memory Ledger Search),5,1,10,0,0,100,1,0.5,0.0,0.0,100,100,0.1,0.5,0.2,3,1,genHalfAndHalf,1,3,17,76044,Config_77,3,"mul(DonorInMemory, 0)",0,Amnesia (Remember No One),400.0,388.82,0.0,0.0,400.0,
2026-05-04_01-49,Local_VSCode,DR2_Config_77_R4,Direct Reciprocity Mode 2 (Memory Ledger Search),5,1,10,0,0,100,1,0.5,0.0,0.0,100,100,0.1,0.5,0.2,3,1,genHalfAndHalf,1,3,17,76045,Config_77,4,"sub(DonorInMemory, 10)",DonorInMemory - 10,Amnesia (Remember No One),400.0,369.65,0.0,0.0,400.0,
2026-05-04_01-50,Local_VSCode,DR2_Config_77_R5,Direct Reciprocity Mode 2 (Memory Ledger Search),5,1,10,0,0,100,1,0.5,0.0,0.0,100,100,0.1,0.5,0.2,3,1,genHalfAndHalf,1,3,17,76046,Config_77,5,"mul(DonorAction, 0)",0,Amnesia (Remember No One),400.0,389.21,0.0,0.0,400.0,
2026-05-04_01-51,Local_VSCode,DR2_Config_78_R1,Direct Reciprocity Mode 2 (Memory Ledger Search),5,1,10,0,0,100,1,0.5,0.0,0.0,100,100,0.1,0.5,0.2,3,1,genHalfAndHalf,1,10,17,77042,Config_78,1,"mul(1, -10)",-10,Amnesia (Remember No One),400.0,396.33,0.0,0.0,400.0,
2026-05-04_01-51,Local_VSCode,DR2_Config_78_R2,Direct Reciprocity Mode 2 (Memory Ledger Search),5,1,10,0,0,100,1,0.5,0.0,0.0,100,100,0.1,0.5,0.2,3,1,genHalfAndHalf,1,10,17,77043,Config_78,2,"add(DonorInMemory, DonorInMemory)",2*DonorInMemory,"Novel Rule: (True, False, True, False)",400.0,376.64,0.0,0.0,400.0,
2026-05-04_01-52,Local_VSCode,DR2_Config_78_R3,Direct Reciprocity Mode 2 (Memory Ledger Search),5,1,10,0,0,100,1,0.5,0.0,0.0,100,100,0.1,0.5,0.2,3,1,genHalfAndHalf,1,10,17,77044,Config_78,3,"sub(0, DonorAction)",-DonorAction,Amnesia (Remember No One),400.0,385.78,0.0,0.0,400.0,
2026-05-04_01-53,Local_VSCode,DR2_Config_78_R4,Direct Reciprocity Mode 2 (Memory Ledger Search),5,1,10,0,0,100,1,0.5,0.0,0.0,100,100,0.1,0.5,0.2,3,1,genHalfAndHalf,1,10,17,77045,Config_78,4,"mul(DonorInMemory, DonorAction)",DonorAction*DonorInMemory,"Novel Rule: (True, False, False, False)",400.0,389.44,0.0,0.0,400.0,
2026-05-04_01-53,Local_VSCode,DR2_Config_78_R5,Direct Reciprocity Mode 2 (Memory Ledger Search),5,1,10,0,0,100,1,0.5,0.0,0.0,100,100,0.1,0.5,0.2,3,1,genHalfAndHalf,1,10,17,77046,Config_78,5,"mul(-1, DonorAction)",-DonorAction,Amnesia (Remember No One),400.0,383.73,0.0,0.0,400.0,
2026-05-04_01-54,Local_VSCode,DR2_Config_79_R1,Direct Reciprocity Mode 2 (Memory Ledger Search),5,1,10,0,0,100,1,0.5,0.0,0.0,100,100,0.5,0.5,0.2,3,1,genHalfAndHalf,1,3,17,78042,Config_79,1,"mul(DonorInMemory, DonorInMemory)",DonorInMemory**2,"Novel Rule: (True, False, True, False)",400.0,377.87,0.0,0.0,400.0,
2026-05-04_01-55,Local_VSCode,DR2_Config_79_R2,Direct Reciprocity Mode 2 (Memory Ledger Search),5,1,10,0,0,100,1,0.5,0.0,0.0,100,100,0.5,0.5,0.2,3,1,genHalfAndHalf,1,3,17,78043,Config_79,2,"sub(0, DonorAction)",-DonorAction,Amnesia (Remember No One),400.0,381.53,0.0,0.0,400.0,
2026-05-04_01-56,Local_VSCode,DR2_Config_79_R3,Direct Reciprocity Mode 2 (Memory Ledger Search),5,1,10,0,0,100,1,0.5,0.0,0.0,100,100,0.5,0.5,0.2,3,1,genHalfAndHalf,1,3,17,78044,Config_79,3,"mul(DonorInMemory, DonorAction)",DonorAction*DonorInMemory,"Novel Rule: (True, False, False, False)",400.0,385.31,0.0,0.0,400.0,
2026-05-04_01-56,Local_VSCode,DR2_Config_79_R4,Direct Reciprocity Mode 2 (Memory Ledger Search),5,1,10,0,0,100,1,0.5,0.0,0.0,100,100,0.5,0.5,0.2,3,1,genHalfAndHalf,1,3,17,78045,Config_79,4,"sub(DonorInMemory, 0)",DonorInMemory,"Novel Rule: (True, False, True, False)",400.0,363.12,0.0,0.0,400.0,
2026-05-04_01-57,Local_VSCode,DR2_Config_79_R5,Direct Reciprocity Mode 2 (Memory Ledger Search),5,1,10,0,0,100,1,0.5,0.0,0.0,100,100,0.5,0.5,0.2,3,1,genHalfAndHalf,1,3,17,78046,Config_79,5,"add(-10, 10)",0,Amnesia (Remember No One),400.0,356.26,0.0,0.0,400.0,
2026-05-04_01-58,Local_VSCode,DR2_Config_80_R1,Direct Reciprocity Mode 2 (Memory Ledger Search),5,1,10,0,0,100,1,0.5,0.0,0.0,100,100,0.5,0.5,0.2,3,1,genHalfAndHalf,1,10,17,79042,Config_80,1,"sub(0, DonorAction)",-DonorAction,Amnesia (Remember No One),400.0,383.2,0.0,0.0,400.0,
2026-05-04_01-58,Local_VSCode,DR2_Config_80_R2,Direct Reciprocity Mode 2 (Memory Ledger Search),5,1,10,0,0,100,1,0.5,0.0,0.0,100,100,0.5,0.5,0.2,3,1,genHalfAndHalf,1,10,17,79043,Config_80,2,"mul(DonorInMemory, DonorAction)",DonorAction*DonorInMemory,"Novel Rule: (True, False, False, False)",400.0,383.17,0.0,0.0,400.0,
2026-05-04_01-59,Local_VSCode,DR2_Config_80_R3,Direct Reciprocity Mode 2 (Memory Ledger Search),5,1,10,0,0,100,1,0.5,0.0,0.0,100,100,0.5,0.5,0.2,3,1,genHalfAndHalf,1,10,17,79044,Config_80,3,"sub(DonorAction, DonorAction)",0,Amnesia (Remember No One),400.0,387.09,0.0,0.0,400.0,
2026-05-04_02-00,Local_VSCode,DR2_Config_80_R4,Direct Reciprocity Mode 2 (Memory Ledger Search),5,1,10,0,0,100,1,0.5,0.0,0.0,100,100,0.5,0.5,0.2,3,1,genHalfAndHalf,1,10,17,79045,Config_80,4,"sub(DonorInMemory, DonorAction)",-DonorAction + DonorInMemory,"Novel Rule: (False, False, True, False)",400.0,390.77,0.0,0.0,400.0,
2026-05-04_02-00,Local_VSCode,DR2_Config_80_R5,Direct Reciprocity Mode 2 (Memory Ledger Search),5,1,10,0,0,100,1,0.5,0.0,0.0,100,100,0.5,0.5,0.2,3,1,genHalfAndHalf,1,10,17,79046,Config_80,5,"sub(-10, DonorAction)",-DonorAction - 10,Amnesia (Remember No One),400.0,370.37,0.0,0.0,400.0,
2026-05-04_02-01,Local_VSCode,DR2_Config_81_R1,Direct Reciprocity Mode 2 (Memory Ledger Search),5,1,10,0,10,10,1,0.5,0.0,0.0,10,100,0.1,0.5,0.2,3,1,genHalfAndHalf,1,3,17,80042,Config_81,1,"mul(DonorInMemory, DonorInMemory)",DonorInMemory**2,"Novel Rule: (True, False, True, False)",17.0,15.9,0.0,23.0,14.18,
2026-05-04_02-01,Local_VSCode,DR2_Config_81_R2,Direct Reciprocity Mode 2 (Memory Ledger Search),5,1,10,0,10,10,1,0.5,0.0,0.0,10,100,0.1,0.5,0.2,3,1,genHalfAndHalf,1,3,17,80043,Config_81,2,"add(DonorInMemory, DonorInMemory)",2*DonorInMemory,"Novel Rule: (True, False, True, False)",17.17,16.25,0.0,22.83,15.32,
2026-05-04_02-01,Local_VSCode,DR2_Config_81_R3,Direct Reciprocity Mode 2 (Memory Ledger Search),5,1,10,0,10,10,1,0.5,0.0,0.0,10,100,0.1,0.5,0.2,3,1,genHalfAndHalf,1,3,17,80044,Config_81,3,"mul(DonorInMemory, add(-1, 0))",-DonorInMemory,Amnesia (Remember No One),18.17,16.02,0.0,21.83,15.86,
2026-05-04_02-01,Local_VSCode,DR2_Config_81_R4,Direct Reciprocity Mode 2 (Memory Ledger Search),5,1,10,0,10,10,1,0.5,0.0,0.0,10,100,0.1,0.5,0.2,3,1,genHalfAndHalf,1,3,17,80045,Config_81,4,"add(DonorInMemory, add(-1, -1))",DonorInMemory - 2,Amnesia (Remember No One),18.83,14.07,0.0,21.17,13.22,
2026-05-04_02-01,Local_VSCode,DR2_Config_81_R5,Direct Reciprocity Mode 2 (Memory Ledger Search),5,1,10,0,10,10,1,0.5,0.0,0.0,10,100,0.1,0.5,0.2,3,1,genHalfAndHalf,1,3,17,80046,Config_81,5,"add(sub(DonorInMemory, 0), 0)",DonorInMemory,"Novel Rule: (True, False, True, False)",17.83,15.05,0.0,22.17,14.9,
2026-05-04_02-01,Local_VSCode,DR2_Config_82_R1,Direct Reciprocity Mode 2 (Memory Ledger Search),5,1,10,0,10,10,1,0.5,0.0,0.0,10,100,0.1,0.5,0.2,3,1,genHalfAndHalf,1,10,17,81042,Config_82,1,"mul(sub(-10, sub(DonorAction, DonorAction)), add(add(DonorInMemory, -1), add(DonorAction, add(add(DonorInMemory, -1), add(DonorAction, DonorAction)))))",-30*DonorAction - 20*DonorInMemory + 20,"Novel Rule: (False, False, False, True)",19.23,15.13,0.0,16.5,14.64,
2026-05-04_02-01,Local_VSCode,DR2_Config_82_R2,Direct Reciprocity Mode 2 (Memory Ledger Search),5,1,10,0,10,10,1,0.5,0.0,0.0,10,100,0.1,0.5,0.2,3,1,genHalfAndHalf,1,10,17,81043,Config_82,2,"mul(DonorAction, mul(DonorInMemory, DonorInMemory))",DonorAction*DonorInMemory**2,"Novel Rule: (True, False, False, False)",17.67,14.8,0.0,22.33,14.94,
2026-05-04_02-01,Local_VSCode,DR2_Config_82_R3,Direct Reciprocity Mode 2 (Memory Ledger Search),5,1,10,0,10,10,1,0.5,0.0,0.0,10,100,0.1,0.5,0.2,3,1,genHalfAndHalf,1,10,17,81044,Config_82,3,"mul(mul(DonorInMemory, DonorAction), sub(mul(DonorInMemory, mul(0, -10)), add(-1, DonorAction)))",DonorAction*DonorInMemory*(1 - DonorAction),Amnesia (Remember No One),17.83,15.13,0.0,22.17,13.32,
2026-05-04_02-01,Local_VSCode,DR2_Config_82_R4,Direct Reciprocity Mode 2 (Memory Ledger Search),5,1,10,0,10,10,1,0.5,0.0,0.0,10,100,0.1,0.5,0.2,3,1,genHalfAndHalf,1,10,17,81045,Config_82,4,"mul(DonorInMemory, mul(mul(10, DonorInMemory), DonorAction))",10*DonorAction*DonorInMemory**2,"Novel Rule: (True, False, False, False)",18.67,15.38,0.0,21.33,15.52,
2026-05-04_02-01,Local_VSCode,DR2_Config_82_R5,Direct Reciprocity Mode 2 (Memory Ledger Search),5,1,10,0,10,10,1,0.5,0.0,0.0,10,100,0.1,0.5,0.2,3,1,genHalfAndHalf,1,10,17,81046,Config_82,5,"mul(DonorAction, sub(sub(-10, DonorAction), mul(DonorInMemory, DonorInMemory)))",-DonorAction*(DonorAction + DonorInMemory**2 + 10),Amnesia (Remember No One),17.83,15.75,0.0,22.17,12.44,
2026-05-04_02-01,Local_VSCode,DR2_Config_83_R1,Direct Reciprocity Mode 2 (Memory Ledger Search),5,1,10,0,10,10,1,0.5,0.0,0.0,10,100,0.5,0.5,0.2,3,1,genHalfAndHalf,1,3,17,82042,Config_83,1,"add(DonorInMemory, mul(DonorInMemory, DonorAction))",DonorInMemory*(DonorAction + 1),"Novel Rule: (True, False, True, False)",18.17,14.4,0.0,21.83,15.76,
2026-05-04_02-01,Local_VSCode,DR2_Config_83_R2,Direct Reciprocity Mode 2 (Memory Ledger Search),5,1,10,0,10,10,1,0.5,0.0,0.0,10,100,0.5,0.5,0.2,3,1,genHalfAndHalf,1,3,17,82043,Config_83,2,"mul(DonorAction, DonorInMemory)",DonorAction*DonorInMemory,"Novel Rule: (True, False, False, False)",16.67,12.71,0.0,23.33,13.44,
2026-05-04_02-01,Local_VSCode,DR2_Config_83_R3,Direct Reciprocity Mode 2 (Memory Ledger Search),5,1,10,0,10,10,1,0.5,0.0,0.0,10,100,0.5,0.5,0.2,3,1,genHalfAndHalf,1,3,17,82044,Config_83,3,"sub(0, 0)",0,Amnesia (Remember No One),17.83,14.67,0.0,22.17,14.1,
2026-05-04_02-01,Local_VSCode,DR2_Config_83_R4,Direct Reciprocity Mode 2 (Memory Ledger Search),5,1,10,0,10,10,1,0.5,0.0,0.0,10,100,0.5,0.5,0.2,3,1,genHalfAndHalf,1,3,17,82045,Config_83,4,"mul(10, DonorInMemory)",10*DonorInMemory,"Novel Rule: (True, False, True, False)",18.67,14.09,0.0,21.33,13.8,
2026-05-04_02-01,Local_VSCode,DR2_Config_83_R5,Direct Reciprocity Mode 2 (Memory Ledger Search),5,1,10,0,10,10,1,0.5,0.0,0.0,10,100,0.5,0.5,0.2,3,1,genHalfAndHalf,1,3,17,82046,Config_83,5,"add(DonorInMemory, DonorInMemory)",2*DonorInMemory,"Novel Rule: (True, False, True, False)",17.0,14.08,0.0,23.0,13.52,
2026-05-04_02-01,Local_VSCode,DR2_Config_84_R1,Direct Reciprocity Mode 2 (Memory Ledger Search),5,1,10,0,10,10,1,0.5,0.0,0.0,10,100,0.5,0.5,0.2,3,1,genHalfAndHalf,1,10,17,83042,Config_84,1,"sub(DonorInMemory, DonorInMemory)",0,Amnesia (Remember No One),16.5,15.73,0.0,23.5,16.52,
2026-05-04_02-01,Local_VSCode,DR2_Config_84_R2,Direct Reciprocity Mode 2 (Memory Ledger Search),5,1,10,0,10,10,1,0.5,0.0,0.0,10,100,0.5,0.5,0.2,3,1,genHalfAndHalf,1,10,17,83043,Config_84,2,"sub(DonorAction, DonorAction)",0,Amnesia (Remember No One),17.5,15.9,0.0,22.5,14.68,
2026-05-04_02-01,Local_VSCode,DR2_Config_84_R3,Direct Reciprocity Mode 2 (Memory Ledger Search),5,1,10,0,10,10,1,0.5,0.0,0.0,10,100,0.5,0.5,0.2,3,1,genHalfAndHalf,1,10,17,83044,Config_84,3,"mul(DonorInMemory, DonorInMemory)",DonorInMemory**2,"Novel Rule: (True, False, True, False)",16.67,14.3,0.0,23.33,13.24,
2026-05-04_02-01,Local_VSCode,DR2_Config_84_R4,Direct Reciprocity Mode 2 (Memory Ledger Search),5,1,10,0,10,10,1,0.5,0.0,0.0,10,100,0.5,0.5,0.2,3,1,genHalfAndHalf,1,10,17,83045,Config_84,4,"sub(DonorInMemory, 10)",DonorInMemory - 10,Amnesia (Remember No One),17.17,14.33,0.0,22.83,15.92,
2026-05-04_02-01,Local_VSCode,DR2_Config_84_R5,Direct Reciprocity Mode 2 (Memory Ledger Search),5,1,10,0,10,10,1,0.5,0.0,0.0,10,100,0.5,0.5,0.2,3,1,genHalfAndHalf,1,10,17,83046,Config_84,5,"mul(DonorInMemory, DonorInMemory)",DonorInMemory**2,"Novel Rule: (True, False, True, False)",17.67,16.12,0.0,22.33,16.62,
2026-05-04_02-01,Local_VSCode,DR2_Config_85_R1,Direct Reciprocity Mode 2 (Memory Ledger Search),5,1,10,0,10,10,1,0.5,0.0,0.0,100,100,0.1,0.5,0.2,3,1,genHalfAndHalf,1,3,17,84042,Config_85,1,"mul(add(DonorInMemory, -1), add(DonorInMemory, DonorInMemory))",2*DonorInMemory*(DonorInMemory - 1),Amnesia (Remember No One),18.5,14.52,0.0,21.5,15.44,
2026-05-04_02-01,Local_VSCode,DR2_Config_85_R2,Direct Reciprocity Mode 2 (Memory Ledger Search),5,1,10,0,10,10,1,0.5,0.0,0.0,100,100,0.1,0.5,0.2,3,1,genHalfAndHalf,1,3,17,84043,Config_85,2,"sub(DonorInMemory, DonorInMemory)",0,Amnesia (Remember No One),18.5,14.43,0.0,21.5,14.24,
2026-05-04_02-02,Local_VSCode,DR2_Config_85_R3,Direct Reciprocity Mode 2 (Memory Ledger Search),5,1,10,0,10,10,1,0.5,0.0,0.0,100,100,0.1,0.5,0.2,3,1,genHalfAndHalf,1,3,17,84044,Config_85,3,"mul(DonorInMemory, DonorInMemory)",DonorInMemory**2,"Novel Rule: (True, False, True, False)",18.83,14.87,0.0,21.17,14.16,
2026-05-04_02-02,Local_VSCode,DR2_Config_85_R4,Direct Reciprocity Mode 2 (Memory Ledger Search),5,1,10,0,10,10,1,0.5,0.0,0.0,100,100,0.1,0.5,0.2,3,1,genHalfAndHalf,1,3,17,84045,Config_85,4,"sub(-10, DonorInMemory)",-DonorInMemory - 10,Amnesia (Remember No One),19.83,14.62,0.0,20.17,15.86,
2026-05-04_02-02,Local_VSCode,DR2_Config_85_R5,Direct Reciprocity Mode 2 (Memory Ledger Search),5,1,10,0,10,10,1,0.5,0.0,0.0,100,100,0.1,0.5,0.2,3,1,genHalfAndHalf,1,3,17,84046,Config_85,5,"add(add(sub(-1, 0), mul(DonorAction, DonorAction)), -1)",DonorAction**2 - 2,Amnesia (Remember No One),19.17,14.72,0.0,20.83,14.78,
2026-05-04_02-02,Local_VSCode,DR2_Config_86_R1,Direct Reciprocity Mode 2 (Memory Ledger Search),5,1,10,0,10,10,1,0.5,0.0,0.0,100,100,0.1,0.5,0.2,3,1,genHalfAndHalf,1,10,17,85042,Config_86,1,"sub(add(DonorInMemory, DonorInMemory), DonorInMemory)",DonorInMemory,"Novel Rule: (True, False, True, False)",18.67,14.65,0.0,21.33,13.48,
2026-05-04_02-02,Local_VSCode,DR2_Config_86_R2,Direct Reciprocity Mode 2 (Memory Ledger Search),5,1,10,0,10,10,1,0.5,0.0,0.0,100,100,0.1,0.5,0.2,3,1,genHalfAndHalf,1,10,17,85043,Config_86,2,"mul(sub(DonorAction, 1), -10)",10 - 10*DonorAction,Strict Ledger (TFT Base),19.6,15.13,0.0,17.33,14.36,
2026-05-04_02-03,Local_VSCode,DR2_Config_86_R3,Direct Reciprocity Mode 2 (Memory Ledger Search),5,1,10,0,10,10,1,0.5,0.0,0.0,100,100,0.1,0.5,0.2,3,1,genHalfAndHalf,1,10,17,85044,Config_86,3,"add(-10, -10)",-20,Amnesia (Remember No One),18.5,14.33,0.0,21.5,12.0,
2026-05-04_02-03,Local_VSCode,DR2_Config_86_R4,Direct Reciprocity Mode 2 (Memory Ledger Search),5,1,10,0,10,10,1,0.5,0.0,0.0,100,100,0.1,0.5,0.2,3,1,genHalfAndHalf,1,10,17,85045,Config_86,4,"add(DonorInMemory, DonorInMemory)",2*DonorInMemory,"Novel Rule: (True, False, True, False)",18.5,14.53,0.0,21.5,17.42,
2026-05-04_02-03,Local_VSCode,DR2_Config_86_R5,Direct Reciprocity Mode 2 (Memory Ledger Search),5,1,10,0,10,10,1,0.5,0.0,0.0,100,100,0.1,0.5,0.2,3,1,genHalfAndHalf,1,10,17,85046,Config_86,5,"sub(1, add(DonorAction, DonorAction))",1 - 2*DonorAction,Strict Ledger (TFT Base),19.67,15.52,0.0,15.0,13.38,
2026-05-04_02-03,Local_VSCode,DR2_Config_87_R1,Direct Reciprocity Mode 2 (Memory Ledger Search),5,1,10,0,10,10,1,0.5,0.0,0.0,100,100,0.5,0.5,0.2,3,1,genHalfAndHalf,1,3,17,86042,Config_87,1,"add(-1, -1)",-2,Amnesia (Remember No One),19.17,15.08,0.0,20.83,16.7,
2026-05-04_02-04,Local_VSCode,DR2_Config_87_R2,Direct Reciprocity Mode 2 (Memory Ledger Search),5,1,10,0,10,10,1,0.5,0.0,0.0,100,100,0.5,0.5,0.2,3,1,genHalfAndHalf,1,3,17,86043,Config_87,2,"sub(DonorInMemory, DonorInMemory)",0,Amnesia (Remember No One),18.83,14.62,0.0,21.17,16.0,
2026-05-04_02-04,Local_VSCode,DR2_Config_87_R3,Direct Reciprocity Mode 2 (Memory Ledger Search),5,1,10,0,10,10,1,0.5,0.0,0.0,100,100,0.5,0.5,0.2,3,1,genHalfAndHalf,1,3,17,86044,Config_87,3,"add(-1, -1)",-2,Amnesia (Remember No One),19.33,14.76,0.0,20.67,13.32,
2026-05-04_02-04,Local_VSCode,DR2_Config_87_R4,Direct Reciprocity Mode 2 (Memory Ledger Search),5,1,10,0,10,10,1,0.5,0.0,0.0,100,100,0.5,0.5,0.2,3,1,genHalfAndHalf,1,3,17,86045,Config_87,4,"mul(DonorInMemory, DonorInMemory)",DonorInMemory**2,"Novel Rule: (True, False, True, False)",17.83,14.23,0.0,22.17,14.12,
2026-05-04_02-04,Local_VSCode,DR2_Config_87_R5,Direct Reciprocity Mode 2 (Memory Ledger Search),5,1,10,0,10,10,1,0.5,0.0,0.0,100,100,0.5,0.5,0.2,3,1,genHalfAndHalf,1,3,17,86046,Config_87,5,"add(DonorInMemory, DonorInMemory)",2*DonorInMemory,"Novel Rule: (True, False, True, False)",18.67,15.45,0.0,21.33,15.52,
2026-05-04_02-04,Local_VSCode,DR2_Config_88_R1,Direct Reciprocity Mode 2 (Memory Ledger Search),5,1,10,0,10,10,1,0.5,0.0,0.0,100,100,0.5,0.5,0.2,3,1,genHalfAndHalf,1,10,17,87042,Config_88,1,"mul(0, 0)",0,Amnesia (Remember No One),19.0,14.23,0.0,21.0,15.64,
2026-05-04_02-05,Local_VSCode,DR2_Config_88_R2,Direct Reciprocity Mode 2 (Memory Ledger Search),5,1,10,0,10,10,1,0.5,0.0,0.0,100,100,0.5,0.5,0.2,3,1,genHalfAndHalf,1,10,17,87043,Config_88,2,"add(-10, DonorInMemory)",DonorInMemory - 10,Amnesia (Remember No One),18.0,14.32,0.0,22.0,15.32,
2026-05-04_02-05,Local_VSCode,DR2_Config_88_R3,Direct Reciprocity Mode 2 (Memory Ledger Search),5,1,10,0,10,10,1,0.5,0.0,0.0,100,100,0.5,0.5,0.2,3,1,genHalfAndHalf,1,10,17,87044,Config_88,3,"mul(DonorInMemory, DonorInMemory)",DonorInMemory**2,"Novel Rule: (True, False, True, False)",18.83,15.32,0.0,21.17,16.02,
2026-05-04_02-05,Local_VSCode,DR2_Config_88_R4,Direct Reciprocity Mode 2 (Memory Ledger Search),5,1,10,0,10,10,1,0.5,0.0,0.0,100,100,0.5,0.5,0.2,3,1,genHalfAndHalf,1,10,17,87045,Config_88,4,"mul(-1, DonorInMemory)",-DonorInMemory,Amnesia (Remember No One),18.33,14.37,0.0,21.67,16.32,
2026-05-04_02-05,Local_VSCode,DR2_Config_88_R5,Direct Reciprocity Mode 2 (Memory Ledger Search),5,1,10,0,10,10,1,0.5,0.0,0.0,100,100,0.5,0.5,0.2,3,1,genHalfAndHalf,1,10,17,87046,Config_88,5,"sub(DonorInMemory, sub(1, DonorAction))",DonorAction + DonorInMemory - 1,"Novel Rule: (True, False, False, False)",19.0,15.13,0.0,21.0,16.08,
2026-05-04_02-05,Local_VSCode,DR2_Config_89_R1,Direct Reciprocity Mode 2 (Memory Ledger Search),5,1,10,0,10,100,1,0.5,0.0,0.0,10,100,0.1,0.5,0.2,3,1,genHalfAndHalf,1,3,17,88042,Config_89,1,"sub(sub(add(DonorAction, 1), DonorAction), DonorAction)",1 - DonorAction,Strict Ledger (TFT Base),188.07,164.96,0.0,51.67,178.42,
2026-05-04_02-06,Local_VSCode,DR2_Config_89_R2,Direct Reciprocity Mode 2 (Memory Ledger Search),5,1,10,0,10,100,1,0.5,0.0,0.0,10,100,0.1,0.5,0.2,3,1,genHalfAndHalf,1,3,17,88043,Config_89,2,"mul(sub(1, DonorAction), mul(sub(sub(sub(1, DonorAction), DonorAction), DonorAction), add(1, DonorAction)))",(DonorAction - 1)*(DonorAction + 1)*(3*DonorAction - 1),Strict Ledger (TFT Base),192.5,171.77,0.0,42.17,180.18,
2026-05-04_02-06,Local_VSCode,DR2_Config_89_R3,Direct Reciprocity Mode 2 (Memory Ledger Search),5,1,10,0,10,100,1,0.5,0.0,0.0,10,100,0.1,0.5,0.2,3,1,genHalfAndHalf,1,3,17,88044,Config_89,3,"add(sub(add(add(sub(1, add(DonorAction, DonorAction)), add(sub(mul(DonorAction, -10), -10), 10)), mul(add(sub(DonorInMemory, -10), 10), mul(DonorAction, -10))), sub(sub(DonorInMemory, DonorInMemory), 1)), -10)",-10*DonorAction*DonorInMemory - 212*DonorAction + 12,Strict Ledger (TFT Base),190.77,181.12,0.0,44.83,179.84,
2026-05-04_02-06,Local_VSCode,DR2_Config_89_R4,Direct Reciprocity Mode 2 (Memory Ledger Search),5,1,10,0,10,100,1,0.5,0.0,0.0,10,100,0.1,0.5,0.2,3,1,genHalfAndHalf,1,3,17,88045,Config_89,4,"sub(1, DonorAction)",1 - DonorAction,Strict Ledger (TFT Base),188.17,156.62,0.0,44.5,177.68,
2026-05-04_02-06,Local_VSCode,DR2_Config_89_R5,Direct Reciprocity Mode 2 (Memory Ledger Search),5,1,10,0,10,100,1,0.5,0.0,0.0,10,100,0.1,0.5,0.2,3,1,genHalfAndHalf,1,3,17,88046,Config_89,5,"mul(mul(DonorAction, DonorAction), mul(1, add(-10, 0)))",-10*DonorAction**2,Amnesia (Remember No One),150.17,133.84,0.0,249.83,178.16,
2026-05-04_02-06,Local_VSCode,DR2_Config_90_R1,Direct Reciprocity Mode 2 (Memory Ledger Search),5,1,10,0,10,100,1,0.5,0.0,0.0,10,100,0.1,0.5,0.2,3,1,genHalfAndHalf,1,10,17,89042,Config_90,1,"mul(add(sub(add(add(DonorInMemory, DonorInMemory), sub(DonorInMemory, DonorInMemory)), add(add(DonorAction, -1), mul(DonorInMemory, DonorAction))), 0), sub(add(DonorAction, DonorAction), sub(mul(mul(-10, DonorAction), add(DonorAction, add(DonorAction, DonorAction))), sub(sub(DonorInMemory, DonorAction), add(-10, DonorAction)))))",-(30*DonorAction**2 + DonorInMemory + 10)*(DonorAction*DonorInMemory + DonorAction - 2*DonorInMemory - 1),"Novel Rule: (True, False, True, True)",187.83,186.2,0.0,44.83,177.38,
2026-05-04_02-06,Local_VSCode,DR2_Config_90_R2,Direct Reciprocity Mode 2 (Memory Ledger Search),5,1,10,0,10,100,1,0.5,0.0,0.0,10,100,0.1,0.5,0.2,3,1,genHalfAndHalf,1,10,17,89043,Config_90,2,"mul(add(mul(sub(DonorAction, -1), add(add(10, DonorAction), DonorAction)), -1), sub(10, add(mul(sub(DonorAction, -1), add(10, DonorAction)), -1)))",-(2*(DonorAction + 1)*(DonorAction + 5) - 1)*((DonorAction + 1)*(DonorAction + 10) - 11),Strict Ledger (TFT Base),187.8,140.41,0.0,44.33,177.96,
2026-05-04_02-07,Local_VSCode,DR2_Config_90_R3,Direct Reciprocity Mode 2 (Memory Ledger Search),5,1,10,0,10,100,1,0.5,0.0,0.0,10,100,0.1,0.5,0.2,3,1,genHalfAndHalf,1,10,17,89044,Config_90,3,"sub(add(DonorInMemory, add(DonorInMemory, 1)), DonorAction)",-DonorAction + 2*DonorInMemory + 1,"Novel Rule: (True, False, True, True)",189.67,101.74,0.0,45.0,185.32,
2026-05-04_02-07,Local_VSCode,DR2_Config_90_R4,Direct Reciprocity Mode 2 (Memory Ledger Search),5,1,10,0,10,100,1,0.5,0.0,0.0,10,100,0.1,0.5,0.2,3,1,genHalfAndHalf,1,10,17,89045,Config_90,4,"add(mul(sub(DonorInMemory, DonorInMemory), sub(-1, DonorAction)), sub(mul(DonorAction, DonorInMemory), add(-1, DonorAction)))",DonorAction*DonorInMemory - DonorAction + 1,"Novel Rule: (True, False, True, True)",188.67,149.4,0.0,51.33,176.4,
2026-05-04_02-07,Local_VSCode,DR2_Config_90_R5,Direct Reciprocity Mode 2 (Memory Ledger Search),5,1,10,0,10,100,1,0.5,0.0,0.0,10,100,0.1,0.5,0.2,3,1,genHalfAndHalf,1,10,17,89046,Config_90,5,"mul(1, mul(1, add(sub(DonorInMemory, DonorAction), 1)))",-DonorAction + DonorInMemory + 1,"Novel Rule: (True, False, True, True)",187.13,168.55,0.0,45.67,180.7,
2026-05-04_02-07,Local_VSCode,DR2_Config_91_R1,Direct Reciprocity Mode 2 (Memory Ledger Search),5,1,10,0,10,100,1,0.5,0.0,0.0,10,100,0.5,0.5,0.2,3,1,genHalfAndHalf,1,3,17,90042,Config_91,1,"sub(DonorInMemory, add(DonorInMemory, sub(sub(DonorAction, DonorInMemory), sub(add(mul(1, DonorInMemory), sub(DonorInMemory, 0)), -1))))",-DonorAction + 3*DonorInMemory + 1,"Novel Rule: (True, False, True, True)",192.43,168.98,0.0,43.17,183.0,
2026-05-04_02-07,Local_VSCode,DR2_Config_91_R2,Direct Reciprocity Mode 2 (Memory Ledger Search),5,1,10,0,10,100,1,0.5,0.0,0.0,10,100,0.5,0.5,0.2,3,1,genHalfAndHalf,1,3,17,90043,Config_91,2,"mul(sub(add(DonorInMemory, 1), add(DonorInMemory, DonorAction)), 1)",1 - DonorAction,Strict Ledger (TFT Base),185.77,127.22,0.0,51.83,179.92,
2026-05-04_02-07,Local_VSCode,DR2_Config_91_R3,Direct Reciprocity Mode 2 (Memory Ledger Search),5,1,10,0,10,100,1,0.5,0.0,0.0,10,100,0.5,0.5,0.2,3,1,genHalfAndHalf,1,3,17,90044,Config_91,3,"sub(sub(sub(DonorInMemory, DonorAction), sub(-1, DonorAction)), add(DonorInMemory, mul(DonorAction, DonorAction)))",1 - DonorAction**2,Strict Ledger (TFT Base),190.7,141.47,0.0,41.17,182.5,
2026-05-04_02-07,Local_VSCode,DR2_Config_91_R4,Direct Reciprocity Mode 2 (Memory Ledger Search),5,1,10,0,10,100,1,0.5,0.0,0.0,10,100,0.5,0.5,0.2,3,1,genHalfAndHalf,1,3,17,90045,Config_91,4,"add(DonorAction, -1)",DonorAction - 1,Amnesia (Remember No One),148.17,135.93,0.0,251.83,180.12,
2026-05-04_02-08,Local_VSCode,DR2_Config_91_R5,Direct Reciprocity Mode 2 (Memory Ledger Search),5,1,10,0,10,100,1,0.5,0.0,0.0,10,100,0.5,0.5,0.2,3,1,genHalfAndHalf,1,3,17,90046,Config_91,5,"sub(1, DonorAction)",1 - DonorAction,Strict Ledger (TFT Base),186.33,141.91,0.0,43.0,181.88,
2026-05-04_02-08,Local_VSCode,DR2_Config_92_R1,Direct Reciprocity Mode 2 (Memory Ledger Search),5,1,10,0,10,100,1,0.5,0.0,0.0,10,100,0.5,0.5,0.2,3,1,genHalfAndHalf,1,10,17,91042,Config_92,1,"sub(1, DonorAction)",1 - DonorAction,Strict Ledger (TFT Base),188.9,161.6,0.0,45.5,180.4,
2026-05-04_02-08,Local_VSCode,DR2_Config_92_R2,Direct Reciprocity Mode 2 (Memory Ledger Search),5,1,10,0,10,100,1,0.5,0.0,0.0,10,100,0.5,0.5,0.2,3,1,genHalfAndHalf,1,10,17,91043,Config_92,2,"sub(mul(1, 1), DonorAction)",1 - DonorAction,Strict Ledger (TFT Base),188.33,152.89,0.0,41.0,174.88,
2026-05-04_02-08,Local_VSCode,DR2_Config_92_R3,Direct Reciprocity Mode 2 (Memory Ledger Search),5,1,10,0,10,100,1,0.5,0.0,0.0,10,100,0.5,0.5,0.2,3,1,genHalfAndHalf,1,10,17,91044,Config_92,3,"mul(mul(DonorAction, mul(sub(DonorInMemory, mul(DonorAction, DonorAction)), DonorAction)), sub(DonorAction, DonorAction))",0,Amnesia (Remember No One),153.5,143.73,0.0,246.5,182.24,
2026-05-04_02-08,Local_VSCode,DR2_Config_92_R4,Direct Reciprocity Mode 2 (Memory Ledger Search),5,1,10,0,10,100,1,0.5,0.0,0.0,10,100,0.5,0.5,0.2,3,1,genHalfAndHalf,1,10,17,91045,Config_92,4,"sub(1, DonorAction)",1 - DonorAction,Strict Ledger (TFT Base),184.97,161.73,0.0,49.17,185.48,
2026-05-04_02-08,Local_VSCode,DR2_Config_92_R5,Direct Reciprocity Mode 2 (Memory Ledger Search),5,1,10,0,10,100,1,0.5,0.0,0.0,10,100,0.5,0.5,0.2,3,1,genHalfAndHalf,1,10,17,91046,Config_92,5,"sub(mul(mul(-10, DonorAction), DonorAction), -10)",10 - 10*DonorAction**2,Strict Ledger (TFT Base),190.47,161.92,0.0,43.67,181.52,
2026-05-04_02-10,Local_VSCode,DR2_Config_93_R1,Direct Reciprocity Mode 2 (Memory Ledger Search),5,1,10,0,10,100,1,0.5,0.0,0.0,100,100,0.1,0.5,0.2,3,1,genHalfAndHalf,1,3,17,92042,Config_93,1,"sub(mul(-10, DonorAction), sub(-1, mul(add(DonorInMemory, DonorAction), mul(1, mul(-10, DonorAction)))))",-10*DonorAction*(DonorAction + DonorInMemory) - 10*DonorAction + 1,Strict Ledger (TFT Base),192.97,145.6,0.0,42.5,181.8,
2026-05-04_02-11,Local_VSCode,DR2_Config_93_R2,Direct Reciprocity Mode 2 (Memory Ledger Search),5,1,10,0,10,100,1,0.5,0.0,0.0,100,100,0.1,0.5,0.2,3,1,genHalfAndHalf,1,3,17,92043,Config_93,2,"add(mul(-1, -1), sub(DonorInMemory, DonorAction))",-DonorAction + DonorInMemory + 1,"Novel Rule: (True, False, True, True)",192.07,137.87,0.0,41.67,179.0,
2026-05-04_02-12,Local_VSCode,DR2_Config_93_R3,Direct Reciprocity Mode 2 (Memory Ledger Search),5,1,10,0,10,100,1,0.5,0.0,0.0,100,100,0.1,0.5,0.2,3,1,genHalfAndHalf,1,3,17,92044,Config_93,3,"mul(sub(DonorAction, 1), sub(sub(1, 10), 10))",19 - 19*DonorAction,Strict Ledger (TFT Base),191.87,159.18,0.0,46.67,181.74,
2026-05-04_02-14,Local_VSCode,DR2_Config_93_R4,Direct Reciprocity Mode 2 (Memory Ledger Search),5,1,10,0,10,100,1,0.5,0.0,0.0,100,100,0.1,0.5,0.2,3,1,genHalfAndHalf,1,3,17,92045,Config_93,4,"add(sub(add(sub(add(sub(add(DonorAction, 1), sub(DonorAction, DonorInMemory)), sub(mul(DonorAction, DonorInMemory), mul(DonorAction, 0))), sub(DonorAction, DonorInMemory)), sub(mul(DonorAction, DonorInMemory), mul(add(1, 1), 0))), DonorAction), DonorInMemory)",2*DonorAction*DonorInMemory - 2*DonorAction + 3*DonorInMemory + 1,"Novel Rule: (True, False, True, True)",197.3,159.35,0.0,46.83,180.64,
2026-05-04_02-15,Local_VSCode,DR2_Config_93_R5,Direct Reciprocity Mode 2 (Memory Ledger Search),5,1,10,0,10,100,1,0.5,0.0,0.0,100,100,0.1,0.5,0.2,3,1,genHalfAndHalf,1,3,17,92046,Config_93,5,"sub(DonorInMemory, sub(mul(DonorAction, DonorAction), add(1, DonorInMemory)))",-DonorAction**2 + 2*DonorInMemory + 1,"Novel Rule: (True, False, True, True)",193.03,146.02,0.0,46.17,184.26,
2026-05-04_02-17,Local_VSCode,DR2_Config_94_R1,Direct Reciprocity Mode 2 (Memory Ledger Search),5,1,10,0,10,100,1,0.5,0.0,0.0,100,100,0.1,0.5,0.2,3,1,genHalfAndHalf,1,10,17,93042,Config_94,1,"sub(mul(DonorAction, mul(mul(add(-1, DonorAction), mul(1, -1)), 0)), add(-1, DonorAction))",1 - DonorAction,Strict Ledger (TFT Base),191.8,163.2,0.0,45.0,180.58,
2026-05-04_02-18,Local_VSCode,DR2_Config_94_R2,Direct Reciprocity Mode 2 (Memory Ledger Search),5,1,10,0,10,100,1,0.5,0.0,0.0,100,100,0.1,0.5,0.2,3,1,genHalfAndHalf,1,10,17,93043,Config_94,2,"sub(sub(sub(DonorInMemory, DonorAction), add(-1, add(DonorInMemory, DonorInMemory))), add(mul(sub(-1, 1), DonorInMemory), DonorInMemory))",1 - DonorAction,Strict Ledger (TFT Base),192.7,152.93,0.0,45.83,179.82,
2026-05-04_02-20,Local_VSCode,DR2_Config_94_R3,Direct Reciprocity Mode 2 (Memory Ledger Search),5,1,10,0,10,100,1,0.5,0.0,0.0,100,100,0.1,0.5,0.2,3,1,genHalfAndHalf,1,10,17,93044,Config_94,3,"sub(sub(1, sub(DonorAction, 1)), 1)",1 - DonorAction,Strict Ledger (TFT Base),190.57,156.82,0.0,45.83,180.62,
2026-05-04_02-21,Local_VSCode,DR2_Config_94_R4,Direct Reciprocity Mode 2 (Memory Ledger Search),5,1,10,0,10,100,1,0.5,0.0,0.0,100,100,0.1,0.5,0.2,3,1,genHalfAndHalf,1,10,17,93045,Config_94,4,"mul(sub(add(-1, DonorAction), DonorInMemory), sub(add(-1, DonorAction), 1))",-(DonorAction - 2)*(-DonorAction + DonorInMemory + 1),"Novel Rule: (True, False, True, True)",191.57,159.77,0.0,46.17,184.62,
2026-05-04_02-22,Local_VSCode,DR2_Config_94_R5,Direct Reciprocity Mode 2 (Memory Ledger Search),5,1,10,0,10,100,1,0.5,0.0,0.0,100,100,0.1,0.5,0.2,3,1,genHalfAndHalf,1,10,17,93046,Config_94,5,"sub(1, DonorAction)",1 - DonorAction,Strict Ledger (TFT Base),192.7,162.94,0.0,40.5,181.46,
2026-05-04_02-24,Local_VSCode,DR2_Config_95_R1,Direct Reciprocity Mode 2 (Memory Ledger Search),5,1,10,0,10,100,1,0.5,0.0,0.0,100,100,0.5,0.5,0.2,3,1,genHalfAndHalf,1,3,17,94042,Config_95,1,"sub(sub(mul(DonorAction, DonorAction), mul(10, mul(10, DonorAction))), -1)",DonorAction**2 - 100*DonorAction + 1,Strict Ledger (TFT Base),192.43,140.22,0.0,45.83,180.46,
2026-05-04_02-25,Local_VSCode,DR2_Config_95_R2,Direct Reciprocity Mode 2 (Memory Ledger Search),5,1,10,0,10,100,1,0.5,0.0,0.0,100,100,0.5,0.5,0.2,3,1,genHalfAndHalf,1,3,17,94043,Config_95,2,"sub(mul(DonorAction, -10), add(-10, mul(DonorInMemory, DonorAction)))",-DonorAction*DonorInMemory - 10*DonorAction + 10,Strict Ledger (TFT Base),191.57,138.84,0.0,42.83,179.88,
2026-05-04_02-27,Local_VSCode,DR2_Config_95_R3,Direct Reciprocity Mode 2 (Memory Ledger Search),5,1,10,0,10,100,1,0.5,0.0,0.0,100,100,0.5,0.5,0.2,3,1,genHalfAndHalf,1,3,17,94044,Config_95,3,"add(1, sub(0, DonorAction))",1 - DonorAction,Strict Ledger (TFT Base),193.2,128.67,0.0,42.67,174.68,
2026-05-04_02-28,Local_VSCode,DR2_Config_95_R4,Direct Reciprocity Mode 2 (Memory Ledger Search),5,1,10,0,10,100,1,0.5,0.0,0.0,100,100,0.5,0.5,0.2,3,1,genHalfAndHalf,1,3,17,94045,Config_95,4,"sub(1, DonorAction)",1 - DonorAction,Strict Ledger (TFT Base),191.33,150.94,0.0,46.0,179.82,
2026-05-04_02-29,Local_VSCode,DR2_Config_95_R5,Direct Reciprocity Mode 2 (Memory Ledger Search),5,1,10,0,10,100,1,0.5,0.0,0.0,100,100,0.5,0.5,0.2,3,1,genHalfAndHalf,1,3,17,94046,Config_95,5,"sub(1, DonorAction)",1 - DonorAction,Strict Ledger (TFT Base),189.93,149.35,0.0,41.67,184.68,
2026-05-04_02-31,Local_VSCode,DR2_Config_96_R1,Direct Reciprocity Mode 2 (Memory Ledger Search),5,1,10,0,10,100,1,0.5,0.0,0.0,100,100,0.5,0.5,0.2,3,1,genHalfAndHalf,1,10,17,95042,Config_96,1,"sub(1, DonorAction)",1 - DonorAction,Strict Ledger (TFT Base),194.13,150.16,0.0,40.67,178.72,
2026-05-04_02-32,Local_VSCode,DR2_Config_96_R2,Direct Reciprocity Mode 2 (Memory Ledger Search),5,1,10,0,10,100,1,0.5,0.0,0.0,100,100,0.5,0.5,0.2,3,1,genHalfAndHalf,1,10,17,95043,Config_96,2,"sub(sub(DonorAction, -1), add(DonorAction, DonorAction))",1 - DonorAction,Strict Ledger (TFT Base),192.5,139.22,0.0,48.17,179.32,
2026-05-04_02-34,Local_VSCode,DR2_Config_96_R3,Direct Reciprocity Mode 2 (Memory Ledger Search),5,1,10,0,10,100,1,0.5,0.0,0.0,100,100,0.5,0.5,0.2,3,1,genHalfAndHalf,1,10,17,95044,Config_96,3,"sub(1, DonorAction)",1 - DonorAction,Strict Ledger (TFT Base),190.37,158.63,0.0,41.5,179.5,
2026-05-04_02-35,Local_VSCode,DR2_Config_96_R4,Direct Reciprocity Mode 2 (Memory Ledger Search),5,1,10,0,10,100,1,0.5,0.0,0.0,100,100,0.5,0.5,0.2,3,1,genHalfAndHalf,1,10,17,95045,Config_96,4,"sub(add(DonorInMemory, 1), add(DonorInMemory, DonorAction))",1 - DonorAction,Strict Ledger (TFT Base),193.9,144.48,0.0,49.17,179.94,
2026-05-04_02-36,Local_VSCode,DR2_Config_96_R5,Direct Reciprocity Mode 2 (Memory Ledger Search),5,1,10,0,10,100,1,0.5,0.0,0.0,100,100,0.5,0.5,0.2,3,1,genHalfAndHalf,1,10,17,95046,Config_96,5,"sub(sub(1, DonorAction), sub(DonorInMemory, sub(1, DonorAction)))",-2*DonorAction - DonorInMemory + 2,Strict Ledger (TFT Base),192.3,160.31,0.0,42.5,182.6,
2026-05-04_02-36,Local_VSCode,DR2_Config_97_R1,Direct Reciprocity Mode 2 (Memory Ledger Search),5,1,10,10,0,10,1,0.5,0.0,0.0,10,100,0.1,0.5,0.2,3,1,genHalfAndHalf,1,3,17,96042,Config_97,1,"sub(add(-1, DonorAction), mul(DonorAction, mul(DonorAction, mul(DonorAction, DonorAction))))",-DonorAction**4 + DonorAction - 1,Amnesia (Remember No One),47.33,39.85,32.67,0.0,41.4,
2026-05-04_02-36,Local_VSCode,DR2_Config_97_R2,Direct Reciprocity Mode 2 (Memory Ledger Search),5,1,10,10,0,10,1,0.5,0.0,0.0,10,100,0.1,0.5,0.2,3,1,genHalfAndHalf,1,3,17,96043,Config_97,2,"sub(DonorInMemory, 1)",DonorInMemory - 1,Amnesia (Remember No One),45.0,40.53,35.0,0.0,39.1,
2026-05-04_02-36,Local_VSCode,DR2_Config_97_R3,Direct Reciprocity Mode 2 (Memory Ledger Search),5,1,10,10,0,10,1,0.5,0.0,0.0,10,100,0.1,0.5,0.2,3,1,genHalfAndHalf,1,3,17,96044,Config_97,3,"sub(DonorInMemory, DonorInMemory)",0,Amnesia (Remember No One),46.17,40.78,33.83,0.0,38.6,
2026-05-04_02-36,Local_VSCode,DR2_Config_97_R4,Direct Reciprocity Mode 2 (Memory Ledger Search),5,1,10,10,0,10,1,0.5,0.0,0.0,10,100,0.1,0.5,0.2,3,1,genHalfAndHalf,1,3,17,96045,Config_97,4,"sub(add(DonorInMemory, DonorInMemory), mul(-10, DonorInMemory))",12*DonorInMemory,"Novel Rule: (True, False, True, False)",46.67,43.25,33.33,0.0,42.7,
2026-05-04_02-37,Local_VSCode,DR2_Config_97_R5,Direct Reciprocity Mode 2 (Memory Ledger Search),5,1,10,10,0,10,1,0.5,0.0,0.0,10,100,0.1,0.5,0.2,3,1,genHalfAndHalf,1,3,17,96046,Config_97,5,"mul(add(add(DonorInMemory, DonorAction), DonorInMemory), add(-10, mul(add(DonorInMemory, DonorInMemory), add(sub(DonorAction, DonorInMemory), add(10, DonorInMemory)))))",2*(DonorAction + 2*DonorInMemory)*(DonorInMemory*(DonorAction + 10) - 5),"Novel Rule: (True, False, True, False)",45.83,40.66,34.17,0.0,39.8,
2026-05-04_02-37,Local_VSCode,DR2_Config_98_R1,Direct Reciprocity Mode 2 (Memory Ledger Search),5,1,10,10,0,10,1,0.5,0.0,0.0,10,100,0.1,0.5,0.2,3,1,genHalfAndHalf,1,10,17,97042,Config_98,1,"add(mul(mul(mul(-10, DonorAction), mul(DonorInMemory, sub(DonorAction, DonorInMemory))), DonorAction), add(mul(DonorAction, sub(DonorInMemory, DonorAction)), DonorInMemory))",-10*DonorAction**2*DonorInMemory*(DonorAction - DonorInMemory) - DonorAction*(DonorAction - DonorInMemory) + DonorInMemory,"Novel Rule: (True, False, True, False)",45.5,40.57,34.5,0.0,39.9,
2026-05-04_02-37,Local_VSCode,DR2_Config_98_R2,Direct Reciprocity Mode 2 (Memory Ledger Search),5,1,10,10,0,10,1,0.5,0.0,0.0,10,100,0.1,0.5,0.2,3,1,genHalfAndHalf,1,10,17,97043,Config_98,2,"mul(add(-10, 10), mul(10, mul(10, 10)))",0,Amnesia (Remember No One),46.83,42.9,33.17,0.0,39.8,
2026-05-04_02-37,Local_VSCode,DR2_Config_98_R3,Direct Reciprocity Mode 2 (Memory Ledger Search),5,1,10,10,0,10,1,0.5,0.0,0.0,10,100,0.1,0.5,0.2,3,1,genHalfAndHalf,1,10,17,97044,Config_98,3,"add(-1, -1)",-2,Amnesia (Remember No One),45.17,42.15,34.83,0.0,40.3,
2026-05-04_02-37,Local_VSCode,DR2_Config_98_R4,Direct Reciprocity Mode 2 (Memory Ledger Search),5,1,10,10,0,10,1,0.5,0.0,0.0,10,100,0.1,0.5,0.2,3,1,genHalfAndHalf,1,10,17,97045,Config_98,4,"sub(mul(mul(DonorAction, DonorInMemory), DonorInMemory), DonorAction)",DonorAction*(DonorInMemory**2 - 1),Amnesia (Remember No One),46.33,41.61,33.67,0.0,40.4,
2026-05-04_02-37,Local_VSCode,DR2_Config_98_R5,Direct Reciprocity Mode 2 (Memory Ledger Search),5,1,10,10,0,10,1,0.5,0.0,0.0,10,100,0.1,0.5,0.2,3,1,genHalfAndHalf,1,10,17,97046,Config_98,5,"add(DonorInMemory, sub(DonorInMemory, mul(DonorAction, 10)))",-10*DonorAction + 2*DonorInMemory,"Novel Rule: (False, False, True, False)",45.5,42.6,34.5,0.0,40.9,
2026-05-04_02-37,Local_VSCode,DR2_Config_99_R1,Direct Reciprocity Mode 2 (Memory Ledger Search),5,1,10,10,0,10,1,0.5,0.0,0.0,10,100,0.5,0.5,0.2,3,1,genHalfAndHalf,1,3,17,98042,Config_99,1,"sub(DonorAction, DonorAction)",0,Amnesia (Remember No One),45.5,41.35,34.5,0.0,40.4,
2026-05-04_02-37,Local_VSCode,DR2_Config_99_R2,Direct Reciprocity Mode 2 (Memory Ledger Search),5,1,10,10,0,10,1,0.5,0.0,0.0,10,100,0.5,0.5,0.2,3,1,genHalfAndHalf,1,3,17,98043,Config_99,2,"add(-1, DonorAction)",DonorAction - 1,Amnesia (Remember No One),45.33,40.75,34.67,0.0,42.0,
2026-05-04_02-37,Local_VSCode,DR2_Config_99_R3,Direct Reciprocity Mode 2 (Memory Ledger Search),5,1,10,10,0,10,1,0.5,0.0,0.0,10,100,0.5,0.5,0.2,3,1,genHalfAndHalf,1,3,17,98044,Config_99,3,"add(-10, -10)",-20,Amnesia (Remember No One),45.17,41.59,34.83,0.0,38.4,
2026-05-04_02-37,Local_VSCode,DR2_Config_99_R4,Direct Reciprocity Mode 2 (Memory Ledger Search),5,1,10,10,0,10,1,0.5,0.0,0.0,10,100,0.5,0.5,0.2,3,1,genHalfAndHalf,1,3,17,98045,Config_99,4,"add(DonorInMemory, -1)",DonorInMemory - 1,Amnesia (Remember No One),45.83,42.98,34.17,0.0,39.7,
2026-05-04_02-37,Local_VSCode,DR2_Config_99_R5,Direct Reciprocity Mode 2 (Memory Ledger Search),5,1,10,10,0,10,1,0.5,0.0,0.0,10,100,0.5,0.5,0.2,3,1,genHalfAndHalf,1,3,17,98046,Config_99,5,"sub(DonorAction, DonorAction)",0,Amnesia (Remember No One),45.67,41.77,34.33,0.0,39.4,
2026-05-04_02-37,Local_VSCode,DR2_Config_100_R1,Direct Reciprocity Mode 2 (Memory Ledger Search),5,1,10,10,0,10,1,0.5,0.0,0.0,10,100,0.5,0.5,0.2,3,1,genHalfAndHalf,1,10,17,99042,Config_100,1,"sub(DonorAction, DonorAction)",0,Amnesia (Remember No One),44.5,41.3,35.5,0.0,40.5,
2026-05-04_02-37,Local_VSCode,DR2_Config_100_R2,Direct Reciprocity Mode 2 (Memory Ledger Search),5,1,10,10,0,10,1,0.5,0.0,0.0,10,100,0.5,0.5,0.2,3,1,genHalfAndHalf,1,10,17,99043,Config_100,2,"sub(DonorAction, DonorAction)",0,Amnesia (Remember No One),45.83,43.83,34.17,0.0,39.5,
2026-05-04_02-37,Local_VSCode,DR2_Config_100_R3,Direct Reciprocity Mode 2 (Memory Ledger Search),5,1,10,10,0,10,1,0.5,0.0,0.0,10,100,0.5,0.5,0.2,3,1,genHalfAndHalf,1,10,17,99044,Config_100,3,"mul(DonorInMemory, DonorInMemory)",DonorInMemory**2,"Novel Rule: (True, False, True, False)",44.5,41.7,35.5,0.0,39.8,
2026-05-04_02-37,Local_VSCode,DR2_Config_100_R4,Direct Reciprocity Mode 2 (Memory Ledger Search),5,1,10,10,0,10,1,0.5,0.0,0.0,10,100,0.5,0.5,0.2,3,1,genHalfAndHalf,1,10,17,99045,Config_100,4,"sub(DonorAction, DonorAction)",0,Amnesia (Remember No One),46.5,39.82,33.5,0.0,41.8,
2026-05-04_02-37,Local_VSCode,DR2_Config_100_R5,Direct Reciprocity Mode 2 (Memory Ledger Search),5,1,10,10,0,10,1,0.5,0.0,0.0,10,100,0.5,0.5,0.2,3,1,genHalfAndHalf,1,10,17,99046,Config_100,5,"mul(DonorInMemory, DonorInMemory)",DonorInMemory**2,"Novel Rule: (True, False, True, False)",44.17,41.82,35.83,0.0,39.2,
2026-05-04_02-37,Local_VSCode,DR2_Config_101_R1,Direct Reciprocity Mode 2 (Memory Ledger Search),5,1,10,10,0,10,1,0.5,0.0,0.0,100,100,0.1,0.5,0.2,3,1,genHalfAndHalf,1,3,17,100042,Config_101,1,"sub(-1, 1)",-2,Amnesia (Remember No One),47.0,41.19,33.0,0.0,36.7,
2026-05-04_02-37,Local_VSCode,DR2_Config_101_R2,Direct Reciprocity Mode 2 (Memory Ledger Search),5,1,10,10,0,10,1,0.5,0.0,0.0,100,100,0.1,0.5,0.2,3,1,genHalfAndHalf,1,3,17,100043,Config_101,2,"mul(mul(1, DonorAction), mul(DonorInMemory, DonorInMemory))",DonorAction*DonorInMemory**2,"Novel Rule: (True, False, False, False)",48.17,42.09,31.83,0.0,37.3,
2026-05-04_02-38,Local_VSCode,DR2_Config_101_R3,Direct Reciprocity Mode 2 (Memory Ledger Search),5,1,10,10,0,10,1,0.5,0.0,0.0,100,100,0.1,0.5,0.2,3,1,genHalfAndHalf,1,3,17,100044,Config_101,3,"sub(1, add(DonorAction, DonorInMemory))",-DonorAction - DonorInMemory + 1,"Novel Rule: (False, False, False, True)",47.33,42.31,32.67,0.0,36.5,
2026-05-04_02-38,Local_VSCode,DR2_Config_101_R4,Direct Reciprocity Mode 2 (Memory Ledger Search),5,1,10,10,0,10,1,0.5,0.0,0.0,100,100,0.1,0.5,0.2,3,1,genHalfAndHalf,1,3,17,100045,Config_101,4,"mul(DonorInMemory, mul(DonorInMemory, 1))",DonorInMemory**2,"Novel Rule: (True, False, True, False)",48.0,42.13,32.0,0.0,38.3,
2026-05-04_02-38,Local_VSCode,DR2_Config_101_R5,Direct Reciprocity Mode 2 (Memory Ledger Search),5,1,10,10,0,10,1,0.5,0.0,0.0,100,100,0.1,0.5,0.2,3,1,genHalfAndHalf,1,3,17,100046,Config_101,5,"mul(DonorInMemory, 0)",0,Amnesia (Remember No One),46.83,41.33,33.17,0.0,41.6,
2026-05-04_02-38,Local_VSCode,DR2_Config_102_R1,Direct Reciprocity Mode 2 (Memory Ledger Search),5,1,10,10,0,10,1,0.5,0.0,0.0,100,100,0.1,0.5,0.2,3,1,genHalfAndHalf,1,10,17,101042,Config_102,1,"mul(10, DonorInMemory)",10*DonorInMemory,"Novel Rule: (True, False, True, False)",46.67,41.84,33.33,0.0,39.9,
2026-05-04_02-38,Local_VSCode,DR2_Config_102_R2,Direct Reciprocity Mode 2 (Memory Ledger Search),5,1,10,10,0,10,1,0.5,0.0,0.0,100,100,0.1,0.5,0.2,3,1,genHalfAndHalf,1,10,17,101043,Config_102,2,"add(mul(DonorInMemory, 1), sub(-10, 0))",DonorInMemory - 10,Amnesia (Remember No One),47.17,41.61,32.83,0.0,38.3,
2026-05-04_02-39,Local_VSCode,DR2_Config_102_R3,Direct Reciprocity Mode 2 (Memory Ledger Search),5,1,10,10,0,10,1,0.5,0.0,0.0,100,100,0.1,0.5,0.2,3,1,genHalfAndHalf,1,10,17,101044,Config_102,3,"sub(DonorInMemory, DonorAction)",-DonorAction + DonorInMemory,"Novel Rule: (False, False, True, False)",47.33,42.08,32.67,0.0,42.0,
2026-05-04_02-39,Local_VSCode,DR2_Config_102_R4,Direct Reciprocity Mode 2 (Memory Ledger Search),5,1,10,10,0,10,1,0.5,0.0,0.0,100,100,0.1,0.5,0.2,3,1,genHalfAndHalf,1,10,17,101045,Config_102,4,"mul(DonorAction, sub(DonorInMemory, DonorAction))",DonorAction*(-DonorAction + DonorInMemory),Amnesia (Remember No One),47.0,41.41,33.0,0.0,39.9,
2026-05-04_02-39,Local_VSCode,DR2_Config_102_R5,Direct Reciprocity Mode 2 (Memory Ledger Search),5,1,10,10,0,10,1,0.5,0.0,0.0,100,100,0.1,0.5,0.2,3,1,genHalfAndHalf,1,10,17,101046,Config_102,5,"mul(DonorInMemory, DonorInMemory)",DonorInMemory**2,"Novel Rule: (True, False, True, False)",47.33,41.57,32.67,0.0,40.1,
2026-05-04_02-39,Local_VSCode,DR2_Config_103_R1,Direct Reciprocity Mode 2 (Memory Ledger Search),5,1,10,10,0,10,1,0.5,0.0,0.0,100,100,0.5,0.5,0.2,3,1,genHalfAndHalf,1,3,17,102042,Config_103,1,"mul(0, 1)",0,Amnesia (Remember No One),47.0,40.85,33.0,0.0,39.3,
2026-05-04_02-40,Local_VSCode,DR2_Config_103_R2,Direct Reciprocity Mode 2 (Memory Ledger Search),5,1,10,10,0,10,1,0.5,0.0,0.0,100,100,0.5,0.5,0.2,3,1,genHalfAndHalf,1,3,17,102043,Config_103,2,"add(-1, -1)",-2,Amnesia (Remember No One),46.33,40.95,33.67,0.0,39.9,
2026-05-04_02-40,Local_VSCode,DR2_Config_103_R3,Direct Reciprocity Mode 2 (Memory Ledger Search),5,1,10,10,0,10,1,0.5,0.0,0.0,100,100,0.5,0.5,0.2,3,1,genHalfAndHalf,1,3,17,102044,Config_103,3,"sub(DonorInMemory, mul(DonorAction, DonorInMemory))",DonorInMemory*(1 - DonorAction),"Novel Rule: (False, False, True, False)",48.33,41.74,31.67,0.0,38.2,
2026-05-04_02-40,Local_VSCode,DR2_Config_103_R4,Direct Reciprocity Mode 2 (Memory Ledger Search),5,1,10,10,0,10,1,0.5,0.0,0.0,100,100,0.5,0.5,0.2,3,1,genHalfAndHalf,1,3,17,102045,Config_103,4,"add(-10, -10)",-20,Amnesia (Remember No One),47.17,41.91,32.83,0.0,41.3,
2026-05-04_02-40,Local_VSCode,DR2_Config_103_R5,Direct Reciprocity Mode 2 (Memory Ledger Search),5,1,10,10,0,10,1,0.5,0.0,0.0,100,100,0.5,0.5,0.2,3,1,genHalfAndHalf,1,3,17,102046,Config_103,5,"mul(DonorInMemory, DonorInMemory)",DonorInMemory**2,"Novel Rule: (True, False, True, False)",47.17,42.64,32.83,0.0,39.1,
2026-05-04_02-40,Local_VSCode,DR2_Config_104_R1,Direct Reciprocity Mode 2 (Memory Ledger Search),5,1,10,10,0,10,1,0.5,0.0,0.0,100,100,0.5,0.5,0.2,3,1,genHalfAndHalf,1,10,17,103042,Config_104,1,"mul(-10, DonorAction)",-10*DonorAction,Amnesia (Remember No One),47.33,41.21,32.67,0.0,39.7,
2026-05-04_02-41,Local_VSCode,DR2_Config_104_R2,Direct Reciprocity Mode 2 (Memory Ledger Search),5,1,10,10,0,10,1,0.5,0.0,0.0,100,100,0.5,0.5,0.2,3,1,genHalfAndHalf,1,10,17,103043,Config_104,2,"mul(DonorInMemory, DonorInMemory)",DonorInMemory**2,"Novel Rule: (True, False, True, False)",46.67,42.04,33.33,0.0,41.1,
2026-05-04_02-41,Local_VSCode,DR2_Config_104_R3,Direct Reciprocity Mode 2 (Memory Ledger Search),5,1,10,10,0,10,1,0.5,0.0,0.0,100,100,0.5,0.5,0.2,3,1,genHalfAndHalf,1,10,17,103044,Config_104,3,"add(DonorInMemory, 0)",DonorInMemory,"Novel Rule: (True, False, True, False)",47.17,41.37,32.83,0.0,38.4,
2026-05-04_02-41,Local_VSCode,DR2_Config_104_R4,Direct Reciprocity Mode 2 (Memory Ledger Search),5,1,10,10,0,10,1,0.5,0.0,0.0,100,100,0.5,0.5,0.2,3,1,genHalfAndHalf,1,10,17,103045,Config_104,4,"mul(DonorInMemory, DonorInMemory)",DonorInMemory**2,"Novel Rule: (True, False, True, False)",47.83,42.06,32.17,0.0,37.8,
2026-05-04_02-41,Local_VSCode,DR2_Config_104_R5,Direct Reciprocity Mode 2 (Memory Ledger Search),5,1,10,10,0,10,1,0.5,0.0,0.0,100,100,0.5,0.5,0.2,3,1,genHalfAndHalf,1,10,17,103046,Config_104,5,"mul(DonorInMemory, DonorInMemory)",DonorInMemory**2,"Novel Rule: (True, False, True, False)",48.33,42.06,31.67,0.0,42.4,
2026-05-04_02-42,Local_VSCode,DR2_Config_105_R1,Direct Reciprocity Mode 2 (Memory Ledger Search),5,1,10,10,0,100,1,0.5,0.0,0.0,10,100,0.1,0.5,0.2,3,1,genHalfAndHalf,1,3,17,104042,Config_105,1,"mul(add(-10, add(DonorAction, DonorAction)), DonorAction)",2*DonorAction*(DonorAction - 5),Amnesia (Remember No One),417.83,399.23,382.17,0.0,394.6,
2026-05-04_02-42,Local_VSCode,DR2_Config_105_R2,Direct Reciprocity Mode 2 (Memory Ledger Search),5,1,10,10,0,100,1,0.5,0.0,0.0,10,100,0.1,0.5,0.2,3,1,genHalfAndHalf,1,3,17,104043,Config_105,2,"mul(add(10, DonorInMemory), DonorInMemory)",DonorInMemory*(DonorInMemory + 10),"Novel Rule: (True, False, True, False)",415.0,396.57,385.0,0.0,405.7,
2026-05-04_02-42,Local_VSCode,DR2_Config_105_R3,Direct Reciprocity Mode 2 (Memory Ledger Search),5,1,10,10,0,100,1,0.5,0.0,0.0,10,100,0.1,0.5,0.2,3,1,genHalfAndHalf,1,3,17,104044,Config_105,3,"mul(add(add(DonorAction, -1), DonorInMemory), add(-1, DonorAction))",(DonorAction - 1)*(DonorAction + DonorInMemory - 1),"Novel Rule: (False, False, False, True)",420.0,410.2,380.0,0.0,398.5,
2026-05-04_02-42,Local_VSCode,DR2_Config_105_R4,Direct Reciprocity Mode 2 (Memory Ledger Search),5,1,10,10,0,100,1,0.5,0.0,0.0,10,100,0.1,0.5,0.2,3,1,genHalfAndHalf,1,3,17,104045,Config_105,4,"mul(DonorInMemory, DonorInMemory)",DonorInMemory**2,"Novel Rule: (True, False, True, False)",420.33,396.96,379.67,0.0,400.2,
2026-05-04_02-42,Local_VSCode,DR2_Config_105_R5,Direct Reciprocity Mode 2 (Memory Ledger Search),5,1,10,10,0,100,1,0.5,0.0,0.0,10,100,0.1,0.5,0.2,3,1,genHalfAndHalf,1,3,17,104046,Config_105,5,"sub(sub(sub(10, DonorInMemory), DonorAction), mul(add(sub(mul(0, DonorInMemory), sub(-10, DonorAction)), DonorInMemory), 10))",-11*DonorAction - 11*DonorInMemory - 90,Amnesia (Remember No One),417.17,407.29,382.83,0.0,388.4,
2026-05-04_02-42,Local_VSCode,DR2_Config_106_R1,Direct Reciprocity Mode 2 (Memory Ledger Search),5,1,10,10,0,100,1,0.5,0.0,0.0,10,100,0.1,0.5,0.2,3,1,genHalfAndHalf,1,10,17,105042,Config_106,1,"sub(DonorInMemory, DonorAction)",-DonorAction + DonorInMemory,"Novel Rule: (False, False, True, False)",418.33,408.43,381.67,0.0,402.6,
2026-05-04_02-42,Local_VSCode,DR2_Config_106_R2,Direct Reciprocity Mode 2 (Memory Ledger Search),5,1,10,10,0,100,1,0.5,0.0,0.0,10,100,0.1,0.5,0.2,3,1,genHalfAndHalf,1,10,17,105043,Config_106,2,"add(-1, mul(DonorAction, DonorAction))",DonorAction**2 - 1,Amnesia (Remember No One),418.67,389.95,381.33,0.0,399.5,
2026-05-04_02-43,Local_VSCode,DR2_Config_106_R3,Direct Reciprocity Mode 2 (Memory Ledger Search),5,1,10,10,0,100,1,0.5,0.0,0.0,10,100,0.1,0.5,0.2,3,1,genHalfAndHalf,1,10,17,105044,Config_106,3,"mul(sub(sub(DonorAction, sub(add(DonorAction, DonorAction), -10)), mul(mul(1, DonorAction), mul(DonorAction, DonorAction))), 1)",-DonorAction**3 - DonorAction - 10,Amnesia (Remember No One),422.33,398.48,377.67,0.0,396.4,
2026-05-04_02-43,Local_VSCode,DR2_Config_106_R4,Direct Reciprocity Mode 2 (Memory Ledger Search),5,1,10,10,0,100,1,0.5,0.0,0.0,10,100,0.1,0.5,0.2,3,1,genHalfAndHalf,1,10,17,105045,Config_106,4,"sub(sub(add(-1, 1), DonorInMemory), add(DonorAction, sub(DonorAction, DonorInMemory)))",-2*DonorAction,Amnesia (Remember No One),418.0,413.0,382.0,0.0,420.2,
2026-05-04_02-43,Local_VSCode,DR2_Config_106_R5,Direct Reciprocity Mode 2 (Memory Ledger Search),5,1,10,10,0,100,1,0.5,0.0,0.0,10,100,0.1,0.5,0.2,3,1,genHalfAndHalf,1,10,17,105046,Config_106,5,"add(sub(DonorAction, 1), sub(DonorAction, 1))",2*DonorAction - 2,Amnesia (Remember No One),423.67,384.03,376.33,0.0,401.9,
2026-05-04_02-43,Local_VSCode,DR2_Config_107_R1,Direct Reciprocity Mode 2 (Memory Ledger Search),5,1,10,10,0,100,1,0.5,0.0,0.0,10,100,0.5,0.5,0.2,3,1,genHalfAndHalf,1,3,17,106042,Config_107,1,"add(DonorInMemory, DonorInMemory)",2*DonorInMemory,"Novel Rule: (True, False, True, False)",414.83,405.1,385.17,0.0,410.3,
2026-05-04_02-43,Local_VSCode,DR2_Config_107_R2,Direct Reciprocity Mode 2 (Memory Ledger Search),5,1,10,10,0,100,1,0.5,0.0,0.0,10,100,0.5,0.5,0.2,3,1,genHalfAndHalf,1,3,17,106043,Config_107,2,"sub(sub(sub(add(-10, DonorAction), mul(-1, -1)), DonorAction), -1)",-10,Amnesia (Remember No One),421.17,389.12,378.83,0.0,400.5,
2026-05-04_02-43,Local_VSCode,DR2_Config_107_R3,Direct Reciprocity Mode 2 (Memory Ledger Search),5,1,10,10,0,100,1,0.5,0.0,0.0,10,100,0.5,0.5,0.2,3,1,genHalfAndHalf,1,3,17,106044,Config_107,3,"mul(mul(mul(DonorAction, DonorAction), sub(DonorInMemory, -1)), DonorInMemory)",DonorAction**2*DonorInMemory*(DonorInMemory + 1),"Novel Rule: (True, False, False, False)",417.67,412.98,382.33,0.0,406.2,
2026-05-04_02-44,Local_VSCode,DR2_Config_107_R4,Direct Reciprocity Mode 2 (Memory Ledger Search),5,1,10,10,0,100,1,0.5,0.0,0.0,10,100,0.5,0.5,0.2,3,1,genHalfAndHalf,1,3,17,106045,Config_107,4,"add(mul(add(mul(DonorInMemory, 1), sub(DonorInMemory, DonorAction)), 1), DonorInMemory)",-DonorAction + 3*DonorInMemory,"Novel Rule: (True, False, True, False)",420.5,390.84,379.5,0.0,402.2,
2026-05-04_02-44,Local_VSCode,DR2_Config_107_R5,Direct Reciprocity Mode 2 (Memory Ledger Search),5,1,10,10,0,100,1,0.5,0.0,0.0,10,100,0.5,0.5,0.2,3,1,genHalfAndHalf,1,3,17,106046,Config_107,5,"add(sub(DonorInMemory, 1), mul(DonorInMemory, DonorAction))",DonorAction*DonorInMemory + DonorInMemory - 1,"Novel Rule: (True, False, False, False)",418.0,410.88,382.0,0.0,410.3,
2026-05-04_02-44,Local_VSCode,DR2_Config_108_R1,Direct Reciprocity Mode 2 (Memory Ledger Search),5,1,10,10,0,100,1,0.5,0.0,0.0,10,100,0.5,0.5,0.2,3,1,genHalfAndHalf,1,10,17,107042,Config_108,1,"mul(-10, mul(DonorInMemory, DonorInMemory))",-10*DonorInMemory**2,Amnesia (Remember No One),417.67,410.53,382.33,0.0,403.2,
2026-05-04_02-44,Local_VSCode,DR2_Config_108_R2,Direct Reciprocity Mode 2 (Memory Ledger Search),5,1,10,10,0,100,1,0.5,0.0,0.0,10,100,0.5,0.5,0.2,3,1,genHalfAndHalf,1,10,17,107043,Config_108,2,"mul(10, -10)",-100,Amnesia (Remember No One),414.33,381.21,385.67,0.0,396.1,
2026-05-04_02-44,Local_VSCode,DR2_Config_108_R3,Direct Reciprocity Mode 2 (Memory Ledger Search),5,1,10,10,0,100,1,0.5,0.0,0.0,10,100,0.5,0.5,0.2,3,1,genHalfAndHalf,1,10,17,107044,Config_108,3,"mul(add(-10, DonorAction), DonorInMemory)",DonorInMemory*(DonorAction - 10),Amnesia (Remember No One),429.67,397.31,370.33,0.0,394.5,
2026-05-04_02-44,Local_VSCode,DR2_Config_108_R4,Direct Reciprocity Mode 2 (Memory Ledger Search),5,1,10,10,0,100,1,0.5,0.0,0.0,10,100,0.5,0.5,0.2,3,1,genHalfAndHalf,1,10,17,107045,Config_108,4,"mul(DonorInMemory, sub(0, DonorInMemory))",-DonorInMemory**2,Amnesia (Remember No One),417.33,401.58,382.67,0.0,399.2,
2026-05-04_02-44,Local_VSCode,DR2_Config_108_R5,Direct Reciprocity Mode 2 (Memory Ledger Search),5,1,10,10,0,100,1,0.5,0.0,0.0,10,100,0.5,0.5,0.2,3,1,genHalfAndHalf,1,10,17,107046,Config_108,5,"add(add(DonorAction, -10), add(DonorInMemory, DonorInMemory))",DonorAction + 2*DonorInMemory - 10,Amnesia (Remember No One),420.83,397.33,379.17,0.0,399.8,
2026-05-04_02-46,Local_VSCode,DR2_Config_109_R1,Direct Reciprocity Mode 2 (Memory Ledger Search),5,1,10,10,0,100,1,0.5,0.0,0.0,100,100,0.1,0.5,0.2,3,1,genHalfAndHalf,1,3,17,108042,Config_109,1,"sub(0, DonorAction)",-DonorAction,Amnesia (Remember No One),425.5,400.43,374.5,0.0,392.4,
2026-05-04_02-47,Local_VSCode,DR2_Config_109_R2,Direct Reciprocity Mode 2 (Memory Ledger Search),5,1,10,10,0,100,1,0.5,0.0,0.0,100,100,0.1,0.5,0.2,3,1,genHalfAndHalf,1,3,17,108043,Config_109,2,"add(DonorInMemory, sub(add(add(DonorInMemory, 0), sub(-10, DonorInMemory)), DonorInMemory))",-10,Amnesia (Remember No One),422.5,403.02,377.5,0.0,397.0,
2026-05-04_02-48,Local_VSCode,DR2_Config_109_R3,Direct Reciprocity Mode 2 (Memory Ledger Search),5,1,10,10,0,100,1,0.5,0.0,0.0,100,100,0.1,0.5,0.2,3,1,genHalfAndHalf,1,3,17,108044,Config_109,3,"mul(mul(DonorInMemory, mul(-10, DonorAction)), mul(DonorInMemory, 0))",0,Amnesia (Remember No One),423.17,404.19,376.83,0.0,404.3,
2026-05-04_02-50,Local_VSCode,DR2_Config_109_R4,Direct Reciprocity Mode 2 (Memory Ledger Search),5,1,10,10,0,100,1,0.5,0.0,0.0,100,100,0.1,0.5,0.2,3,1,genHalfAndHalf,1,3,17,108045,Config_109,4,"add(mul(-10, add(mul(DonorInMemory, sub(-1, DonorInMemory)), mul(10, DonorInMemory))), add(-10, DonorInMemory))",10*DonorInMemory**2 - 89*DonorInMemory - 10,Amnesia (Remember No One),423.17,404.42,376.83,0.0,396.5,
2026-05-04_02-51,Local_VSCode,DR2_Config_109_R5,Direct Reciprocity Mode 2 (Memory Ledger Search),5,1,10,10,0,100,1,0.5,0.0,0.0,100,100,0.1,0.5,0.2,3,1,genHalfAndHalf,1,3,17,108046,Config_109,5,"sub(add(DonorInMemory, mul(0, DonorInMemory)), mul(DonorAction, DonorAction))",-DonorAction**2 + DonorInMemory,"Novel Rule: (False, False, True, False)",424.17,402.5,375.83,0.0,398.2,
2026-05-04_02-52,Local_VSCode,DR2_Config_110_R1,Direct Reciprocity Mode 2 (Memory Ledger Search),5,1,10,10,0,100,1,0.5,0.0,0.0,100,100,0.1,0.5,0.2,3,1,genHalfAndHalf,1,10,17,109042,Config_110,1,"mul(DonorInMemory, DonorInMemory)",DonorInMemory**2,"Novel Rule: (True, False, True, False)",425.83,405.83,374.17,0.0,403.1,
2026-05-04_02-54,Local_VSCode,DR2_Config_110_R2,Direct Reciprocity Mode 2 (Memory Ledger Search),5,1,10,10,0,100,1,0.5,0.0,0.0,100,100,0.1,0.5,0.2,3,1,genHalfAndHalf,1,10,17,109043,Config_110,2,"add(sub(DonorInMemory, DonorInMemory), sub(DonorInMemory, DonorInMemory))",0,Amnesia (Remember No One),424.67,395.9,375.33,0.0,399.4,
2026-05-04_02-55,Local_VSCode,DR2_Config_110_R3,Direct Reciprocity Mode 2 (Memory Ledger Search),5,1,10,10,0,100,1,0.5,0.0,0.0,100,100,0.1,0.5,0.2,3,1,genHalfAndHalf,1,10,17,109044,Config_110,3,"sub(mul(mul(-1, DonorAction), mul(-10, DonorInMemory)), DonorInMemory)",DonorInMemory*(10*DonorAction - 1),"Novel Rule: (True, False, False, False)",421.33,391.2,378.67,0.0,395.9,
2026-05-04_02-56,Local_VSCode,DR2_Config_110_R4,Direct Reciprocity Mode 2 (Memory Ledger Search),5,1,10,10,0,100,1,0.5,0.0,0.0,100,100,0.1,0.5,0.2,3,1,genHalfAndHalf,1,10,17,109045,Config_110,4,"mul(DonorInMemory, DonorInMemory)",DonorInMemory**2,"Novel Rule: (True, False, True, False)",422.33,404.57,377.67,0.0,399.3,
2026-05-04_02-58,Local_VSCode,DR2_Config_110_R5,Direct Reciprocity Mode 2 (Memory Ledger Search),5,1,10,10,0,100,1,0.5,0.0,0.0,100,100,0.1,0.5,0.2,3,1,genHalfAndHalf,1,10,17,109046,Config_110,5,"sub(mul(mul(add(10, mul(DonorAction, DonorInMemory)), -10), mul(DonorInMemory, 1)), mul(mul(DonorInMemory, 10), mul(DonorInMemory, DonorInMemory)))",10*DonorInMemory*(-DonorAction*DonorInMemory - DonorInMemory**2 - 10),Amnesia (Remember No One),425.0,399.35,375.0,0.0,401.4,
2026-05-04_02-59,Local_VSCode,DR2_Config_111_R1,Direct Reciprocity Mode 2 (Memory Ledger Search),5,1,10,10,0,100,1,0.5,0.0,0.0,100,100,0.5,0.5,0.2,3,1,genHalfAndHalf,1,3,17,110042,Config_111,1,"sub(DonorInMemory, DonorInMemory)",0,Amnesia (Remember No One),419.5,395.88,380.5,0.0,397.0,
2026-05-04_03-01,Local_VSCode,DR2_Config_111_R2,Direct Reciprocity Mode 2 (Memory Ledger Search),5,1,10,10,0,100,1,0.5,0.0,0.0,100,100,0.5,0.5,0.2,3,1,genHalfAndHalf,1,3,17,110043,Config_111,2,"add(mul(-1, DonorAction), -1)",-DonorAction - 1,Amnesia (Remember No One),422.33,398.4,377.67,0.0,398.4,
2026-05-04_03-02,Local_VSCode,DR2_Config_111_R3,Direct Reciprocity Mode 2 (Memory Ledger Search),5,1,10,10,0,100,1,0.5,0.0,0.0,100,100,0.5,0.5,0.2,3,1,genHalfAndHalf,1,3,17,110044,Config_111,3,"mul(DonorInMemory, DonorInMemory)",DonorInMemory**2,"Novel Rule: (True, False, True, False)",419.17,404.02,380.83,0.0,400.5,
2026-05-04_03-03,Local_VSCode,DR2_Config_111_R4,Direct Reciprocity Mode 2 (Memory Ledger Search),5,1,10,10,0,100,1,0.5,0.0,0.0,100,100,0.5,0.5,0.2,3,1,genHalfAndHalf,1,3,17,110045,Config_111,4,"mul(DonorInMemory, mul(DonorInMemory, DonorInMemory))",DonorInMemory**3,"Novel Rule: (True, False, True, False)",423.83,401.16,376.17,0.0,392.3,
2026-05-04_03-05,Local_VSCode,DR2_Config_111_R5,Direct Reciprocity Mode 2 (Memory Ledger Search),5,1,10,10,0,100,1,0.5,0.0,0.0,100,100,0.5,0.5,0.2,3,1,genHalfAndHalf,1,3,17,110046,Config_111,5,"mul(mul(DonorInMemory, add(-10, -1)), -10)",110*DonorInMemory,"Novel Rule: (True, False, True, False)",426.33,401.23,373.67,0.0,401.8,
2026-05-04_03-06,Local_VSCode,DR2_Config_112_R1,Direct Reciprocity Mode 2 (Memory Ledger Search),5,1,10,10,0,100,1,0.5,0.0,0.0,100,100,0.5,0.5,0.2,3,1,genHalfAndHalf,1,10,17,111042,Config_112,1,"mul(DonorInMemory, DonorAction)",DonorAction*DonorInMemory,"Novel Rule: (True, False, False, False)",419.83,396.31,380.17,0.0,405.1,
2026-05-04_03-07,Local_VSCode,DR2_Config_112_R2,Direct Reciprocity Mode 2 (Memory Ledger Search),5,1,10,10,0,100,1,0.5,0.0,0.0,100,100,0.5,0.5,0.2,3,1,genHalfAndHalf,1,10,17,111043,Config_112,2,"mul(DonorInMemory, DonorInMemory)",DonorInMemory**2,"Novel Rule: (True, False, True, False)",422.33,403.86,377.67,0.0,410.3,
2026-05-04_03-09,Local_VSCode,DR2_Config_112_R3,Direct Reciprocity Mode 2 (Memory Ledger Search),5,1,10,10,0,100,1,0.5,0.0,0.0,100,100,0.5,0.5,0.2,3,1,genHalfAndHalf,1,10,17,111044,Config_112,3,"sub(mul(DonorAction, sub(DonorAction, DonorAction)), DonorAction)",-DonorAction,Amnesia (Remember No One),422.5,400.41,377.5,0.0,399.0,
2026-05-04_03-10,Local_VSCode,DR2_Config_112_R4,Direct Reciprocity Mode 2 (Memory Ledger Search),5,1,10,10,0,100,1,0.5,0.0,0.0,100,100,0.5,0.5,0.2,3,1,genHalfAndHalf,1,10,17,111045,Config_112,4,"mul(10, DonorInMemory)",10*DonorInMemory,"Novel Rule: (True, False, True, False)",421.67,396.28,378.33,0.0,397.3,
2026-05-04_03-12,Local_VSCode,DR2_Config_112_R5,Direct Reciprocity Mode 2 (Memory Ledger Search),5,1,10,10,0,100,1,0.5,0.0,0.0,100,100,0.5,0.5,0.2,3,1,genHalfAndHalf,1,10,17,111046,Config_112,5,"sub(DonorAction, DonorAction)",0,Amnesia (Remember No One),418.17,395.72,381.83,0.0,398.8,
2026-05-04_03-12,Local_VSCode,DR2_Config_113_R1,Direct Reciprocity Mode 2 (Memory Ledger Search),5,1,10,10,10,10,1,0.5,0.0,0.0,10,100,0.1,0.5,0.2,3,1,genHalfAndHalf,1,3,17,112042,Config_113,1,"mul(DonorInMemory, DonorAction)",DonorAction*DonorInMemory,"Novel Rule: (True, False, False, False)",28.5,24.38,19.33,32.17,24.44,
2026-05-04_03-12,Local_VSCode,DR2_Config_113_R2,Direct Reciprocity Mode 2 (Memory Ledger Search),5,1,10,10,10,10,1,0.5,0.0,0.0,10,100,0.1,0.5,0.2,3,1,genHalfAndHalf,1,3,17,112043,Config_113,2,"add(DonorAction, sub(add(1, DonorAction), mul(DonorInMemory, -1)))",2*DonorAction + DonorInMemory + 1,Paranoid (Remember Everyone),28.43,23.8,19.0,25.5,25.78,
2026-05-04_03-12,Local_VSCode,DR2_Config_113_R3,Direct Reciprocity Mode 2 (Memory Ledger Search),5,1,10,10,10,10,1,0.5,0.0,0.0,10,100,0.1,0.5,0.2,3,1,genHalfAndHalf,1,3,17,112044,Config_113,3,"mul(DonorInMemory, DonorInMemory)",DonorInMemory**2,"Novel Rule: (True, False, True, False)",27.33,23.65,21.0,31.67,21.86,
2026-05-04_03-12,Local_VSCode,DR2_Config_113_R4,Direct Reciprocity Mode 2 (Memory Ledger Search),5,1,10,10,10,10,1,0.5,0.0,0.0,10,100,0.1,0.5,0.2,3,1,genHalfAndHalf,1,3,17,112045,Config_113,4,"sub(DonorInMemory, mul(mul(1, DonorAction), mul(10, DonorAction)))",-10*DonorAction**2 + DonorInMemory,"Novel Rule: (False, False, True, False)",29.17,25.2,17.33,33.5,19.46,
2026-05-04_03-12,Local_VSCode,DR2_Config_113_R5,Direct Reciprocity Mode 2 (Memory Ledger Search),5,1,10,10,10,10,1,0.5,0.0,0.0,10,100,0.1,0.5,0.2,3,1,genHalfAndHalf,1,3,17,112046,Config_113,5,"add(mul(-1, 1), mul(mul(-1, 1), 1))",-2,Amnesia (Remember No One),28.5,24.59,20.33,31.17,23.02,
2026-05-04_03-12,Local_VSCode,DR2_Config_114_R1,Direct Reciprocity Mode 2 (Memory Ledger Search),5,1,10,10,10,10,1,0.5,0.0,0.0,10,100,0.1,0.5,0.2,3,1,genHalfAndHalf,1,10,17,113042,Config_114,1,"sub(DonorInMemory, DonorInMemory)",0,Amnesia (Remember No One),28.33,23.59,22.33,29.33,22.54,
2026-05-04_03-12,Local_VSCode,DR2_Config_114_R2,Direct Reciprocity Mode 2 (Memory Ledger Search),5,1,10,10,10,10,1,0.5,0.0,0.0,10,100,0.1,0.5,0.2,3,1,genHalfAndHalf,1,10,17,113043,Config_114,2,"mul(mul(DonorAction, DonorInMemory), DonorInMemory)",DonorAction*DonorInMemory**2,"Novel Rule: (True, False, False, False)",28.83,25.07,18.5,32.67,21.02,
2026-05-04_03-12,Local_VSCode,DR2_Config_114_R3,Direct Reciprocity Mode 2 (Memory Ledger Search),5,1,10,10,10,10,1,0.5,0.0,0.0,10,100,0.1,0.5,0.2,3,1,genHalfAndHalf,1,10,17,113044,Config_114,3,"mul(mul(add(mul(1, DonorAction), DonorAction), mul(1, DonorAction)), add(-10, DonorInMemory))",2*DonorAction**2*(DonorInMemory - 10),Amnesia (Remember No One),29.33,25.13,17.0,33.67,22.84,
2026-05-04_03-12,Local_VSCode,DR2_Config_114_R4,Direct Reciprocity Mode 2 (Memory Ledger Search),5,1,10,10,10,10,1,0.5,0.0,0.0,10,100,0.1,0.5,0.2,3,1,genHalfAndHalf,1,10,17,113045,Config_114,4,"sub(DonorAction, DonorAction)",0,Amnesia (Remember No One),27.33,24.67,21.5,31.17,21.82,
2026-05-04_03-12,Local_VSCode,DR2_Config_114_R5,Direct Reciprocity Mode 2 (Memory Ledger Search),5,1,10,10,10,10,1,0.5,0.0,0.0,10,100,0.1,0.5,0.2,3,1,genHalfAndHalf,1,10,17,113046,Config_114,5,"sub(DonorAction, DonorAction)",0,Amnesia (Remember No One),29.0,24.6,18.5,32.5,23.18,
2026-05-04_03-12,Local_VSCode,DR2_Config_115_R1,Direct Reciprocity Mode 2 (Memory Ledger Search),5,1,10,10,10,10,1,0.5,0.0,0.0,10,100,0.5,0.5,0.2,3,1,genHalfAndHalf,1,3,17,114042,Config_115,1,"add(DonorInMemory, DonorInMemory)",2*DonorInMemory,"Novel Rule: (True, False, True, False)",26.83,22.72,19.33,33.83,21.48,
2026-05-04_03-12,Local_VSCode,DR2_Config_115_R2,Direct Reciprocity Mode 2 (Memory Ledger Search),5,1,10,10,10,10,1,0.5,0.0,0.0,10,100,0.5,0.5,0.2,3,1,genHalfAndHalf,1,3,17,114043,Config_115,2,"mul(-10, DonorInMemory)",-10*DonorInMemory,Amnesia (Remember No One),27.17,24.43,19.0,33.83,28.14,
2026-05-04_03-12,Local_VSCode,DR2_Config_115_R3,Direct Reciprocity Mode 2 (Memory Ledger Search),5,1,10,10,10,10,1,0.5,0.0,0.0,10,100,0.5,0.5,0.2,3,1,genHalfAndHalf,1,3,17,114044,Config_115,3,"mul(-1, DonorInMemory)",-DonorInMemory,Amnesia (Remember No One),27.17,23.66,22.5,30.33,23.48,
2026-05-04_03-12,Local_VSCode,DR2_Config_115_R4,Direct Reciprocity Mode 2 (Memory Ledger Search),5,1,10,10,10,10,1,0.5,0.0,0.0,10,100,0.5,0.5,0.2,3,1,genHalfAndHalf,1,3,17,114045,Config_115,4,"sub(DonorInMemory, DonorAction)",-DonorAction + DonorInMemory,"Novel Rule: (False, False, True, False)",28.17,24.48,19.5,32.33,25.2,
2026-05-04_03-12,Local_VSCode,DR2_Config_115_R5,Direct Reciprocity Mode 2 (Memory Ledger Search),5,1,10,10,10,10,1,0.5,0.0,0.0,10,100,0.5,0.5,0.2,3,1,genHalfAndHalf,1,3,17,114046,Config_115,5,"add(DonorInMemory, DonorInMemory)",2*DonorInMemory,"Novel Rule: (True, False, True, False)",26.5,23.7,22.17,31.33,23.2,
2026-05-04_03-12,Local_VSCode,DR2_Config_116_R1,Direct Reciprocity Mode 2 (Memory Ledger Search),5,1,10,10,10,10,1,0.5,0.0,0.0,10,100,0.5,0.5,0.2,3,1,genHalfAndHalf,1,10,17,115042,Config_116,1,"sub(0, 0)",0,Amnesia (Remember No One),27.5,24.73,18.5,34.0,23.44,
2026-05-04_03-12,Local_VSCode,DR2_Config_116_R2,Direct Reciprocity Mode 2 (Memory Ledger Search),5,1,10,10,10,10,1,0.5,0.0,0.0,10,100,0.5,0.5,0.2,3,1,genHalfAndHalf,1,10,17,115043,Config_116,2,"add(-1, DonorAction)",DonorAction - 1,Amnesia (Remember No One),29.0,23.58,19.0,32.0,23.1,
2026-05-04_03-12,Local_VSCode,DR2_Config_116_R3,Direct Reciprocity Mode 2 (Memory Ledger Search),5,1,10,10,10,10,1,0.5,0.0,0.0,10,100,0.5,0.5,0.2,3,1,genHalfAndHalf,1,10,17,115044,Config_116,3,"add(-10, DonorAction)",DonorAction - 10,Amnesia (Remember No One),27.33,23.7,21.17,31.5,23.82,
2026-05-04_03-12,Local_VSCode,DR2_Config_116_R4,Direct Reciprocity Mode 2 (Memory Ledger Search),5,1,10,10,10,10,1,0.5,0.0,0.0,10,100,0.5,0.5,0.2,3,1,genHalfAndHalf,1,10,17,115045,Config_116,4,"mul(DonorInMemory, DonorInMemory)",DonorInMemory**2,"Novel Rule: (True, False, True, False)",27.67,23.53,21.33,31.0,23.76,
2026-05-04_03-12,Local_VSCode,DR2_Config_116_R5,Direct Reciprocity Mode 2 (Memory Ledger Search),5,1,10,10,10,10,1,0.5,0.0,0.0,10,100,0.5,0.5,0.2,3,1,genHalfAndHalf,1,10,17,115046,Config_116,5,"sub(DonorAction, DonorAction)",0,Amnesia (Remember No One),27.33,23.48,20.83,31.83,25.22,
2026-05-04_03-13,Local_VSCode,DR2_Config_117_R1,Direct Reciprocity Mode 2 (Memory Ledger Search),5,1,10,10,10,10,1,0.5,0.0,0.0,100,100,0.1,0.5,0.2,3,1,genHalfAndHalf,1,3,17,116042,Config_117,1,"add(sub(DonorInMemory, 1), add(DonorInMemory, DonorInMemory))",3*DonorInMemory - 1,"Novel Rule: (True, False, True, False)",30.67,24.14,21.17,28.17,23.86,
2026-05-04_03-13,Local_VSCode,DR2_Config_117_R2,Direct Reciprocity Mode 2 (Memory Ledger Search),5,1,10,10,10,10,1,0.5,0.0,0.0,100,100,0.1,0.5,0.2,3,1,genHalfAndHalf,1,3,17,116043,Config_117,2,"sub(mul(DonorAction, 10), -1)",10*DonorAction + 1,Paranoid (Remember Everyone),29.4,24.79,17.33,27.67,22.1,
2026-05-04_03-13,Local_VSCode,DR2_Config_117_R3,Direct Reciprocity Mode 2 (Memory Ledger Search),5,1,10,10,10,10,1,0.5,0.0,0.0,100,100,0.1,0.5,0.2,3,1,genHalfAndHalf,1,3,17,116044,Config_117,3,"add(DonorInMemory, sub(DonorInMemory, DonorAction))",-DonorAction + 2*DonorInMemory,"Novel Rule: (True, False, True, False)",29.5,24.3,19.0,31.5,22.22,
2026-05-04_03-14,Local_VSCode,DR2_Config_117_R4,Direct Reciprocity Mode 2 (Memory Ledger Search),5,1,10,10,10,10,1,0.5,0.0,0.0,100,100,0.1,0.5,0.2,3,1,genHalfAndHalf,1,3,17,116045,Config_117,4,"mul(DonorInMemory, DonorInMemory)",DonorInMemory**2,"Novel Rule: (True, False, True, False)",29.17,25.26,19.0,31.83,23.4,
2026-05-04_03-14,Local_VSCode,DR2_Config_117_R5,Direct Reciprocity Mode 2 (Memory Ledger Search),5,1,10,10,10,10,1,0.5,0.0,0.0,100,100,0.1,0.5,0.2,3,1,genHalfAndHalf,1,3,17,116046,Config_117,5,"mul(0, 1)",0,Amnesia (Remember No One),29.33,24.01,18.33,32.33,21.9,
2026-05-04_03-14,Local_VSCode,DR2_Config_118_R1,Direct Reciprocity Mode 2 (Memory Ledger Search),5,1,10,10,10,10,1,0.5,0.0,0.0,100,100,0.1,0.5,0.2,3,1,genHalfAndHalf,1,10,17,117042,Config_118,1,"mul(mul(DonorInMemory, DonorInMemory), -1)",-DonorInMemory**2,Amnesia (Remember No One),29.5,24.17,20.0,30.5,20.0,
2026-05-04_03-14,Local_VSCode,DR2_Config_118_R2,Direct Reciprocity Mode 2 (Memory Ledger Search),5,1,10,10,10,10,1,0.5,0.0,0.0,100,100,0.1,0.5,0.2,3,1,genHalfAndHalf,1,10,17,117043,Config_118,2,"sub(1, 1)",0,Amnesia (Remember No One),29.33,23.96,18.83,31.83,23.48,
2026-05-04_03-15,Local_VSCode,DR2_Config_118_R3,Direct Reciprocity Mode 2 (Memory Ledger Search),5,1,10,10,10,10,1,0.5,0.0,0.0,100,100,0.1,0.5,0.2,3,1,genHalfAndHalf,1,10,17,117044,Config_118,3,"sub(sub(0, add(sub(DonorAction, DonorAction), sub(DonorAction, DonorInMemory))), 10)",-DonorAction + DonorInMemory - 10,Amnesia (Remember No One),29.5,24.38,20.5,30.0,20.84,
2026-05-04_03-15,Local_VSCode,DR2_Config_118_R4,Direct Reciprocity Mode 2 (Memory Ledger Search),5,1,10,10,10,10,1,0.5,0.0,0.0,100,100,0.1,0.5,0.2,3,1,genHalfAndHalf,1,10,17,117045,Config_118,4,"add(DonorInMemory, DonorInMemory)",2*DonorInMemory,"Novel Rule: (True, False, True, False)",30.0,24.21,19.33,30.67,23.56,
2026-05-04_03-16,Local_VSCode,DR2_Config_118_R5,Direct Reciprocity Mode 2 (Memory Ledger Search),5,1,10,10,10,10,1,0.5,0.0,0.0,100,100,0.1,0.5,0.2,3,1,genHalfAndHalf,1,10,17,117046,Config_118,5,"mul(add(DonorAction, -1), -1)",1 - DonorAction,Strict Ledger (TFT Base),29.8,24.93,19.33,27.67,22.56,
2026-05-04_03-16,Local_VSCode,DR2_Config_119_R1,Direct Reciprocity Mode 2 (Memory Ledger Search),5,1,10,10,10,10,1,0.5,0.0,0.0,100,100,0.5,0.5,0.2,3,1,genHalfAndHalf,1,3,17,118042,Config_119,1,"mul(DonorInMemory, DonorAction)",DonorAction*DonorInMemory,"Novel Rule: (True, False, False, False)",29.5,24.96,18.33,32.17,22.22,
2026-05-04_03-16,Local_VSCode,DR2_Config_119_R2,Direct Reciprocity Mode 2 (Memory Ledger Search),5,1,10,10,10,10,1,0.5,0.0,0.0,100,100,0.5,0.5,0.2,3,1,genHalfAndHalf,1,3,17,118043,Config_119,2,"sub(DonorInMemory, DonorInMemory)",0,Amnesia (Remember No One),29.0,24.03,20.17,30.83,21.96,
2026-05-04_03-16,Local_VSCode,DR2_Config_119_R3,Direct Reciprocity Mode 2 (Memory Ledger Search),5,1,10,10,10,10,1,0.5,0.0,0.0,100,100,0.5,0.5,0.2,3,1,genHalfAndHalf,1,3,17,118044,Config_119,3,"mul(DonorInMemory, DonorAction)",DonorAction*DonorInMemory,"Novel Rule: (True, False, False, False)",29.17,24.18,23.0,27.83,25.32,
2026-05-04_03-17,Local_VSCode,DR2_Config_119_R4,Direct Reciprocity Mode 2 (Memory Ledger Search),5,1,10,10,10,10,1,0.5,0.0,0.0,100,100,0.5,0.5,0.2,3,1,genHalfAndHalf,1,3,17,118045,Config_119,4,"add(0, 0)",0,Amnesia (Remember No One),28.5,24.23,20.0,31.5,25.6,
2026-05-04_03-17,Local_VSCode,DR2_Config_119_R5,Direct Reciprocity Mode 2 (Memory Ledger Search),5,1,10,10,10,10,1,0.5,0.0,0.0,100,100,0.5,0.5,0.2,3,1,genHalfAndHalf,1,3,17,118046,Config_119,5,"mul(DonorInMemory, DonorInMemory)",DonorInMemory**2,"Novel Rule: (True, False, True, False)",29.5,24.47,17.17,33.33,21.06,
2026-05-04_03-17,Local_VSCode,DR2_Config_120_R1,Direct Reciprocity Mode 2 (Memory Ledger Search),5,1,10,10,10,10,1,0.5,0.0,0.0,100,100,0.5,0.5,0.2,3,1,genHalfAndHalf,1,10,17,119042,Config_120,1,"mul(0, mul(DonorAction, -1))",0,Amnesia (Remember No One),30.83,24.71,18.33,30.83,22.04,
2026-05-04_03-18,Local_VSCode,DR2_Config_120_R2,Direct Reciprocity Mode 2 (Memory Ledger Search),5,1,10,10,10,10,1,0.5,0.0,0.0,100,100,0.5,0.5,0.2,3,1,genHalfAndHalf,1,10,17,119043,Config_120,2,"sub(DonorInMemory, DonorAction)",-DonorAction + DonorInMemory,"Novel Rule: (False, False, True, False)",30.5,23.56,20.17,29.33,20.78,
2026-05-04_03-18,Local_VSCode,DR2_Config_120_R3,Direct Reciprocity Mode 2 (Memory Ledger Search),5,1,10,10,10,10,1,0.5,0.0,0.0,100,100,0.5,0.5,0.2,3,1,genHalfAndHalf,1,10,17,119044,Config_120,3,"mul(DonorInMemory, 0)",0,Amnesia (Remember No One),29.83,24.64,19.5,30.67,24.2,
2026-05-04_03-18,Local_VSCode,DR2_Config_120_R4,Direct Reciprocity Mode 2 (Memory Ledger Search),5,1,10,10,10,10,1,0.5,0.0,0.0,100,100,0.5,0.5,0.2,3,1,genHalfAndHalf,1,10,17,119045,Config_120,4,"mul(DonorAction, DonorInMemory)",DonorAction*DonorInMemory,"Novel Rule: (True, False, False, False)",30.67,24.18,18.5,30.83,24.38,
2026-05-04_03-19,Local_VSCode,DR2_Config_120_R5,Direct Reciprocity Mode 2 (Memory Ledger Search),5,1,10,10,10,10,1,0.5,0.0,0.0,100,100,0.5,0.5,0.2,3,1,genHalfAndHalf,1,10,17,119046,Config_120,5,"sub(DonorAction, DonorAction)",0,Amnesia (Remember No One),28.67,23.78,19.67,31.67,25.68,
2026-05-04_03-19,Local_VSCode,DR2_Config_121_R1,Direct Reciprocity Mode 2 (Memory Ledger Search),5,1,10,10,10,100,1,0.5,0.0,0.0,10,100,0.1,0.5,0.2,3,1,genHalfAndHalf,1,3,17,120042,Config_121,1,"add(10, mul(-10, mul(mul(-10, mul(DonorAction, sub(add(add(-10, DonorInMemory), sub(-10, DonorInMemory)), sub(add(DonorInMemory, 10), add(DonorAction, DonorInMemory))))), sub(10, DonorInMemory))))",-100*DonorAction*(DonorAction - 30)*(DonorInMemory - 10) + 10,Strict Ledger (TFT Base),269.33,246.22,221.0,207.0,245.44,
2026-05-04_03-19,Local_VSCode,DR2_Config_121_R2,Direct Reciprocity Mode 2 (Memory Ledger Search),5,1,10,10,10,100,1,0.5,0.0,0.0,10,100,0.1,0.5,0.2,3,1,genHalfAndHalf,1,3,17,120043,Config_121,2,"sub(add(DonorInMemory, 1), mul(DonorAction, add(DonorInMemory, add(DonorInMemory, 1))))",-DonorAction*(2*DonorInMemory + 1) + DonorInMemory + 1,Strict Ledger (TFT Base),264.93,244.87,218.5,217.5,244.78,
2026-05-04_03-19,Local_VSCode,DR2_Config_121_R3,Direct Reciprocity Mode 2 (Memory Ledger Search),5,1,10,10,10,100,1,0.5,0.0,0.0,10,100,0.1,0.5,0.2,3,1,genHalfAndHalf,1,3,17,120044,Config_121,3,"add(mul(sub(DonorInMemory, add(sub(DonorAction, mul(DonorAction, DonorAction)), sub(mul(DonorAction, 10), sub(DonorInMemory, -1)))), 1), add(sub(1, add(DonorAction, DonorInMemory)), sub(DonorInMemory, DonorAction)))",DonorAction**2 - 13*DonorAction + 2*DonorInMemory + 2,Strict Ledger (TFT Base),270.57,252.25,210.17,220.33,252.28,
2026-05-04_03-20,Local_VSCode,DR2_Config_121_R4,Direct Reciprocity Mode 2 (Memory Ledger Search),5,1,10,10,10,100,1,0.5,0.0,0.0,10,100,0.1,0.5,0.2,3,1,genHalfAndHalf,1,3,17,120045,Config_121,4,"sub(sub(add(-1, add(DonorInMemory, add(-1, DonorAction))), mul(add(-1, DonorAction), add(10, DonorInMemory))), mul(DonorInMemory, -1))",-DonorAction*DonorInMemory - 9*DonorAction + 3*DonorInMemory + 8,"Novel Rule: (True, False, True, True)",267.23,229.47,213.5,219.0,253.6,
2026-05-04_03-20,Local_VSCode,DR2_Config_121_R5,Direct Reciprocity Mode 2 (Memory Ledger Search),5,1,10,10,10,100,1,0.5,0.0,0.0,10,100,0.1,0.5,0.2,3,1,genHalfAndHalf,1,3,17,120046,Config_121,5,"mul(mul(DonorAction, mul(DonorAction, DonorInMemory)), DonorInMemory)",DonorAction**2*DonorInMemory**2,"Novel Rule: (True, False, False, False)",243.17,233.97,220.5,336.33,247.06,
2026-05-04_03-20,Local_VSCode,DR2_Config_122_R1,Direct Reciprocity Mode 2 (Memory Ledger Search),5,1,10,10,10,100,1,0.5,0.0,0.0,10,100,0.1,0.5,0.2,3,1,genHalfAndHalf,1,10,17,121042,Config_122,1,"mul(sub(sub(1, mul(add(sub(DonorAction, DonorAction), -1), DonorInMemory)), mul(mul(mul(0, DonorAction), add(DonorAction, 0)), add(sub(DonorInMemory, 0), sub(10, 10)))), sub(mul(sub(-10, DonorAction), mul(mul(sub(-10, DonorAction), mul(-10, DonorAction)), DonorAction)), add(sub(-10, sub(mul(add(DonorInMemory, DonorAction), 1), add(add(0, DonorInMemory), mul(1, DonorAction)))), mul(DonorInMemory, mul(sub(-10, DonorAction), mul(1, DonorInMemory))))))",(DonorInMemory + 1)*(-10*DonorAction**2*(DonorAction + 10)**2 + DonorInMemory**2*(DonorAction + 10) + 10),Strict Ledger (TFT Base),278.67,248.22,217.83,209.5,252.86,
2026-05-04_03-20,Local_VSCode,DR2_Config_122_R2,Direct Reciprocity Mode 2 (Memory Ledger Search),5,1,10,10,10,100,1,0.5,0.0,0.0,10,100,0.1,0.5,0.2,3,1,genHalfAndHalf,1,10,17,121043,Config_122,2,"add(sub(sub(10, sub(add(DonorAction, add(DonorAction, DonorAction)), 1)), sub(DonorAction, 1)), -10)",2 - 4*DonorAction,Strict Ledger (TFT Base),266.03,255.86,226.17,210.33,258.44,
2026-05-04_03-21,Local_VSCode,DR2_Config_122_R3,Direct Reciprocity Mode 2 (Memory Ledger Search),5,1,10,10,10,100,1,0.5,0.0,0.0,10,100,0.1,0.5,0.2,3,1,genHalfAndHalf,1,10,17,121044,Config_122,3,"mul(add(add(DonorInMemory, add(DonorInMemory, 0)), 0), mul(add(mul(DonorInMemory, DonorAction), add(DonorAction, 10)), sub(mul(DonorAction, DonorInMemory), mul(10, DonorAction))))",2*DonorAction*DonorInMemory*(DonorInMemory - 10)*(DonorAction*DonorInMemory + DonorAction + 10),Amnesia (Remember No One),249.17,241.82,215.17,335.67,250.22,
2026-05-04_03-21,Local_VSCode,DR2_Config_122_R4,Direct Reciprocity Mode 2 (Memory Ledger Search),5,1,10,10,10,100,1,0.5,0.0,0.0,10,100,0.1,0.5,0.2,3,1,genHalfAndHalf,1,10,17,121045,Config_122,4,"sub(1, add(mul(add(1, mul(add(1, mul(sub(add(-10, -10), 1), 1)), sub(DonorInMemory, sub(add(-10, -10), 1)))), sub(10, 10)), mul(DonorAction, 10)))",1 - 10*DonorAction,Strict Ledger (TFT Base),270.67,244.98,218.5,212.83,258.74,
2026-05-04_03-21,Local_VSCode,DR2_Config_122_R5,Direct Reciprocity Mode 2 (Memory Ledger Search),5,1,10,10,10,100,1,0.5,0.0,0.0,10,100,0.1,0.5,0.2,3,1,genHalfAndHalf,1,10,17,121046,Config_122,5,"add(sub(mul(sub(mul(DonorInMemory, sub(-1, sub(DonorAction, DonorAction))), DonorAction), DonorAction), DonorInMemory), mul(sub(mul(sub(1, DonorAction), sub(DonorInMemory, -1)), DonorAction), sub(DonorInMemory, -1)))",-DonorAction*(DonorAction + DonorInMemory) - DonorInMemory - (DonorAction + (DonorAction - 1)*(DonorInMemory + 1))*(DonorInMemory + 1),Strict Ledger (TFT Base),268.1,255.78,214.5,219.67,254.48,
2026-05-04_03-22,Local_VSCode,DR2_Config_123_R1,Direct Reciprocity Mode 2 (Memory Ledger Search),5,1,10,10,10,100,1,0.5,0.0,0.0,10,100,0.5,0.5,0.2,3,1,genHalfAndHalf,1,3,17,122042,Config_123,1,"add(mul(10, sub(sub(DonorInMemory, 0), add(-1, DonorAction))), mul(add(DonorAction, 1), add(-10, 10)))",-10*DonorAction + 10*DonorInMemory + 10,"Novel Rule: (True, False, True, True)",266.43,241.24,222.83,209.0,247.06,
2026-05-04_03-22,Local_VSCode,DR2_Config_123_R2,Direct Reciprocity Mode 2 (Memory Ledger Search),5,1,10,10,10,100,1,0.5,0.0,0.0,10,100,0.5,0.5,0.2,3,1,genHalfAndHalf,1,3,17,122043,Config_123,2,"add(mul(sub(DonorInMemory, DonorAction), sub(DonorAction, DonorInMemory)), add(DonorInMemory, add(DonorInMemory, 1)))",2*DonorInMemory - (DonorAction - DonorInMemory)**2 + 1,"Novel Rule: (True, False, True, True)",265.53,243.1,219.5,216.83,248.56,
2026-05-04_03-22,Local_VSCode,DR2_Config_123_R3,Direct Reciprocity Mode 2 (Memory Ledger Search),5,1,10,10,10,100,1,0.5,0.0,0.0,10,100,0.5,0.5,0.2,3,1,genHalfAndHalf,1,3,17,122044,Config_123,3,"add(-1, add(sub(sub(-1, DonorInMemory), add(DonorAction, -10)), add(mul(DonorAction, -10), add(DonorInMemory, DonorAction))))",8 - 10*DonorAction,Strict Ledger (TFT Base),268.47,241.91,215.83,217.83,259.96,
2026-05-04_03-22,Local_VSCode,DR2_Config_123_R4,Direct Reciprocity Mode 2 (Memory Ledger Search),5,1,10,10,10,100,1,0.5,0.0,0.0,10,100,0.5,0.5,0.2,3,1,genHalfAndHalf,1,3,17,122045,Config_123,4,"mul(DonorInMemory, add(DonorAction, DonorInMemory))",DonorInMemory*(DonorAction + DonorInMemory),"Novel Rule: (True, False, True, False)",243.17,230.94,207.17,349.67,249.92,
2026-05-04_03-22,Local_VSCode,DR2_Config_123_R5,Direct Reciprocity Mode 2 (Memory Ledger Search),5,1,10,10,10,100,1,0.5,0.0,0.0,10,100,0.5,0.5,0.2,3,1,genHalfAndHalf,1,3,17,122046,Config_123,5,"add(DonorInMemory, mul(DonorInMemory, add(10, 0)))",11*DonorInMemory,"Novel Rule: (True, False, True, False)",247.0,225.43,213.5,339.5,258.68,
2026-05-04_03-23,Local_VSCode,DR2_Config_124_R1,Direct Reciprocity Mode 2 (Memory Ledger Search),5,1,10,10,10,100,1,0.5,0.0,0.0,10,100,0.5,0.5,0.2,3,1,genHalfAndHalf,1,10,17,123042,Config_124,1,"mul(add(-1, -1), sub(add(sub(add(DonorAction, DonorAction), add(DonorAction, 1)), mul(DonorInMemory, DonorAction)), DonorInMemory))",-2*DonorAction*DonorInMemory - 2*DonorAction + 2*DonorInMemory + 2,Strict Ledger (TFT Base),266.43,231.73,219.33,213.83,249.98,
2026-05-04_03-23,Local_VSCode,DR2_Config_124_R2,Direct Reciprocity Mode 2 (Memory Ledger Search),5,1,10,10,10,100,1,0.5,0.0,0.0,10,100,0.5,0.5,0.2,3,1,genHalfAndHalf,1,10,17,123043,Config_124,2,"mul(add(-10, add(DonorAction, -1)), add(DonorAction, -1))",(DonorAction - 11)*(DonorAction - 1),Strict Ledger (TFT Base),261.63,247.98,218.5,218.0,251.8,
2026-05-04_03-23,Local_VSCode,DR2_Config_124_R3,Direct Reciprocity Mode 2 (Memory Ledger Search),5,1,10,10,10,100,1,0.5,0.0,0.0,10,100,0.5,0.5,0.2,3,1,genHalfAndHalf,1,10,17,123044,Config_124,3,"add(sub(mul(-10, DonorAction), add(add(DonorAction, 0), -10)), add(DonorInMemory, DonorInMemory))",-11*DonorAction + 2*DonorInMemory + 10,"Novel Rule: (True, False, True, True)",266.1,248.61,226.67,212.17,247.38,
2026-05-04_03-23,Local_VSCode,DR2_Config_124_R4,Direct Reciprocity Mode 2 (Memory Ledger Search),5,1,10,10,10,100,1,0.5,0.0,0.0,10,100,0.5,0.5,0.2,3,1,genHalfAndHalf,1,10,17,123045,Config_124,4,"sub(mul(DonorAction, -1), -1)",1 - DonorAction,Strict Ledger (TFT Base),265.5,228.58,222.0,211.83,243.34,
2026-05-04_03-24,Local_VSCode,DR2_Config_124_R5,Direct Reciprocity Mode 2 (Memory Ledger Search),5,1,10,10,10,100,1,0.5,0.0,0.0,10,100,0.5,0.5,0.2,3,1,genHalfAndHalf,1,10,17,123046,Config_124,5,"sub(1, DonorAction)",1 - DonorAction,Strict Ledger (TFT Base),263.8,242.33,228.5,209.83,253.2,
2026-05-04_03-26,Local_VSCode,DR2_Config_125_R1,Direct Reciprocity Mode 2 (Memory Ledger Search),5,1,10,10,10,100,1,0.5,0.0,0.0,100,100,0.1,0.5,0.2,3,1,genHalfAndHalf,1,3,17,124042,Config_125,1,"sub(add(sub(1, DonorAction), mul(sub(0, DonorAction), 10)), mul(add(DonorInMemory, 0), add(DonorInMemory, 0)))",-11*DonorAction - DonorInMemory**2 + 1,"Novel Rule: (False, False, False, True)",275.57,253.93,206.5,257.67,259.02,
2026-05-04_03-29,Local_VSCode,DR2_Config_125_R2,Direct Reciprocity Mode 2 (Memory Ledger Search),5,1,10,10,10,100,1,0.5,0.0,0.0,100,100,0.1,0.5,0.2,3,1,genHalfAndHalf,1,3,17,124043,Config_125,2,"mul(sub(mul(DonorAction, -10), add(-1, DonorAction)), add(mul(DonorAction, DonorInMemory), sub(add(1, DonorInMemory), DonorInMemory)))",-(11*DonorAction - 1)*(DonorAction*DonorInMemory + 1),Strict Ledger (TFT Base),270.87,242.85,215.67,216.0,248.04,
2026-05-04_03-31,Local_VSCode,DR2_Config_125_R3,Direct Reciprocity Mode 2 (Memory Ledger Search),5,1,10,10,10,100,1,0.5,0.0,0.0,100,100,0.1,0.5,0.2,3,1,genHalfAndHalf,1,3,17,124044,Config_125,3,"add(add(mul(DonorInMemory, DonorInMemory), sub(add(1, add(add(1, DonorAction), DonorInMemory)), 1)), add(add(mul(DonorInMemory, DonorInMemory), 1), mul(DonorAction, -10)))",-9*DonorAction + 2*DonorInMemory**2 + DonorInMemory + 2,Strict Ledger (TFT Base),272.53,243.24,225.83,206.17,253.36,
2026-05-04_03-33,Local_VSCode,DR2_Config_125_R4,Direct Reciprocity Mode 2 (Memory Ledger Search),5,1,10,10,10,100,1,0.5,0.0,0.0,100,100,0.1,0.5,0.2,3,1,genHalfAndHalf,1,3,17,124045,Config_125,4,"sub(1, DonorAction)",1 - DonorAction,Strict Ledger (TFT Base),274.13,248.49,214.0,212.0,256.66,
2026-05-04_03-35,Local_VSCode,DR2_Config_125_R5,Direct Reciprocity Mode 2 (Memory Ledger Search),5,1,10,10,10,100,1,0.5,0.0,0.0,100,100,0.1,0.5,0.2,3,1,genHalfAndHalf,1,3,17,124046,Config_125,5,"sub(mul(mul(DonorAction, DonorInMemory), mul(mul(sub(mul(add(sub(DonorAction, 1), sub(DonorAction, DonorAction)), mul(add(1, DonorInMemory), mul(1, DonorAction))), DonorInMemory), mul(DonorAction, 10)), DonorAction)), sub(DonorAction, 1))",10*DonorAction**3*DonorInMemory*(DonorAction*(DonorAction - 1)*(DonorInMemory + 1) - DonorInMemory) - DonorAction + 1,Strict Ledger (TFT Base),273.07,257.22,214.17,213.83,253.84,
2026-05-04_03-38,Local_VSCode,DR2_Config_126_R1,Direct Reciprocity Mode 2 (Memory Ledger Search),5,1,10,10,10,100,1,0.5,0.0,0.0,100,100,0.1,0.5,0.2,3,1,genHalfAndHalf,1,10,17,125042,Config_126,1,"sub(sub(add(1, DonorInMemory), mul(DonorAction, DonorAction)), mul(add(0, mul(DonorAction, DonorAction)), sub(1, mul(mul(10, -1), sub(1, DonorAction)))))",10*DonorAction**3 - 12*DonorAction**2 + DonorInMemory + 1,Strict Ledger (TFT Base),273.87,246.36,211.83,217.5,243.72,
2026-05-04_03-40,Local_VSCode,DR2_Config_126_R2,Direct Reciprocity Mode 2 (Memory Ledger Search),5,1,10,10,10,100,1,0.5,0.0,0.0,100,100,0.1,0.5,0.2,3,1,genHalfAndHalf,1,10,17,125043,Config_126,2,"sub(1, add(DonorAction, add(DonorAction, mul(0, 10))))",1 - 2*DonorAction,Strict Ledger (TFT Base),272.77,252.82,216.67,214.83,250.1,
2026-05-04_03-42,Local_VSCode,DR2_Config_126_R3,Direct Reciprocity Mode 2 (Memory Ledger Search),5,1,10,10,10,100,1,0.5,0.0,0.0,100,100,0.1,0.5,0.2,3,1,genHalfAndHalf,1,10,17,125044,Config_126,3,"sub(sub(mul(DonorInMemory, 1), add(DonorAction, DonorAction)), -1)",-2*DonorAction + DonorInMemory + 1,Strict Ledger (TFT Base),273.53,247.18,215.67,214.0,247.52,
2026-05-04_03-44,Local_VSCode,DR2_Config_126_R4,Direct Reciprocity Mode 2 (Memory Ledger Search),5,1,10,10,10,100,1,0.5,0.0,0.0,100,100,0.1,0.5,0.2,3,1,genHalfAndHalf,1,10,17,125045,Config_126,4,"sub(sub(DonorInMemory, add(DonorInMemory, DonorAction)), add(DonorAction, -1))",1 - 2*DonorAction,Strict Ledger (TFT Base),272.0,248.46,211.33,215.33,252.94,
2026-05-04_03-46,Local_VSCode,DR2_Config_126_R5,Direct Reciprocity Mode 2 (Memory Ledger Search),5,1,10,10,10,100,1,0.5,0.0,0.0,100,100,0.1,0.5,0.2,3,1,genHalfAndHalf,1,10,17,125046,Config_126,5,"sub(DonorInMemory, add(mul(DonorInMemory, DonorInMemory), add(DonorAction, -1)))",-DonorAction - DonorInMemory**2 + DonorInMemory + 1,Strict Ledger (TFT Base),274.23,247.57,220.0,205.5,251.98,
2026-05-04_03-49,Local_VSCode,DR2_Config_127_R1,Direct Reciprocity Mode 2 (Memory Ledger Search),5,1,10,10,10,100,1,0.5,0.0,0.0,100,100,0.5,0.5,0.2,3,1,genHalfAndHalf,1,3,17,126042,Config_127,1,"sub(mul(add(DonorAction, add(-1, 10)), mul(-1, DonorAction)), -10)",-DonorAction*(DonorAction + 9) + 10,Strict Ledger (TFT Base),273.2,232.52,217.33,210.0,253.78,
2026-05-04_03-51,Local_VSCode,DR2_Config_127_R2,Direct Reciprocity Mode 2 (Memory Ledger Search),5,1,10,10,10,100,1,0.5,0.0,0.0,100,100,0.5,0.5,0.2,3,1,genHalfAndHalf,1,3,17,126043,Config_127,2,"mul(add(-1, DonorAction), -1)",1 - DonorAction,Strict Ledger (TFT Base),271.43,241.97,215.0,213.17,248.3,
2026-05-04_03-53,Local_VSCode,DR2_Config_127_R3,Direct Reciprocity Mode 2 (Memory Ledger Search),5,1,10,10,10,100,1,0.5,0.0,0.0,100,100,0.5,0.5,0.2,3,1,genHalfAndHalf,1,3,17,126044,Config_127,3,"sub(10, mul(mul(10, 10), DonorAction))",10 - 100*DonorAction,Strict Ledger (TFT Base),272.43,246.19,217.17,213.33,245.4,
2026-05-04_03-55,Local_VSCode,DR2_Config_127_R4,Direct Reciprocity Mode 2 (Memory Ledger Search),5,1,10,10,10,100,1,0.5,0.0,0.0,100,100,0.5,0.5,0.2,3,1,genHalfAndHalf,1,3,17,126045,Config_127,4,"mul(add(add(DonorAction, -1), DonorAction), -1)",1 - 2*DonorAction,Strict Ledger (TFT Base),270.37,248.32,221.33,211.5,253.2,
2026-05-04_03-58,Local_VSCode,DR2_Config_127_R5,Direct Reciprocity Mode 2 (Memory Ledger Search),5,1,10,10,10,100,1,0.5,0.0,0.0,100,100,0.5,0.5,0.2,3,1,genHalfAndHalf,1,3,17,126046,Config_127,5,"sub(sub(0, add(DonorAction, -1)), sub(DonorAction, DonorAction))",1 - DonorAction,Strict Ledger (TFT Base),273.03,239.71,218.17,209.33,255.7,
2026-05-04_04-00,Local_VSCode,DR2_Config_128_R1,Direct Reciprocity Mode 2 (Memory Ledger Search),5,1,10,10,10,100,1,0.5,0.0,0.0,100,100,0.5,0.5,0.2,3,1,genHalfAndHalf,1,10,17,127042,Config_128,1,"sub(DonorInMemory, add(mul(DonorAction, DonorAction), -1))",-DonorAction**2 + DonorInMemory + 1,"Novel Rule: (True, False, True, True)",269.5,237.58,231.5,202.33,242.68,
2026-05-04_04-02,Local_VSCode,DR2_Config_128_R2,Direct Reciprocity Mode 2 (Memory Ledger Search),5,1,10,10,10,100,1,0.5,0.0,0.0,100,100,0.5,0.5,0.2,3,1,genHalfAndHalf,1,10,17,127043,Config_128,2,"add(sub(mul(-1, DonorAction), -10), mul(DonorAction, -10))",10 - 11*DonorAction,Strict Ledger (TFT Base),268.2,234.29,217.67,209.33,253.96,
2026-05-04_04-05,Local_VSCode,DR2_Config_128_R3,Direct Reciprocity Mode 2 (Memory Ledger Search),5,1,10,10,10,100,1,0.5,0.0,0.0,100,100,0.5,0.5,0.2,3,1,genHalfAndHalf,1,10,17,127044,Config_128,3,"sub(1, add(DonorAction, DonorAction))",1 - 2*DonorAction,Strict Ledger (TFT Base),272.57,242.35,221.83,213.33,248.94,
2026-05-04_04-07,Local_VSCode,DR2_Config_128_R4,Direct Reciprocity Mode 2 (Memory Ledger Search),5,1,10,10,10,100,1,0.5,0.0,0.0,100,100,0.5,0.5,0.2,3,1,genHalfAndHalf,1,10,17,127045,Config_128,4,"sub(1, DonorAction)",1 - DonorAction,Strict Ledger (TFT Base),271.47,245.11,219.67,209.67,254.12,
2026-05-04_04-09,Local_VSCode,DR2_Config_128_R5,Direct Reciprocity Mode 2 (Memory Ledger Search),5,1,10,10,10,100,1,0.5,0.0,0.0,100,100,0.5,0.5,0.2,3,1,genHalfAndHalf,1,10,17,127046,Config_128,5,"add(1, sub(sub(1, DonorAction), DonorAction))",2 - 2*DonorAction,Strict Ledger (TFT Base),270.3,246.28,214.33,212.83,248.9,
